date,year,month,day,day_of_week,day_name,is_weekend,is_extended_weekend,tithi_num,tithi_name,is_ekadashi,is_pournami,is_amavasya,is_purattasi_season,is_purattasi_saturday,is_karthika_masam,is_major_festival,festival_name,is_eclipse_day,is_exam_season,is_summer_vacation,is_public_holiday,holiday_count,holiday_names,pilgrim_count,compartments_filled,sarva_darshan_wait_hours,sed_wait_hours,divya_darshan_wait_hours,hundi_crores,tonsures,laddus_distributed,rush_level
2018-01-01,2018,1,1,0,Monday,0,1,15,Pournami (Full Moon),0,1,0,0,0,0,1,English New Year,0,0,0,1,1,New Year's Day,98000,31,36.0,7.3,19.8,4.66,39200,431200,PEAK
2018-01-02,2018,1,2,1,Tuesday,0,0,16,Pratipada (Krishna),0,0,0,0,0,0,0,None,0,0,0,0,0,None,86636,31,24.6,5.7,13.5,4.45,34654,381198,PEAK
2018-01-03,2018,1,3,2,Wednesday,0,0,17,Dwitiya (Krishna),0,0,0,0,0,0,0,None,0,0,0,0,0,None,53959,6,6.1,1.9,3.5,3.83,21583,237419,LOW
2018-01-04,2018,1,4,3,Thursday,0,0,18,Tritiya (Krishna),0,0,0,0,0,0,0,None,0,0,0,0,0,None,48000,2,4.0,1.5,3.5,3.71,19200,211200,LOW
2018-01-05,2018,1,5,4,Friday,0,0,19,Chaturthi (Krishna),0,0,0,0,0,0,0,None,0,0,0,0,0,None,63274,13,9.9,2.6,5.4,4.0,25309,278405,MODERATE
2018-01-06,2018,1,6,5,Saturday,1,0,20,Panchami (Krishna),0,0,0,0,0,0,0,None,0,0,0,0,0,None,72287,20,14.2,3.5,7.8,4.17,28914,318062,MODERATE
2018-01-07,2018,1,7,6,Sunday,1,0,21,Shasthi (Krishna),0,0,0,0,0,0,0,None,0,0,0,0,0,None,69617,18,12.9,3.3,7.1,4.12,27846,306314,MODERATE
2018-01-08,2018,1,8,0,Monday,0,0,22,Saptami (Krishna),0,0,0,0,0,0,0,None,0,0,0,0,0,None,51171,4,5.1,1.7,3.5,3.77,20468,225152,LOW
2018-01-09,2018,1,9,1,Tuesday,0,0,23,Ashtami (Krishna),0,0,0,0,0,0,0,None,0,0,0,0,0,None,48000,2,4.0,1.5,3.5,3.71,19200,211200,LOW
2018-01-10,2018,1,10,2,Wednesday,0,0,24,Navami (Krishna),0,0,0,0,0,0,0,None,0,0,0,0,0,None,58101,10,7.5,2.2,4.1,3.9,23240,255644,LOW
2018-01-11,2018,1,11,3,Thursday,0,0,25,Dashami (Krishna),0,0,0,0,0,0,0,None,0,0,0,0,0,None,61757,12,9.2,2.5,5.1,3.97,24702,271730,LOW
2018-01-12,2018,1,12,4,Friday,0,0,26,Ekadashi (Krishna),1,0,0,0,0,0,0,None,0,0,0,0,0,None,87502,31,25.5,5.8,14.0,4.46,35000,385008,PEAK
2018-01-13,2018,1,13,5,Saturday,1,1,27,Dwadashi (Krishna),0,0,0,0,0,0,0,None,0,0,0,0,0,None,98000,31,36.0,7.3,19.8,4.66,39200,431200,PEAK
2018-01-14,2018,1,14,6,Sunday,1,1,28,Trayodashi (Krishna),0,0,0,0,0,0,0,None,0,0,0,1,1,Makara Sankranti / Pongal,98000,31,36.0,7.3,19.8,4.66,39200,431200,PEAK
2018-01-15,2018,1,15,0,Monday,0,1,29,Chaturdashi (Krishna),0,0,0,0,0,0,0,None,0,0,0,1,1,Kanuma / Thiruvalluvar Day,98000,31,36.0,7.3,19.8,4.66,39200,431200,PEAK
2018-01-16,2018,1,16,1,Tuesday,0,0,30,Amavasya (New Moon),0,0,1,0,0,0,0,None,0,0,0,1,1,Mukkanuma / Uzhavar Thirunal,98000,31,36.0,7.3,19.8,4.66,39200,431200,PEAK
2018-01-17,2018,1,17,2,Wednesday,0,0,1,Pratipada (Shukla),0,0,0,0,0,0,0,None,0,0,0,0,0,None,96120,31,34.1,7.0,18.8,4.63,38448,422928,PEAK
2018-01-18,2018,1,18,3,Thursday,0,0,2,Dwitiya (Shukla),0,0,0,0,0,0,0,None,0,0,0,0,0,None,81500,27,20.3,4.9,11.2,4.35,32600,358600,HIGH
2018-01-19,2018,1,19,4,Friday,0,0,3,Tritiya (Shukla),0,0,0,0,0,0,0,None,0,0,0,0,0,None,82053,28,20.7,5.0,11.4,4.36,32821,361033,HIGH
2018-01-20,2018,1,20,5,Saturday,1,0,4,Chaturthi (Shukla),0,0,0,0,0,0,0,None,0,0,0,0,0,None,71219,19,13.6,3.4,7.5,4.15,28487,313363,MODERATE
2018-01-21,2018,1,21,6,Sunday,1,0,5,Panchami (Shukla),0,0,0,0,0,0,0,None,0,0,0,0,0,None,69151,17,12.7,3.2,7.0,4.11,27660,304264,MODERATE
2018-01-22,2018,1,22,0,Monday,0,0,6,Shasthi (Shukla),0,0,0,0,0,0,0,None,0,0,0,0,0,None,53758,6,6.0,1.9,3.5,3.82,21503,236535,LOW
2018-01-23,2018,1,23,1,Tuesday,0,0,7,Saptami (Shukla),0,0,0,0,0,0,0,None,0,0,0,0,0,None,48000,2,4.0,1.5,3.5,3.71,19200,211200,LOW
2018-01-24,2018,1,24,2,Wednesday,0,0,8,Ashtami (Shukla),0,0,0,0,0,0,0,None,0,0,0,0,0,None,48000,2,4.0,1.5,3.5,3.71,19200,211200,LOW
2018-01-25,2018,1,25,3,Thursday,0,0,9,Navami (Shukla),0,0,0,0,0,0,0,None,0,0,0,0,0,None,50377,3,4.8,1.7,3.5,3.76,20150,221658,LOW
2018-01-26,2018,1,26,4,Friday,0,1,10,Dashami (Shukla),0,0,0,0,0,0,0,None,0,0,0,1,1,Republic Day,90430,31,28.4,6.3,15.6,4.52,36172,397892,PEAK
2018-01-27,2018,1,27,5,Saturday,1,1,11,Ekadashi (Shukla),1,0,0,0,0,0,0,None,0,0,0,0,0,None,96283,31,34.3,7.1,18.9,4.63,38513,423645,PEAK
2018-01-28,2018,1,28,6,Sunday,1,1,12,Dwadashi (Shukla),0,0,0,0,0,0,0,None,0,0,0,0,0,None,89699,31,27.7,6.2,15.2,4.5,35879,394675,PEAK
2018-01-29,2018,1,29,0,Monday,0,0,13,Trayodashi (Shukla),0,0,0,0,0,0,0,None,0,0,0,0,0,None,66490,16,11.4,2.9,6.3,4.06,26596,292556,MODERATE
2018-01-30,2018,1,30,1,Tuesday,0,0,14,Chaturdashi (Shukla),0,0,0,0,0,0,0,None,0,0,0,0,0,None,48000,2,4.0,1.5,3.5,3.71,19200,211200,LOW
2018-01-31,2018,1,31,2,Wednesday,0,0,15,Pournami (Full Moon),0,1,0,0,0,0,0,None,0,0,0,0,0,None,56145,8,6.9,2.0,3.8,3.87,22458,247038,LOW
2018-02-01,2018,2,1,3,Thursday,0,0,16,Pratipada (Krishna),0,0,0,0,0,0,0,None,0,0,0,0,0,None,49493,3,4.5,1.6,3.5,3.74,19797,217769,LOW
2018-02-02,2018,2,2,4,Friday,0,0,17,Dwitiya (Krishna),0,0,0,0,0,0,0,None,0,0,0,0,0,None,62279,13,9.5,2.5,5.2,3.98,24911,274027,MODERATE
2018-02-03,2018,2,3,5,Saturday,1,0,18,Tritiya (Krishna),0,0,0,0,0,0,0,None,0,0,0,0,0,None,73977,21,15.3,3.7,8.4,4.21,29590,325498,HIGH
2018-02-04,2018,2,4,6,Sunday,1,0,19,Chaturthi (Krishna),0,0,0,0,0,0,0,None,0,0,0,0,0,None,66844,16,11.6,3.0,6.4,4.07,26737,294113,MODERATE
2018-02-05,2018,2,5,0,Monday,0,0,20,Panchami (Krishna),0,0,0,0,0,0,0,None,0,0,0,0,0,None,53140,6,5.8,1.8,3.5,3.81,21256,233816,LOW
2018-02-06,2018,2,6,1,Tuesday,0,0,21,Shasthi (Krishna),0,0,0,0,0,0,0,None,0,0,0,0,0,None,48772,2,4.3,1.6,3.5,3.73,19508,214596,LOW
2018-02-07,2018,2,7,2,Wednesday,0,0,22,Saptami (Krishna),0,0,0,0,0,0,0,None,0,0,0,0,0,None,48000,2,4.0,1.5,3.5,3.71,19200,211200,LOW
2018-02-08,2018,2,8,3,Thursday,0,0,23,Ashtami (Krishna),0,0,0,0,0,0,0,None,0,0,0,0,0,None,50006,3,4.7,1.6,3.5,3.75,20002,220026,LOW
2018-02-09,2018,2,9,4,Friday,0,0,24,Navami (Krishna),0,0,0,0,0,0,0,None,0,0,0,0,0,None,62484,13,9.6,2.5,5.3,3.99,24993,274929,MODERATE
2018-02-10,2018,2,10,5,Saturday,1,0,25,Dashami (Krishna),0,0,0,0,0,0,0,None,0,0,0,0,0,None,72446,20,14.3,3.5,7.9,4.18,28978,318762,MODERATE
2018-02-11,2018,2,11,6,Sunday,1,0,26,Ekadashi (Krishna),1,0,0,0,0,0,0,None,0,0,0,0,0,None,78056,25,18.0,4.3,9.9,4.28,31222,343446,HIGH
2018-02-12,2018,2,12,0,Monday,0,0,27,Dwadashi (Krishna),0,0,0,0,0,0,0,None,0,0,0,0,0,None,51768,5,5.3,1.8,3.5,3.78,20707,227779,LOW
2018-02-13,2018,2,13,1,Tuesday,0,0,28,Trayodashi (Krishna),0,0,0,0,0,0,0,None,0,0,0,0,0,None,48000,2,4.0,1.5,3.5,3.71,19200,211200,LOW
2018-02-14,2018,2,14,2,Wednesday,0,0,29,Chaturdashi (Krishna),0,0,0,0,0,0,0,None,0,0,0,0,0,None,48000,2,4.0,1.5,3.5,3.71,19200,211200,LOW
2018-02-15,2018,2,15,3,Thursday,0,0,30,Amavasya (New Moon),0,0,1,0,0,0,0,None,0,1,0,0,0,None,48000,2,4.0,1.5,3.5,3.71,19200,211200,LOW
2018-02-16,2018,2,16,4,Friday,0,0,1,Pratipada (Shukla),0,0,0,0,0,0,0,None,0,1,0,0,0,None,48000,2,4.0,1.5,3.5,3.71,19200,211200,LOW
2018-02-17,2018,2,17,5,Saturday,1,0,2,Dwitiya (Shukla),0,0,0,0,0,0,0,None,0,1,0,0,0,None,54610,7,6.3,1.9,3.5,3.84,21844,240284,LOW
2018-02-18,2018,2,18,6,Sunday,1,0,3,Tritiya (Shukla),0,0,0,0,0,0,0,None,0,1,0,0,0,None,53221,6,5.8,1.8,3.5,3.81,21288,234172,LOW
2018-02-19,2018,2,19,0,Monday,0,0,4,Chaturthi (Shukla),0,0,0,0,0,0,0,None,0,1,0,0,0,None,48000,2,4.0,1.5,3.5,3.71,19200,211200,LOW
2018-02-20,2018,2,20,1,Tuesday,0,0,5,Panchami (Shukla),0,0,0,0,0,0,0,None,0,1,0,0,0,None,48000,2,4.0,1.5,3.5,3.71,19200,211200,LOW
2018-02-21,2018,2,21,2,Wednesday,0,0,6,Shasthi (Shukla),0,0,0,0,0,0,0,None,0,1,0,0,0,None,48000,2,4.0,1.5,3.5,3.71,19200,211200,LOW
2018-02-22,2018,2,22,3,Thursday,0,0,7,Saptami (Shukla),0,0,0,0,0,0,0,None,0,1,0,0,0,None,48000,2,4.0,1.5,3.5,3.71,19200,211200,LOW
2018-02-23,2018,2,23,4,Friday,0,0,9,Navami (Shukla),0,0,0,0,0,0,0,None,0,1,0,0,0,None,50130,3,4.7,1.6,3.5,3.75,20052,220572,LOW
2018-02-24,2018,2,24,5,Saturday,1,0,10,Dashami (Shukla),0,0,0,0,0,0,0,None,0,1,0,0,0,None,56256,8,6.9,2.1,3.8,3.87,22502,247526,LOW
2018-02-25,2018,2,25,6,Sunday,1,0,11,Ekadashi (Shukla),1,0,0,0,0,0,0,None,0,1,0,0,0,None,63731,14,10.2,2.7,5.6,4.01,25492,280416,MODERATE
2018-02-26,2018,2,26,0,Monday,0,0,12,Dwadashi (Shukla),0,0,0,0,0,0,0,None,0,1,0,0,0,None,48000,2,4.0,1.5,3.5,3.71,19200,211200,LOW
2018-02-27,2018,2,27,1,Tuesday,0,0,13,Trayodashi (Shukla),0,0,0,0,0,0,0,None,0,1,0,0,0,None,48000,2,4.0,1.5,3.5,3.71,19200,211200,LOW
2018-02-28,2018,2,28,2,Wednesday,0,0,14,Chaturdashi (Shukla),0,0,0,0,0,0,0,None,0,1,0,0,0,None,48000,2,4.0,1.5,3.5,3.71,19200,211200,LOW
2018-03-01,2018,3,1,3,Thursday,0,0,15,Pournami (Full Moon),0,1,0,0,0,0,0,None,0,1,0,0,0,None,48000,2,4.0,1.5,3.5,3.71,19200,211200,LOW
2018-03-02,2018,3,2,4,Friday,0,0,16,Pratipada (Krishna),0,0,0,0,0,0,0,None,0,1,0,0,0,None,50334,3,4.8,1.7,3.5,3.76,20133,221469,LOW
2018-03-03,2018,3,3,5,Saturday,1,0,17,Dwitiya (Krishna),0,0,0,0,0,0,0,None,0,1,0,0,0,None,56221,8,6.9,2.0,3.8,3.87,22488,247372,LOW
2018-03-04,2018,3,4,6,Sunday,1,0,18,Tritiya (Krishna),0,0,0,0,0,0,0,None,0,1,0,0,0,None,52889,5,5.7,1.8,3.5,3.8,21155,232711,LOW
2018-03-05,2018,3,5,0,Monday,0,0,19,Chaturthi (Krishna),0,0,0,0,0,0,0,None,0,1,0,0,0,None,48000,2,4.0,1.5,3.5,3.71,19200,211200,LOW
2018-03-06,2018,3,6,1,Tuesday,0,0,20,Panchami (Krishna),0,0,0,0,0,0,0,None,0,1,0,0,0,None,48000,2,4.0,1.5,3.5,3.71,19200,211200,LOW
2018-03-07,2018,3,7,2,Wednesday,0,0,21,Shasthi (Krishna),0,0,0,0,0,0,0,None,0,1,0,0,0,None,48000,2,4.0,1.5,3.5,3.71,19200,211200,LOW
2018-03-08,2018,3,8,3,Thursday,0,0,22,Saptami (Krishna),0,0,0,0,0,0,0,None,0,1,0,0,0,None,48000,2,4.0,1.5,3.5,3.71,19200,211200,LOW
2018-03-09,2018,3,9,4,Friday,0,0,23,Ashtami (Krishna),0,0,0,0,0,0,0,None,0,1,0,0,0,None,48000,2,4.0,1.5,3.5,3.71,19200,211200,LOW
2018-03-10,2018,3,10,5,Saturday,1,0,24,Navami (Krishna),0,0,0,0,0,0,0,None,0,1,0,0,0,None,54777,7,6.4,2.0,3.5,3.84,21910,241018,LOW
2018-03-11,2018,3,11,6,Sunday,1,0,25,Dashami (Krishna),0,0,0,0,0,0,0,None,0,1,0,0,0,None,51671,4,5.3,1.7,3.5,3.78,20668,227352,LOW
2018-03-12,2018,3,12,0,Monday,0,0,26,Ekadashi (Krishna),1,0,0,0,0,0,0,None,0,1,0,0,0,None,48387,2,4.1,1.5,3.5,3.72,19354,212902,LOW
2018-03-13,2018,3,13,1,Tuesday,0,0,27,Dwadashi (Krishna),0,0,0,0,0,0,0,None,0,1,0,0,0,None,48000,2,4.0,1.5,3.5,3.71,19200,211200,LOW
2018-03-14,2018,3,14,2,Wednesday,0,0,28,Trayodashi (Krishna),0,0,0,0,0,0,0,None,0,1,0,0,0,None,48000,2,4.0,1.5,3.5,3.71,19200,211200,LOW
2018-03-15,2018,3,15,3,Thursday,0,0,29,Chaturdashi (Krishna),0,0,0,0,0,0,0,None,0,1,0,0,0,None,48000,2,4.0,1.5,3.5,3.71,19200,211200,LOW
2018-03-16,2018,3,16,4,Friday,0,0,30,Amavasya (New Moon),0,0,1,0,0,0,0,None,0,1,0,0,0,None,49040,2,4.4,1.6,3.5,3.73,19616,215776,LOW
2018-03-17,2018,3,17,5,Saturday,1,0,1,Pratipada (Shukla),0,0,0,0,0,0,0,None,0,1,0,0,0,None,55134,7,6.5,2.0,3.6,3.85,22053,242589,LOW
2018-03-18,2018,3,18,6,Sunday,1,0,2,Dwitiya (Shukla),0,0,0,0,0,0,0,None,0,1,0,0,0,None,54396,7,6.2,1.9,3.5,3.83,21758,239342,LOW
2018-03-19,2018,3,19,0,Monday,0,0,3,Tritiya (Shukla),0,0,0,0,0,0,0,None,0,1,0,0,0,None,48000,2,4.0,1.5,3.5,3.71,19200,211200,LOW
2018-03-20,2018,3,20,1,Tuesday,0,0,4,Chaturthi (Shukla),0,0,0,0,0,0,0,None,0,1,0,0,0,None,48000,2,4.0,1.5,3.5,3.71,19200,211200,LOW
2018-03-21,2018,3,21,2,Wednesday,0,0,5,Panchami (Shukla),0,0,0,0,0,0,0,None,0,1,0,0,0,None,48000,2,4.0,1.5,3.5,3.71,19200,211200,LOW
2018-03-22,2018,3,22,3,Thursday,0,0,6,Shasthi (Shukla),0,0,0,0,0,0,0,None,0,1,0,0,0,None,48000,2,4.0,1.5,3.5,3.71,19200,211200,LOW
2018-03-23,2018,3,23,4,Friday,0,0,7,Saptami (Shukla),0,0,0,0,0,0,0,None,0,1,0,0,0,None,48000,2,4.0,1.5,3.5,3.71,19200,211200,LOW
2018-03-24,2018,3,24,5,Saturday,1,0,8,Ashtami (Shukla),0,0,0,0,0,0,0,None,0,1,0,0,0,None,55974,8,6.8,2.0,3.7,3.86,22389,246285,LOW
2018-03-25,2018,3,25,6,Sunday,1,0,9,Navami (Shukla),0,0,0,0,0,0,0,None,0,1,0,0,0,None,54325,7,6.2,1.9,3.5,3.83,21730,239030,LOW
2018-03-26,2018,3,26,0,Monday,0,0,10,Dashami (Shukla),0,0,0,0,0,0,0,None,0,1,0,0,0,None,48000,2,4.0,1.5,3.5,3.71,19200,211200,LOW
2018-03-27,2018,3,27,1,Tuesday,0,0,11,Ekadashi (Shukla),1,0,0,0,0,0,0,None,0,1,0,0,0,None,48000,2,4.0,1.5,3.5,3.71,19200,211200,LOW
2018-03-28,2018,3,28,2,Wednesday,0,0,12,Dwadashi (Shukla),0,0,0,0,0,0,0,None,0,1,0,0,0,None,48000,2,4.0,1.5,3.5,3.71,19200,211200,LOW
2018-03-29,2018,3,29,3,Thursday,0,0,13,Trayodashi (Shukla),0,0,0,0,0,0,0,None,0,1,0,0,0,None,48000,2,4.0,1.5,3.5,3.71,19200,211200,LOW
2018-03-30,2018,3,30,4,Friday,0,0,14,Chaturdashi (Shukla),0,0,0,0,0,0,0,None,0,1,0,0,0,None,48000,2,4.0,1.5,3.5,3.71,19200,211200,LOW
2018-03-31,2018,3,31,5,Saturday,1,0,15,Pournami (Full Moon),0,1,0,0,0,0,0,None,0,1,0,0,0,None,63229,13,9.9,2.6,5.4,4.0,25291,278207,MODERATE
2018-04-01,2018,4,1,6,Sunday,1,0,16,Pratipada (Krishna),0,0,0,0,0,0,0,None,0,1,0,0,0,None,51005,4,5.1,1.7,3.5,3.77,20402,224422,LOW
2018-04-02,2018,4,2,0,Monday,0,0,17,Dwitiya (Krishna),0,0,0,0,0,0,0,None,0,1,0,0,0,None,48000,2,4.0,1.5,3.5,3.71,19200,211200,LOW
2018-04-03,2018,4,3,1,Tuesday,0,0,18,Tritiya (Krishna),0,0,0,0,0,0,0,None,0,1,0,0,0,None,48000,2,4.0,1.5,3.5,3.71,19200,211200,LOW
2018-04-04,2018,4,4,2,Wednesday,0,0,19,Chaturthi (Krishna),0,0,0,0,0,0,0,None,0,1,0,0,0,None,48000,2,4.0,1.5,3.5,3.71,19200,211200,LOW
2018-04-05,2018,4,5,3,Thursday,0,0,20,Panchami (Krishna),0,0,0,0,0,0,0,None,0,1,0,0,0,None,48000,2,4.0,1.5,3.5,3.71,19200,211200,LOW
2018-04-06,2018,4,6,4,Friday,0,0,21,Shasthi (Krishna),0,0,0,0,0,0,0,None,0,1,0,0,0,None,48000,2,4.0,1.5,3.5,3.71,19200,211200,LOW
2018-04-07,2018,4,7,5,Saturday,1,0,22,Saptami (Krishna),0,0,0,0,0,0,0,None,0,1,0,0,0,None,57805,9,7.4,2.2,4.1,3.9,23122,254342,LOW
2018-04-08,2018,4,8,6,Sunday,1,0,23,Ashtami (Krishna),0,0,0,0,0,0,0,None,0,1,0,0,0,None,52772,5,5.7,1.8,3.5,3.8,21108,232196,LOW
2018-04-09,2018,4,9,0,Monday,0,0,24,Navami (Krishna),0,0,0,0,0,0,0,None,0,1,0,0,0,None,48000,2,4.0,1.5,3.5,3.71,19200,211200,LOW
2018-04-10,2018,4,10,1,Tuesday,0,0,25,Dashami (Krishna),0,0,0,0,0,0,0,None,0,1,0,0,0,None,48000,2,4.0,1.5,3.5,3.71,19200,211200,LOW
2018-04-11,2018,4,11,2,Wednesday,0,0,26,Ekadashi (Krishna),1,0,0,0,0,0,0,None,0,0,0,0,0,None,53550,6,5.9,1.9,3.5,3.82,21420,235620,LOW
2018-04-12,2018,4,12,3,Thursday,0,0,27,Dwadashi (Krishna),0,0,0,0,0,0,0,None,0,0,0,0,0,None,49458,3,4.5,1.6,3.5,3.74,19783,217615,LOW
2018-04-13,2018,4,13,4,Friday,0,0,28,Trayodashi (Krishna),0,0,0,0,0,0,0,None,0,0,0,0,0,None,63002,13,9.8,2.6,5.4,4.0,25200,277208,MODERATE
2018-04-14,2018,4,14,5,Saturday,1,0,29,Chaturdashi (Krishna),0,0,0,0,0,0,0,None,0,0,0,1,1,Dr. B.R. Ambedkar Jayanti / Tamil New Year,87320,31,25.3,5.8,13.9,4.46,34928,384208,PEAK
2018-04-15,2018,4,15,6,Sunday,1,0,30,Amavasya (New Moon),0,0,1,0,0,0,0,None,0,0,1,0,0,None,88267,31,26.3,6.0,14.5,4.48,35306,388374,PEAK
2018-04-16,2018,4,16,0,Monday,0,0,1,Pratipada (Shukla),0,0,0,0,0,0,0,None,0,0,1,0,0,None,81058,27,20.0,4.8,11.0,4.34,32423,356655,HIGH
2018-04-17,2018,4,17,1,Tuesday,0,0,2,Dwitiya (Shukla),0,0,0,0,0,0,0,None,0,0,1,0,0,None,63697,14,10.1,2.7,5.6,4.01,25478,280266,MODERATE
2018-04-18,2018,4,18,2,Wednesday,0,0,3,Tritiya (Shukla),0,0,0,0,0,0,0,None,0,0,1,0,0,None,62366,13,9.5,2.5,5.2,3.98,24946,274410,MODERATE
2018-04-19,2018,4,19,3,Thursday,0,0,4,Chaturthi (Shukla),0,0,0,0,0,0,0,None,0,0,1,0,0,None,65367,15,10.9,2.8,6.0,4.04,26146,287614,MODERATE
2018-04-20,2018,4,20,4,Friday,0,0,5,Panchami (Shukla),0,0,0,0,0,0,0,None,0,0,1,0,0,None,82985,29,21.3,5.2,11.7,4.38,33194,365134,HIGH
2018-04-21,2018,4,21,5,Saturday,1,0,6,Shasthi (Shukla),0,0,0,0,0,0,0,None,0,0,1,0,0,None,90246,31,28.2,6.2,15.5,4.51,36098,397082,PEAK
2018-04-22,2018,4,22,6,Sunday,1,0,7,Saptami (Shukla),0,0,0,0,0,0,0,None,0,0,1,0,0,None,89865,31,27.9,6.2,15.3,4.51,35946,395406,PEAK
2018-04-23,2018,4,23,0,Monday,0,0,8,Ashtami (Shukla),0,0,0,0,0,0,0,None,0,0,1,0,0,None,81576,27,20.4,4.9,11.2,4.35,32630,358934,HIGH
2018-04-24,2018,4,24,1,Tuesday,0,0,9,Navami (Shukla),0,0,0,0,0,0,0,None,0,0,1,0,0,None,64674,14,10.6,2.8,5.8,4.03,25869,284565,MODERATE
2018-04-25,2018,4,25,2,Wednesday,0,0,10,Dashami (Shukla),0,0,0,0,0,0,0,None,0,0,1,0,0,None,64763,14,10.6,2.8,5.8,4.03,25905,284957,MODERATE
2018-04-26,2018,4,26,3,Thursday,0,0,11,Ekadashi (Shukla),1,0,0,0,0,0,0,None,0,0,1,0,0,None,80369,26,19.6,4.7,10.8,4.33,32147,353623,HIGH
2018-04-27,2018,4,27,4,Friday,0,0,13,Trayodashi (Shukla),0,0,0,0,0,0,0,None,0,0,1,0,0,None,81320,27,20.2,4.9,11.1,4.35,32528,357808,HIGH
2018-04-28,2018,4,28,5,Saturday,1,0,14,Chaturdashi (Shukla),0,0,0,0,0,0,0,None,0,0,1,0,0,None,88510,31,26.5,6.0,14.6,4.48,35404,389444,PEAK
2018-04-29,2018,4,29,6,Sunday,1,0,15,Pournami (Full Moon),0,1,0,0,0,0,0,None,0,0,1,0,0,None,97489,31,35.5,7.2,19.5,4.65,38995,428951,PEAK
2018-04-30,2018,4,30,0,Monday,0,0,16,Pratipada (Krishna),0,0,0,0,0,0,0,None,0,0,1,0,0,None,84875,31,22.9,5.5,12.6,4.41,33950,373450,PEAK
2018-05-01,2018,5,1,1,Tuesday,0,0,17,Dwitiya (Krishna),0,0,0,0,0,0,0,None,0,0,1,1,1,May Day / Labour Day,86472,31,24.5,5.7,13.5,4.44,34588,380476,PEAK
2018-05-02,2018,5,2,2,Wednesday,0,0,18,Tritiya (Krishna),0,0,0,0,0,0,0,None,0,0,1,0,0,None,71045,19,13.6,3.4,7.5,4.15,28418,312598,MODERATE
2018-05-03,2018,5,3,3,Thursday,0,0,19,Chaturthi (Krishna),0,0,0,0,0,0,0,None,0,0,1,0,0,None,67072,16,11.7,3.0,6.4,4.07,26828,295116,MODERATE
2018-05-04,2018,5,4,4,Friday,0,0,20,Panchami (Krishna),0,0,0,0,0,0,0,None,0,0,1,0,0,None,81707,28,20.5,4.9,11.3,4.35,32682,359510,HIGH
2018-05-05,2018,5,5,5,Saturday,1,0,21,Shasthi (Krishna),0,0,0,0,0,0,0,None,0,0,1,0,0,None,86511,31,24.5,5.7,13.5,4.44,34604,380648,PEAK
2018-05-06,2018,5,6,6,Sunday,1,0,22,Saptami (Krishna),0,0,0,0,0,0,0,None,0,0,1,0,0,None,88010,31,26.0,5.9,14.3,4.47,35204,387244,PEAK
2018-05-07,2018,5,7,0,Monday,0,0,23,Ashtami (Krishna),0,0,0,0,0,0,0,None,0,0,1,0,0,None,78731,25,18.5,4.4,10.2,4.3,31492,346416,HIGH
2018-05-08,2018,5,8,1,Tuesday,0,0,24,Navami (Krishna),0,0,0,0,0,0,0,None,0,0,1,0,0,None,66354,15,11.4,2.9,6.3,4.06,26541,291957,MODERATE
2018-05-09,2018,5,9,2,Wednesday,0,0,25,Dashami (Krishna),0,0,0,0,0,0,0,None,0,0,1,0,0,None,64593,14,10.6,2.8,5.8,4.03,25837,284209,MODERATE
2018-05-10,2018,5,10,3,Thursday,0,0,26,Ekadashi (Krishna),1,0,0,0,0,0,0,None,0,0,1,0,0,None,80259,26,19.5,4.7,10.7,4.32,32103,353139,HIGH
2018-05-11,2018,5,11,4,Friday,0,0,27,Dwadashi (Krishna),0,0,0,0,0,0,0,None,0,0,1,0,0,None,81287,27,20.2,4.9,11.1,4.34,32514,357662,HIGH
2018-05-12,2018,5,12,5,Saturday,1,0,28,Trayodashi (Krishna),0,0,0,0,0,0,0,None,0,0,1,0,0,None,86479,31,24.5,5.7,13.5,4.44,34591,380507,PEAK
2018-05-13,2018,5,13,6,Sunday,1,0,29,Chaturdashi (Krishna),0,0,0,0,0,0,0,None,0,0,1,0,0,None,89810,31,27.8,6.2,15.3,4.51,35924,395164,PEAK
2018-05-14,2018,5,14,0,Monday,0,0,30,Amavasya (New Moon),0,0,1,0,0,0,0,None,0,0,1,0,0,None,82693,28,21.1,5.1,11.6,4.37,33077,363849,HIGH
2018-05-15,2018,5,15,1,Tuesday,0,0,1,Pratipada (Shukla),0,0,0,0,0,0,0,None,0,0,1,0,0,None,65562,15,11.0,2.9,6.1,4.05,26224,288472,MODERATE
2018-05-16,2018,5,16,2,Wednesday,0,0,2,Dwitiya (Shukla),0,0,0,0,0,0,0,None,0,0,1,0,0,None,62623,13,9.6,2.6,5.3,3.99,25049,275541,MODERATE
2018-05-17,2018,5,17,3,Thursday,0,0,3,Tritiya (Shukla),0,0,0,0,0,0,0,None,0,0,1,0,0,None,63348,13,10.0,2.6,5.5,4.0,25339,278731,MODERATE
2018-05-18,2018,5,18,4,Friday,0,0,4,Chaturthi (Shukla),0,0,0,0,0,0,0,None,0,0,1,0,0,None,82402,28,20.9,5.1,11.5,4.37,32960,362568,HIGH
2018-05-19,2018,5,19,5,Saturday,1,0,5,Panchami (Shukla),0,0,0,0,0,0,0,None,0,0,1,0,0,None,89544,31,27.5,6.1,15.1,4.5,35817,393993,PEAK
2018-05-20,2018,5,20,6,Sunday,1,0,6,Shasthi (Shukla),0,0,0,0,0,0,0,None,0,0,1,0,0,None,89036,31,27.0,6.1,14.9,4.49,35614,391758,PEAK
2018-05-21,2018,5,21,0,Monday,0,0,7,Saptami (Shukla),0,0,0,0,0,0,0,None,0,0,1,0,0,None,81055,27,20.0,4.8,11.0,4.34,32422,356642,HIGH
2018-05-22,2018,5,22,1,Tuesday,0,0,8,Ashtami (Shukla),0,0,0,0,0,0,0,None,0,0,1,0,0,None,65941,15,11.2,2.9,6.2,4.05,26376,290140,MODERATE
2018-05-23,2018,5,23,2,Wednesday,0,0,9,Navami (Shukla),0,0,0,0,0,0,0,None,0,0,1,0,0,None,61515,12,9.1,2.5,5.0,3.97,24606,270666,LOW
2018-05-24,2018,5,24,3,Thursday,0,0,10,Dashami (Shukla),0,0,0,0,0,0,0,None,0,0,1,0,0,None,67564,16,11.9,3.1,6.5,4.08,27025,297281,MODERATE
2018-05-25,2018,5,25,4,Friday,0,0,11,Ekadashi (Shukla),1,0,0,0,0,0,0,None,0,0,1,0,0,None,88882,31,26.9,6.0,14.8,4.49,35552,391080,PEAK
2018-05-26,2018,5,26,5,Saturday,1,0,12,Dwadashi (Shukla),0,0,0,0,0,0,0,None,0,0,1,0,0,None,91189,31,29.2,6.4,16.1,4.53,36475,401231,PEAK
2018-05-27,2018,5,27,6,Sunday,1,0,13,Trayodashi (Shukla),0,0,0,0,0,0,0,None,0,0,1,0,0,None,91289,31,29.3,6.4,16.1,4.53,36515,401671,PEAK
2018-05-28,2018,5,28,0,Monday,0,0,14,Chaturdashi (Shukla),0,0,0,0,0,0,0,None,0,0,1,0,0,None,82949,29,21.3,5.2,11.7,4.38,33179,364975,HIGH
2018-05-29,2018,5,29,1,Tuesday,0,0,15,Pournami (Full Moon),0,1,0,0,0,0,0,None,0,0,1,0,0,None,77739,24,17.8,4.3,9.8,4.28,31095,342051,HIGH
2018-05-30,2018,5,30,2,Wednesday,0,0,16,Pratipada (Krishna),0,0,0,0,0,0,0,None,0,0,1,0,0,None,61749,12,9.2,2.5,5.1,3.97,24699,271695,LOW
2018-05-31,2018,5,31,3,Thursday,0,0,17,Dwitiya (Krishna),0,0,0,0,0,0,0,None,0,0,1,0,0,None,68208,17,12.2,3.1,6.7,4.1,27283,300115,MODERATE
2018-06-01,2018,6,1,4,Friday,0,0,18,Tritiya (Krishna),0,0,0,0,0,0,0,None,0,0,1,0,0,None,82068,28,20.7,5.0,11.4,4.36,32827,361099,HIGH
2018-06-02,2018,6,2,5,Saturday,1,0,19,Chaturthi (Krishna),0,0,0,0,0,0,0,None,0,0,1,0,0,None,88225,31,26.2,5.9,14.4,4.48,35290,388190,PEAK
2018-06-03,2018,6,3,6,Sunday,1,0,20,Panchami (Krishna),0,0,0,0,0,0,0,None,0,0,1,0,0,None,89588,31,27.6,6.1,15.2,4.5,35835,394187,PEAK
2018-06-04,2018,6,4,0,Monday,0,0,21,Shasthi (Krishna),0,0,0,0,0,0,0,None,0,0,1,0,0,None,80447,27,19.6,4.7,10.8,4.33,32178,353966,HIGH
2018-06-05,2018,6,5,1,Tuesday,0,0,22,Saptami (Krishna),0,0,0,0,0,0,0,None,0,0,1,0,0,None,63530,13,10.1,2.7,5.6,4.01,25412,279532,MODERATE
2018-06-06,2018,6,6,2,Wednesday,0,0,23,Ashtami (Krishna),0,0,0,0,0,0,0,None,0,0,1,0,0,None,61881,12,9.3,2.5,5.1,3.98,24752,272276,LOW
2018-06-07,2018,6,7,3,Thursday,0,0,24,Navami (Krishna),0,0,0,0,0,0,0,None,0,0,1,0,0,None,66073,15,11.2,2.9,6.2,4.06,26429,290721,MODERATE
2018-06-08,2018,6,8,4,Friday,0,0,25,Dashami (Krishna),0,0,0,0,0,0,0,None,0,0,1,0,0,None,80801,27,19.9,4.8,10.9,4.34,32320,355524,HIGH
2018-06-09,2018,6,9,5,Saturday,1,0,26,Ekadashi (Krishna),1,0,0,0,0,0,0,None,0,0,1,0,0,None,95240,31,33.2,6.9,18.3,4.61,38096,419056,PEAK
2018-06-10,2018,6,10,6,Sunday,1,0,27,Dwadashi (Krishna),0,0,0,0,0,0,0,None,0,0,1,0,0,None,91980,31,30.0,6.5,16.5,4.55,36792,404712,PEAK
2018-06-11,2018,6,11,0,Monday,0,0,28,Trayodashi (Krishna),0,0,0,0,0,0,0,None,0,0,0,0,0,None,68363,17,12.3,3.1,6.8,4.1,27345,300797,MODERATE
2018-06-12,2018,6,12,1,Tuesday,0,0,29,Chaturdashi (Krishna),0,0,0,0,0,0,0,None,0,0,0,0,0,None,48000,2,4.0,1.5,3.5,3.71,19200,211200,LOW
2018-06-13,2018,6,13,2,Wednesday,0,0,30,Amavasya (New Moon),0,0,1,0,0,0,0,None,0,0,0,0,0,None,48000,2,4.0,1.5,3.5,3.71,19200,211200,LOW
2018-06-14,2018,6,14,3,Thursday,0,0,1,Pratipada (Shukla),0,0,0,0,0,0,0,None,0,0,0,0,0,None,49998,3,4.7,1.6,3.5,3.75,19999,219991,LOW
2018-06-15,2018,6,15,4,Friday,0,0,2,Dwitiya (Shukla),0,0,0,0,0,0,0,None,0,0,0,0,0,None,59968,11,8.4,2.3,4.6,3.94,23987,263859,LOW
2018-06-16,2018,6,16,5,Saturday,1,0,3,Tritiya (Shukla),0,0,0,0,0,0,0,None,0,0,0,0,0,None,69785,18,13.0,3.3,7.2,4.13,27914,307054,MODERATE
2018-06-17,2018,6,17,6,Sunday,1,0,4,Chaturthi (Shukla),0,0,0,0,0,0,0,None,0,0,0,0,0,None,68412,17,12.3,3.1,6.8,4.1,27364,301012,MODERATE
2018-06-18,2018,6,18,0,Monday,0,0,5,Panchami (Shukla),0,0,0,0,0,0,0,None,0,0,0,0,0,None,51710,4,5.3,1.7,3.5,3.78,20684,227524,LOW
2018-06-19,2018,6,19,1,Tuesday,0,0,6,Shasthi (Shukla),0,0,0,0,0,0,0,None,0,0,0,0,0,None,48000,2,4.0,1.5,3.5,3.71,19200,211200,LOW
2018-06-20,2018,6,20,2,Wednesday,0,0,7,Saptami (Shukla),0,0,0,0,0,0,0,None,0,0,0,0,0,None,48058,2,4.0,1.5,3.5,3.71,19223,211455,LOW
2018-06-21,2018,6,21,3,Thursday,0,0,8,Ashtami (Shukla),0,0,0,0,0,0,0,None,0,0,0,0,0,None,48876,2,4.3,1.6,3.5,3.73,19550,215054,LOW
2018-06-22,2018,6,22,4,Friday,0,0,9,Navami (Shukla),0,0,0,0,0,0,0,None,0,0,0,0,0,None,61964,12,9.3,2.5,5.1,3.98,24785,272641,LOW
2018-06-23,2018,6,23,5,Saturday,1,0,10,Dashami (Shukla),0,0,0,0,0,0,0,None,0,0,0,0,0,None,72903,20,14.6,3.6,8.0,4.19,29161,320773,MODERATE
2018-06-24,2018,6,24,6,Sunday,1,0,11,Ekadashi (Shukla),1,0,0,0,0,0,0,None,0,0,0,0,0,None,81236,27,20.2,4.9,11.1,4.34,32494,357438,HIGH
2018-06-25,2018,6,25,0,Monday,0,0,12,Dwadashi (Shukla),0,0,0,0,0,0,0,None,0,0,0,0,0,None,53365,6,5.9,1.9,3.5,3.81,21346,234806,LOW
2018-06-26,2018,6,26,1,Tuesday,0,0,13,Trayodashi (Shukla),0,0,0,0,0,0,0,None,0,0,0,0,0,None,48000,2,4.0,1.5,3.5,3.71,19200,211200,LOW
2018-06-27,2018,6,27,2,Wednesday,0,0,14,Chaturdashi (Shukla),0,0,0,0,0,0,0,None,0,0,0,0,0,None,48000,2,4.0,1.5,3.5,3.71,19200,211200,LOW
2018-06-28,2018,6,28,3,Thursday,0,0,16,Pratipada (Krishna),0,0,0,0,0,0,0,None,0,0,0,0,0,None,48302,2,4.1,1.5,3.5,3.72,19320,212528,LOW
2018-06-29,2018,6,29,4,Friday,0,0,17,Dwitiya (Krishna),0,0,0,0,0,0,0,None,0,0,0,0,0,None,61936,12,9.3,2.5,5.1,3.98,24774,272518,LOW
2018-06-30,2018,6,30,5,Saturday,1,0,18,Tritiya (Krishna),0,0,0,0,0,0,0,None,0,0,0,0,0,None,72586,20,14.4,3.6,7.9,4.18,29034,319378,MODERATE
2018-07-01,2018,7,1,6,Sunday,1,0,19,Chaturthi (Krishna),0,0,0,0,0,0,0,None,0,0,0,0,0,None,68436,17,12.3,3.1,6.8,4.1,27374,301118,MODERATE
2018-07-02,2018,7,2,0,Monday,0,0,20,Panchami (Krishna),0,0,0,0,0,0,0,None,0,0,0,0,0,None,54969,7,6.4,2.0,3.5,3.84,21987,241863,LOW
2018-07-03,2018,7,3,1,Tuesday,0,0,21,Shasthi (Krishna),0,0,0,0,0,0,0,None,0,0,0,0,0,None,48000,2,4.0,1.5,3.5,3.71,19200,211200,LOW
2018-07-04,2018,7,4,2,Wednesday,0,0,22,Saptami (Krishna),0,0,0,0,0,0,0,None,0,0,0,0,0,None,48000,2,4.0,1.5,3.5,3.71,19200,211200,LOW
2018-07-05,2018,7,5,3,Thursday,0,0,23,Ashtami (Krishna),0,0,0,0,0,0,0,None,0,0,0,0,0,None,48000,2,4.0,1.5,3.5,3.71,19200,211200,LOW
2018-07-06,2018,7,6,4,Friday,0,0,24,Navami (Krishna),0,0,0,0,0,0,0,None,0,0,0,0,0,None,63896,14,10.2,2.7,5.6,4.01,25558,281142,MODERATE
2018-07-07,2018,7,7,5,Saturday,1,0,25,Dashami (Krishna),0,0,0,0,0,0,0,None,0,0,0,0,0,None,69846,18,13.0,3.3,7.2,4.13,27938,307322,MODERATE
2018-07-08,2018,7,8,6,Sunday,1,0,26,Ekadashi (Krishna),1,0,0,0,0,0,0,None,0,0,0,0,0,None,78992,25,18.7,4.5,10.3,4.3,31596,347564,HIGH
2018-07-09,2018,7,9,0,Monday,0,0,27,Dwadashi (Krishna),0,0,0,0,0,0,0,None,0,0,0,0,0,None,52702,5,5.6,1.8,3.5,3.8,21080,231888,LOW
2018-07-10,2018,7,10,1,Tuesday,0,0,28,Trayodashi (Krishna),0,0,0,0,0,0,0,None,0,0,0,0,0,None,48000,2,4.0,1.5,3.5,3.71,19200,211200,LOW
2018-07-11,2018,7,11,2,Wednesday,0,0,29,Chaturdashi (Krishna),0,0,0,0,0,0,0,None,0,0,0,0,0,None,48000,2,4.0,1.5,3.5,3.71,19200,211200,LOW
2018-07-12,2018,7,12,3,Thursday,0,0,30,Amavasya (New Moon),0,0,1,0,0,0,0,None,0,0,0,0,0,None,48000,2,4.0,1.5,3.5,3.71,19200,211200,LOW
2018-07-13,2018,7,13,4,Friday,0,0,1,Pratipada (Shukla),0,0,0,0,0,0,0,None,0,0,0,0,0,None,64202,14,10.4,2.7,5.7,4.02,25680,282488,MODERATE
2018-07-14,2018,7,14,5,Saturday,1,0,2,Dwitiya (Shukla),0,0,0,0,0,0,0,None,0,0,0,0,0,None,70955,19,13.5,3.4,7.4,4.15,28382,312202,MODERATE
2018-07-15,2018,7,15,6,Sunday,1,0,3,Tritiya (Shukla),0,0,0,0,0,0,0,None,0,0,0,0,0,None,69451,18,12.8,3.2,7.0,4.12,27780,305584,MODERATE
2018-07-16,2018,7,16,0,Monday,0,0,4,Chaturthi (Shukla),0,0,0,0,0,0,0,None,0,0,0,0,0,None,53133,6,5.8,1.8,3.5,3.81,21253,233785,LOW
2018-07-17,2018,7,17,1,Tuesday,0,0,5,Panchami (Shukla),0,0,0,0,0,0,0,None,0,0,0,0,0,None,48000,2,4.0,1.5,3.5,3.71,19200,211200,LOW
2018-07-18,2018,7,18,2,Wednesday,0,0,6,Shasthi (Shukla),0,0,0,0,0,0,0,None,0,0,0,0,0,None,48294,2,4.1,1.5,3.5,3.72,19317,212493,LOW
2018-07-19,2018,7,19,3,Thursday,0,0,7,Saptami (Shukla),0,0,0,0,0,0,0,None,0,0,0,0,0,None,49906,3,4.7,1.6,3.5,3.75,19962,219586,LOW
2018-07-20,2018,7,20,4,Friday,0,0,8,Ashtami (Shukla),0,0,0,0,0,0,0,None,0,0,0,0,0,None,64429,14,10.5,2.7,5.8,4.02,25771,283487,MODERATE
2018-07-21,2018,7,21,5,Saturday,1,0,9,Navami (Shukla),0,0,0,0,0,0,0,None,0,0,0,0,0,None,73711,21,15.1,3.7,8.3,4.2,29484,324328,HIGH
2018-07-22,2018,7,22,6,Sunday,1,0,10,Dashami (Shukla),0,0,0,0,0,0,0,None,0,0,0,0,0,None,69382,18,12.8,3.2,7.0,4.12,27752,305280,MODERATE
2018-07-23,2018,7,23,0,Monday,0,0,11,Ekadashi (Shukla),1,0,0,0,0,0,0,None,0,0,0,0,0,None,61808,12,9.3,2.5,5.1,3.97,24723,271955,LOW
2018-07-24,2018,7,24,1,Tuesday,0,0,12,Dwadashi (Shukla),0,0,0,0,0,0,0,None,0,0,0,0,0,None,48000,2,4.0,1.5,3.5,3.71,19200,211200,LOW
2018-07-25,2018,7,25,2,Wednesday,0,0,13,Trayodashi (Shukla),0,0,0,0,0,0,0,None,0,0,0,0,0,None,48000,2,4.0,1.5,3.5,3.71,19200,211200,LOW
2018-07-26,2018,7,26,3,Thursday,0,0,14,Chaturdashi (Shukla),0,0,0,0,0,0,0,None,0,0,0,0,0,None,48215,2,4.1,1.5,3.5,3.72,19286,212146,LOW
2018-07-27,2018,7,27,4,Friday,0,0,15,Pournami (Full Moon),0,1,0,0,0,0,0,None,0,0,0,0,0,None,70690,19,13.4,3.4,7.4,4.14,28276,311036,MODERATE
2018-07-28,2018,7,28,5,Saturday,1,0,16,Pratipada (Krishna),0,0,0,0,0,0,0,None,0,0,0,0,0,None,70589,18,13.3,3.4,7.3,4.14,28235,310591,MODERATE
2018-07-29,2018,7,29,6,Sunday,1,0,17,Dwitiya (Krishna),0,0,0,0,0,0,0,None,0,0,0,0,0,None,70120,18,13.1,3.3,7.2,4.13,28048,308528,MODERATE
2018-07-30,2018,7,30,0,Monday,0,0,18,Tritiya (Krishna),0,0,0,0,0,0,0,None,0,0,0,0,0,None,51925,5,5.4,1.8,3.5,3.79,20770,228470,LOW
2018-07-31,2018,7,31,1,Tuesday,0,0,19,Chaturthi (Krishna),0,0,0,0,0,0,0,None,0,0,0,0,0,None,48599,2,4.2,1.5,3.5,3.72,19439,213835,LOW
2018-08-01,2018,8,1,2,Wednesday,0,0,20,Panchami (Krishna),0,0,0,0,0,0,0,None,0,0,0,0,0,None,48000,2,4.0,1.5,3.5,3.71,19200,211200,LOW
2018-08-02,2018,8,2,3,Thursday,0,0,21,Shasthi (Krishna),0,0,0,0,0,0,0,None,0,0,0,0,0,None,48300,2,4.1,1.5,3.5,3.72,19320,212520,LOW
2018-08-03,2018,8,3,4,Friday,0,0,22,Saptami (Krishna),0,0,0,0,0,0,0,None,0,0,0,0,0,None,64371,14,10.5,2.7,5.8,4.02,25748,283232,MODERATE
2018-08-04,2018,8,4,5,Saturday,1,0,23,Ashtami (Krishna),0,0,0,0,0,0,0,None,0,0,0,0,0,None,74105,21,15.4,3.7,8.5,4.21,29642,326062,HIGH
2018-08-05,2018,8,5,6,Sunday,1,0,24,Navami (Krishna),0,0,0,0,0,0,0,None,0,0,0,0,0,None,67801,17,12.1,3.1,6.7,4.09,27120,298324,MODERATE
2018-08-06,2018,8,6,0,Monday,0,0,25,Dashami (Krishna),0,0,0,0,0,0,0,None,0,0,0,0,0,None,53844,6,6.0,1.9,3.5,3.82,21537,236913,LOW
2018-08-07,2018,8,7,1,Tuesday,0,0,26,Ekadashi (Krishna),1,0,0,0,0,0,0,None,0,0,0,0,0,None,55449,7,6.6,2.0,3.6,3.85,22179,243975,LOW
2018-08-08,2018,8,8,2,Wednesday,0,0,27,Dwadashi (Krishna),0,0,0,0,0,0,0,None,0,0,0,0,0,None,48000,2,4.0,1.5,3.5,3.71,19200,211200,LOW
2018-08-09,2018,8,9,3,Thursday,0,0,28,Trayodashi (Krishna),0,0,0,0,0,0,0,None,0,0,0,0,0,None,50422,3,4.8,1.7,3.5,3.76,20168,221856,LOW
2018-08-10,2018,8,10,4,Friday,0,0,29,Chaturdashi (Krishna),0,0,0,0,0,0,0,None,0,0,0,0,0,None,62493,13,9.6,2.5,5.3,3.99,24997,274969,MODERATE
2018-08-11,2018,8,11,5,Saturday,1,0,30,Amavasya (New Moon),0,0,1,0,0,0,0,None,0,0,0,0,0,None,71520,19,13.8,3.5,7.6,4.16,28608,314688,MODERATE
2018-08-12,2018,8,12,6,Sunday,1,0,1,Pratipada (Shukla),0,0,0,0,0,0,0,None,0,0,0,0,0,None,68839,17,12.5,3.2,6.9,4.11,27535,302891,MODERATE
2018-08-13,2018,8,13,0,Monday,0,0,2,Dwitiya (Shukla),0,0,0,0,0,0,0,None,0,0,0,0,0,None,51045,4,5.1,1.7,3.5,3.77,20418,224598,LOW
2018-08-14,2018,8,14,1,Tuesday,0,0,3,Tritiya (Shukla),0,0,0,0,0,0,0,None,0,0,0,0,0,None,48000,2,4.0,1.5,3.5,3.71,19200,211200,LOW
2018-08-15,2018,8,15,2,Wednesday,0,0,4,Chaturthi (Shukla),0,0,0,0,0,0,0,None,0,0,0,1,1,Independence Day,62708,13,9.7,2.6,5.3,3.99,25083,275915,MODERATE
2018-08-16,2018,8,16,3,Thursday,0,0,5,Panchami (Shukla),0,0,0,0,0,0,0,None,0,0,0,0,0,None,49971,3,4.7,1.6,3.5,3.75,19988,219872,LOW
2018-08-17,2018,8,17,4,Friday,0,0,6,Shasthi (Shukla),0,0,0,0,0,0,0,None,0,0,0,0,0,None,60398,11,8.6,2.3,4.7,3.95,24159,265751,LOW
2018-08-18,2018,8,18,5,Saturday,1,0,7,Saptami (Shukla),0,0,0,0,0,0,0,None,0,0,0,0,0,None,73907,21,15.3,3.7,8.4,4.2,29562,325190,HIGH
2018-08-19,2018,8,19,6,Sunday,1,0,8,Ashtami (Shukla),0,0,0,0,0,0,0,None,0,0,0,0,0,None,65232,15,10.9,2.8,6.0,4.04,26092,287020,MODERATE
2018-08-20,2018,8,20,0,Monday,0,0,9,Navami (Shukla),0,0,0,0,0,0,0,None,0,0,0,0,0,None,51589,4,5.3,1.7,3.5,3.78,20635,226991,LOW
2018-08-21,2018,8,21,1,Tuesday,0,0,10,Dashami (Shukla),0,0,0,0,0,0,0,None,0,0,0,0,0,None,48000,2,4.0,1.5,3.5,3.71,19200,211200,LOW
2018-08-22,2018,8,22,2,Wednesday,0,0,11,Ekadashi (Shukla),1,0,0,0,0,0,0,None,0,0,0,0,0,None,56509,8,7.0,2.1,3.9,3.87,22603,248639,LOW
2018-08-23,2018,8,23,3,Thursday,0,0,12,Dwadashi (Shukla),0,0,0,0,0,0,0,None,0,0,0,0,0,None,48000,2,4.0,1.5,3.5,3.71,19200,211200,LOW
2018-08-24,2018,8,24,4,Friday,0,0,13,Trayodashi (Shukla),0,0,0,0,0,0,0,None,0,0,0,0,0,None,60211,11,8.5,2.3,4.7,3.94,24084,264928,LOW
2018-08-25,2018,8,25,5,Saturday,1,0,14,Chaturdashi (Shukla),0,0,0,0,0,0,0,None,0,0,0,0,0,None,73505,21,15.0,3.7,8.2,4.2,29402,323422,HIGH
2018-08-26,2018,8,26,6,Sunday,1,0,15,Pournami (Full Moon),0,1,0,0,0,0,0,None,0,0,0,0,0,None,78032,25,18.0,4.3,9.9,4.28,31212,343340,HIGH
2018-08-27,2018,8,27,0,Monday,0,0,16,Pratipada (Krishna),0,0,0,0,0,0,0,None,0,0,0,0,0,None,53320,6,5.9,1.9,3.5,3.81,21328,234608,LOW
2018-08-28,2018,8,28,1,Tuesday,0,0,17,Dwitiya (Krishna),0,0,0,0,0,0,0,None,0,0,0,0,0,None,48000,2,4.0,1.5,3.5,3.71,19200,211200,LOW
2018-08-29,2018,8,29,2,Wednesday,0,0,18,Tritiya (Krishna),0,0,0,0,0,0,0,None,0,0,0,0,0,None,48000,2,4.0,1.5,3.5,3.71,19200,211200,LOW
2018-08-30,2018,8,30,3,Thursday,0,0,20,Panchami (Krishna),0,0,0,0,0,0,0,None,0,0,0,0,0,None,48925,2,4.3,1.6,3.5,3.73,19570,215270,LOW
2018-08-31,2018,8,31,4,Friday,0,0,21,Shasthi (Krishna),0,0,0,0,0,0,0,None,0,0,0,0,0,None,62213,13,9.5,2.5,5.2,3.98,24885,273737,MODERATE
2018-09-01,2018,9,1,5,Saturday,1,0,22,Saptami (Krishna),0,0,0,0,0,0,0,None,0,0,0,0,0,None,73758,21,15.2,3.7,8.4,4.2,29503,324535,HIGH
2018-09-02,2018,9,2,6,Sunday,1,0,23,Ashtami (Krishna),0,0,0,0,0,0,0,None,0,0,0,0,0,None,65902,15,11.2,2.9,6.2,4.05,26360,289968,MODERATE
2018-09-03,2018,9,3,0,Monday,0,0,24,Navami (Krishna),0,0,0,0,0,0,0,None,0,0,0,0,0,None,53835,6,6.0,1.9,3.5,3.82,21534,236874,LOW
2018-09-04,2018,9,4,1,Tuesday,0,0,25,Dashami (Krishna),0,0,0,0,0,0,0,None,0,0,0,0,0,None,48000,2,4.0,1.5,3.5,3.71,19200,211200,LOW
2018-09-05,2018,9,5,2,Wednesday,0,0,26,Ekadashi (Krishna),1,0,0,0,0,0,0,None,0,0,0,0,0,None,55263,7,6.5,2.0,3.6,3.85,22105,243157,LOW
2018-09-06,2018,9,6,3,Thursday,0,0,27,Dwadashi (Krishna),0,0,0,0,0,0,0,None,0,0,0,0,0,None,49267,3,4.4,1.6,3.5,3.74,19706,216774,LOW
2018-09-07,2018,9,7,4,Friday,0,0,28,Trayodashi (Krishna),0,0,0,0,0,0,0,None,0,0,0,0,0,None,61106,12,8.9,2.4,4.9,3.96,24442,268866,LOW
2018-09-08,2018,9,8,5,Saturday,1,0,29,Chaturdashi (Krishna),0,0,0,0,0,0,0,None,0,0,0,0,0,None,70231,18,13.2,3.3,7.3,4.13,28092,309016,MODERATE
2018-09-09,2018,9,9,6,Sunday,1,0,30,Amavasya (New Moon),0,0,1,0,0,0,0,None,0,0,0,0,0,None,68860,17,12.5,3.2,6.9,4.11,27544,302984,MODERATE
2018-09-10,2018,9,10,0,Monday,0,0,1,Pratipada (Shukla),0,0,0,0,0,0,0,None,0,0,0,0,0,None,51110,4,5.1,1.7,3.5,3.77,20444,224884,LOW
2018-09-11,2018,9,11,1,Tuesday,0,0,2,Dwitiya (Shukla),0,0,0,0,0,0,0,None,0,0,0,0,0,None,48000,2,4.0,1.5,3.5,3.71,19200,211200,LOW
2018-09-12,2018,9,12,2,Wednesday,0,0,3,Tritiya (Shukla),0,0,0,0,0,0,0,None,0,0,0,0,0,None,48291,2,4.1,1.5,3.5,3.72,19316,212480,LOW
2018-09-13,2018,9,13,3,Thursday,0,0,4,Chaturthi (Shukla),0,0,0,0,0,0,0,None,0,0,0,0,0,None,50528,4,4.9,1.7,3.5,3.76,20211,222323,LOW
2018-09-14,2018,9,14,4,Friday,0,0,5,Panchami (Shukla),0,0,0,0,0,0,0,None,0,0,0,0,0,None,59979,11,8.4,2.3,4.6,3.94,23991,263907,LOW
2018-09-15,2018,9,15,5,Saturday,1,0,6,Shasthi (Shukla),0,0,0,0,0,0,0,None,0,0,0,0,0,None,69644,18,12.9,3.3,7.1,4.12,27857,306433,MODERATE
2018-09-16,2018,9,16,6,Sunday,1,0,7,Saptami (Shukla),0,0,0,0,0,0,0,None,0,0,0,0,0,None,66232,15,11.3,2.9,6.2,4.06,26492,291420,MODERATE
2018-09-17,2018,9,17,0,Monday,0,0,8,Ashtami (Shukla),0,0,0,1,0,0,0,None,0,0,0,0,0,None,54754,7,6.4,2.0,3.5,3.84,21901,240917,LOW
2018-09-18,2018,9,18,1,Tuesday,0,0,9,Navami (Shukla),0,0,0,1,0,0,0,None,0,0,0,0,0,None,48967,2,4.3,1.6,3.5,3.73,19586,215454,LOW
2018-09-19,2018,9,19,2,Wednesday,0,0,10,Dashami (Shukla),0,0,0,1,0,0,0,None,0,0,0,0,0,None,48000,2,4.0,1.5,3.5,3.71,19200,211200,LOW
2018-09-20,2018,9,20,3,Thursday,0,0,11,Ekadashi (Shukla),1,0,0,1,0,0,0,None,0,0,0,0,0,None,57711,9,7.4,2.1,4.1,3.9,23084,253928,LOW
2018-09-21,2018,9,21,4,Friday,0,0,12,Dwadashi (Shukla),0,0,0,1,0,0,0,None,0,0,0,0,0,None,69459,18,12.8,3.2,7.0,4.12,27783,305619,MODERATE
2018-09-22,2018,9,22,5,Saturday,1,0,13,Trayodashi (Shukla),0,0,0,1,1,0,0,None,0,0,0,0,0,None,88348,31,26.3,6.0,14.5,4.48,35339,388731,PEAK
2018-09-23,2018,9,23,6,Sunday,1,0,14,Chaturdashi (Shukla),0,0,0,1,0,0,0,None,0,0,0,0,0,None,84092,31,22.1,5.3,12.2,4.4,33636,370004,PEAK
2018-09-24,2018,9,24,0,Monday,0,0,15,Pournami (Full Moon),0,1,0,1,0,0,0,None,0,0,0,0,0,None,68248,17,12.3,3.1,6.8,4.1,27299,300291,MODERATE
2018-09-25,2018,9,25,1,Tuesday,0,0,16,Pratipada (Krishna),0,0,0,1,0,0,0,None,0,0,0,0,0,None,49372,3,4.5,1.6,3.5,3.74,19748,217236,LOW
2018-09-26,2018,9,26,2,Wednesday,0,0,17,Dwitiya (Krishna),0,0,0,1,0,0,0,None,0,0,0,0,0,None,48000,2,4.0,1.5,3.5,3.71,19200,211200,LOW
2018-09-27,2018,9,27,3,Thursday,0,0,18,Tritiya (Krishna),0,0,0,1,0,0,0,None,0,0,0,0,0,None,48000,2,4.0,1.5,3.5,3.71,19200,211200,LOW
2018-09-28,2018,9,28,4,Friday,0,0,19,Chaturthi (Krishna),0,0,0,1,0,0,0,None,0,0,0,0,0,None,73226,21,14.8,3.6,8.1,4.19,29290,322194,HIGH
2018-09-29,2018,9,29,5,Saturday,1,0,20,Panchami (Krishna),0,0,0,1,1,0,0,None,0,0,0,0,0,None,86497,31,24.5,5.7,13.5,4.44,34598,380586,PEAK
2018-09-30,2018,9,30,6,Sunday,1,0,21,Shasthi (Krishna),0,0,0,1,0,0,0,None,0,0,0,0,0,None,82961,29,21.3,5.2,11.7,4.38,33184,365028,HIGH
2018-10-01,2018,10,1,0,Monday,0,0,22,Saptami (Krishna),0,0,0,1,0,0,0,None,0,0,0,0,0,None,72336,20,14.2,3.5,7.8,4.17,28934,318278,MODERATE
2018-10-02,2018,10,2,1,Tuesday,0,0,23,Ashtami (Krishna),0,0,0,1,0,0,0,None,0,0,0,1,1,Gandhi Jayanti,77843,24,17.9,4.3,9.8,4.28,31137,342509,HIGH
2018-10-03,2018,10,3,2,Wednesday,0,0,24,Navami (Krishna),0,0,0,1,0,0,0,None,0,0,0,0,0,None,56264,8,6.9,2.1,3.8,3.87,22505,247561,LOW
2018-10-04,2018,10,4,3,Thursday,0,0,25,Dashami (Krishna),0,0,0,1,0,0,0,None,0,0,0,0,0,None,58840,10,7.9,2.2,4.3,3.92,23536,258896,LOW
2018-10-05,2018,10,5,4,Friday,0,0,26,Ekadashi (Krishna),1,0,0,1,0,0,0,None,0,0,0,0,0,None,92300,31,30.3,6.5,16.7,4.55,36920,406120,PEAK
2018-10-06,2018,10,6,5,Saturday,1,0,27,Dwadashi (Krishna),0,0,0,1,1,0,0,None,0,0,0,0,0,None,98000,31,36.0,7.3,19.8,4.66,39200,431200,PEAK
2018-10-07,2018,10,7,6,Sunday,1,0,28,Trayodashi (Krishna),0,0,0,1,0,0,0,None,0,0,0,0,0,None,98000,31,36.0,7.3,19.8,4.66,39200,431200,PEAK
2018-10-08,2018,10,8,0,Monday,0,0,29,Chaturdashi (Krishna),0,0,0,1,0,0,0,None,0,0,0,0,0,None,90022,31,28.0,6.2,15.4,4.51,36008,396096,PEAK
2018-10-09,2018,10,9,1,Tuesday,0,0,30,Amavasya (New Moon),0,0,1,1,0,0,0,None,0,0,0,0,0,None,70486,18,13.3,3.3,7.3,4.14,28194,310138,MODERATE
2018-10-10,2018,10,10,2,Wednesday,0,0,1,Pratipada (Shukla),0,0,0,1,0,0,0,None,0,0,0,0,0,None,58673,10,7.8,2.2,4.3,3.91,23469,258161,LOW
2018-10-11,2018,10,11,3,Thursday,0,0,2,Dwitiya (Shukla),0,0,0,1,0,0,0,None,0,0,0,0,0,None,59602,11,8.2,2.3,4.5,3.93,23840,262248,LOW
2018-10-12,2018,10,12,4,Friday,0,0,3,Tritiya (Shukla),0,0,0,1,0,0,0,None,0,0,0,0,0,None,84024,31,22.0,5.3,12.1,4.4,33609,369705,PEAK
2018-10-13,2018,10,13,5,Saturday,1,0,4,Chaturthi (Shukla),0,0,0,1,1,0,0,None,0,0,0,0,0,None,98000,31,36.0,7.3,19.8,4.66,39200,431200,PEAK
2018-10-14,2018,10,14,6,Sunday,1,0,5,Panchami (Shukla),0,0,0,1,0,0,0,None,0,0,0,0,0,None,98000,31,36.0,7.3,19.8,4.66,39200,431200,PEAK
2018-10-15,2018,10,15,0,Monday,0,0,6,Shasthi (Shukla),0,0,0,1,0,0,0,None,0,0,0,0,0,None,87565,31,25.6,5.9,14.1,4.46,35026,385286,PEAK
2018-10-16,2018,10,16,1,Tuesday,0,0,7,Saptami (Shukla),0,0,0,1,0,0,0,None,0,0,0,0,0,None,68527,17,12.4,3.2,6.8,4.1,27410,301518,MODERATE
2018-10-17,2018,10,17,2,Wednesday,0,0,8,Ashtami (Shukla),0,0,0,1,0,0,0,None,0,0,0,0,0,None,57012,9,7.2,2.1,4.0,3.88,22804,250852,LOW
2018-10-18,2018,10,18,3,Thursday,0,0,9,Navami (Shukla),0,0,0,0,0,0,0,None,0,0,0,0,0,None,58337,10,7.7,2.2,4.2,3.91,23334,256682,LOW
2018-10-19,2018,10,19,4,Friday,0,0,10,Dashami (Shukla),0,0,0,0,0,0,0,None,0,0,0,0,0,None,63446,13,10.0,2.6,5.5,4.01,25378,279162,MODERATE
2018-10-20,2018,10,20,5,Saturday,1,0,11,Ekadashi (Shukla),1,0,0,0,0,0,0,None,0,0,0,0,0,None,82803,29,21.2,5.1,11.7,4.37,33121,364333,HIGH
2018-10-21,2018,10,21,6,Sunday,1,0,12,Dwadashi (Shukla),0,0,0,0,0,0,0,None,0,0,0,0,0,None,69885,18,13.0,3.3,7.2,4.13,27954,307494,MODERATE
2018-10-22,2018,10,22,0,Monday,0,0,13,Trayodashi (Shukla),0,0,0,0,0,0,0,None,0,0,0,0,0,None,53941,6,6.1,1.9,3.5,3.82,21576,237340,LOW
2018-10-23,2018,10,23,1,Tuesday,0,0,14,Chaturdashi (Shukla),0,0,0,0,0,0,0,None,0,0,0,0,0,None,48000,2,4.0,1.5,3.5,3.71,19200,211200,LOW
2018-10-24,2018,10,24,2,Wednesday,0,0,15,Pournami (Full Moon),0,1,0,0,0,0,0,None,0,0,0,0,0,None,54482,7,6.3,1.9,3.5,3.84,21792,239720,LOW
2018-10-25,2018,10,25,3,Thursday,0,0,16,Pratipada (Krishna),0,0,0,0,0,0,0,None,0,0,0,0,0,None,48000,2,4.0,1.5,3.5,3.71,19200,211200,LOW
2018-10-26,2018,10,26,4,Friday,0,0,17,Dwitiya (Krishna),0,0,0,0,0,0,0,None,0,0,0,0,0,None,59989,11,8.4,2.3,4.6,3.94,23995,263951,LOW
2018-10-27,2018,10,27,5,Saturday,1,0,18,Tritiya (Krishna),0,0,0,0,0,0,0,None,0,0,0,0,0,None,73464,21,15.0,3.6,8.2,4.2,29385,323241,HIGH
2018-10-28,2018,10,28,6,Sunday,1,0,19,Chaturthi (Krishna),0,0,0,0,0,0,0,None,0,0,0,0,0,None,69681,18,12.9,3.3,7.1,4.12,27872,306596,MODERATE
2018-10-29,2018,10,29,0,Monday,0,0,20,Panchami (Krishna),0,0,0,0,0,0,0,None,0,0,0,0,0,None,53113,6,5.8,1.8,3.5,3.81,21245,233697,LOW
2018-10-30,2018,10,30,1,Tuesday,0,0,21,Shasthi (Krishna),0,0,0,0,0,0,0,None,0,0,0,0,0,None,48791,2,4.3,1.6,3.5,3.73,19516,214680,LOW
2018-10-31,2018,10,31,2,Wednesday,0,0,22,Saptami (Krishna),0,0,0,0,0,0,0,None,0,0,0,0,0,None,48000,2,4.0,1.5,3.5,3.71,19200,211200,LOW
2018-11-01,2018,11,1,3,Thursday,0,0,24,Navami (Krishna),0,0,0,0,0,0,0,None,0,0,0,1,1,Kannada Rajyotsava / AP Formation Day,55733,8,6.7,2.0,3.7,3.86,22293,245225,LOW
2018-11-02,2018,11,2,4,Friday,0,0,25,Dashami (Krishna),0,0,0,0,0,0,0,None,0,0,0,0,0,None,60249,11,8.5,2.3,4.7,3.94,24099,265095,LOW
2018-11-03,2018,11,3,5,Saturday,1,0,26,Ekadashi (Krishna),1,0,0,0,0,0,0,None,0,0,0,0,0,None,81790,28,20.5,5.0,11.3,4.35,32716,359876,HIGH
2018-11-04,2018,11,4,6,Sunday,1,0,27,Dwadashi (Krishna),0,0,0,0,0,0,0,None,0,0,0,0,0,None,72087,20,14.1,3.5,7.8,4.17,28834,317182,MODERATE
2018-11-05,2018,11,5,0,Monday,0,0,28,Trayodashi (Krishna),0,0,0,0,0,1,0,None,0,0,0,0,0,None,60674,11,8.7,2.4,4.8,3.95,24269,266965,LOW
2018-11-06,2018,11,6,1,Tuesday,0,0,29,Chaturdashi (Krishna),0,0,0,0,0,1,0,None,0,0,0,0,0,None,54758,7,6.4,2.0,3.5,3.84,21903,240935,LOW
2018-11-07,2018,11,7,2,Wednesday,0,0,30,Amavasya (New Moon),0,0,1,0,0,1,0,None,0,0,0,0,0,None,53672,6,6.0,1.9,3.5,3.82,21468,236156,LOW
2018-11-08,2018,11,8,3,Thursday,0,0,1,Pratipada (Shukla),0,0,0,0,0,1,0,None,0,0,0,0,0,None,53169,6,5.8,1.8,3.5,3.81,21267,233943,LOW
2018-11-09,2018,11,9,4,Friday,0,0,2,Dwitiya (Shukla),0,0,0,0,0,1,0,None,0,0,0,0,0,None,68158,17,12.2,3.1,6.7,4.1,27263,299895,MODERATE
2018-11-10,2018,11,10,5,Saturday,1,0,3,Tritiya (Shukla),0,0,0,0,0,1,0,None,0,0,0,0,0,None,77296,24,17.5,4.2,9.6,4.27,30918,340102,HIGH
2018-11-11,2018,11,11,6,Sunday,1,0,4,Chaturthi (Shukla),0,0,0,0,0,1,0,None,0,0,0,0,0,None,77294,24,17.5,4.2,9.6,4.27,30917,340093,HIGH
2018-11-12,2018,11,12,0,Monday,0,0,5,Panchami (Shukla),0,0,0,0,0,1,0,None,0,0,0,0,0,None,61091,12,8.9,2.4,4.9,3.96,24436,268800,LOW
2018-11-13,2018,11,13,1,Tuesday,0,0,6,Shasthi (Shukla),0,0,0,0,0,1,0,None,0,0,0,0,0,None,52823,5,5.7,1.8,3.5,3.8,21129,232421,LOW
2018-11-14,2018,11,14,2,Wednesday,0,0,7,Saptami (Shukla),0,0,0,0,0,1,0,None,0,0,0,0,0,None,52514,5,5.6,1.8,3.5,3.8,21005,231061,LOW
2018-11-15,2018,11,15,3,Thursday,0,0,8,Ashtami (Shukla),0,0,0,0,0,1,0,None,0,0,0,0,0,None,52927,5,5.7,1.8,3.5,3.81,21170,232878,LOW
2018-11-16,2018,11,16,4,Friday,0,0,9,Navami (Shukla),0,0,0,0,0,1,0,None,0,0,0,0,0,None,71943,19,14.0,3.5,7.7,4.17,28777,316549,MODERATE
2018-11-17,2018,11,17,5,Saturday,1,0,10,Dashami (Shukla),0,0,0,0,0,1,0,None,0,0,0,0,0,None,80863,27,19.9,4.8,10.9,4.34,32345,355797,HIGH
2018-11-18,2018,11,18,6,Sunday,1,0,11,Ekadashi (Shukla),1,0,0,0,0,1,0,None,0,0,0,0,0,None,86853,31,24.9,5.8,13.7,4.45,34741,382153,PEAK
2018-11-19,2018,11,19,0,Monday,0,0,12,Dwadashi (Shukla),0,0,0,0,0,1,0,None,0,0,0,0,0,None,69365,18,12.8,3.2,7.0,4.12,27746,305206,MODERATE
2018-11-20,2018,11,20,1,Tuesday,0,0,13,Trayodashi (Shukla),0,0,0,0,0,1,0,None,0,0,0,0,0,None,54846,7,6.4,2.0,3.5,3.84,21938,241322,LOW
2018-11-21,2018,11,21,2,Wednesday,0,0,14,Chaturdashi (Shukla),0,0,0,0,0,1,0,None,0,0,0,0,0,None,50035,3,4.7,1.6,3.5,3.75,20014,220154,LOW
2018-11-22,2018,11,22,3,Thursday,0,0,15,Pournami (Full Moon),0,1,0,0,0,1,0,None,0,0,0,0,0,None,65465,15,11.0,2.8,6.1,4.04,26186,288046,MODERATE
2018-11-23,2018,11,23,4,Friday,0,0,16,Pratipada (Krishna),0,0,0,0,0,1,0,None,0,0,0,0,0,None,68618,17,12.4,3.2,6.8,4.1,27447,301919,MODERATE
2018-11-24,2018,11,24,5,Saturday,1,0,17,Dwitiya (Krishna),0,0,0,0,0,1,0,None,0,0,0,0,0,None,81053,27,20.0,4.8,11.0,4.34,32421,356633,HIGH
2018-11-25,2018,11,25,6,Sunday,1,0,18,Tritiya (Krishna),0,0,0,0,0,1,0,None,0,0,0,0,0,None,78959,25,18.6,4.5,10.2,4.3,31583,347419,HIGH
2018-11-26,2018,11,26,0,Monday,0,0,19,Chaturthi (Krishna),0,0,0,0,0,1,0,None,0,0,0,0,0,None,60996,12,8.9,2.4,4.9,3.96,24398,268382,LOW
2018-11-27,2018,11,27,1,Tuesday,0,0,20,Panchami (Krishna),0,0,0,0,0,1,0,None,0,0,0,0,0,None,54545,7,6.3,1.9,3.5,3.84,21818,239998,LOW
2018-11-28,2018,11,28,2,Wednesday,0,0,21,Shasthi (Krishna),0,0,0,0,0,1,0,None,0,0,0,0,0,None,51042,4,5.1,1.7,3.5,3.77,20416,224584,LOW
2018-11-29,2018,11,29,3,Thursday,0,0,22,Saptami (Krishna),0,0,0,0,0,1,0,None,0,0,0,0,0,None,55683,8,6.7,2.0,3.7,3.86,22273,245005,LOW
2018-11-30,2018,11,30,4,Friday,0,0,23,Ashtami (Krishna),0,0,0,0,0,1,0,None,0,0,0,0,0,None,67371,16,11.9,3.0,6.5,4.08,26948,296432,MODERATE
2018-12-01,2018,12,1,5,Saturday,1,0,24,Navami (Krishna),0,0,0,0,0,1,0,None,0,0,0,0,0,None,80884,27,19.9,4.8,10.9,4.34,32353,355889,HIGH
2018-12-02,2018,12,2,6,Sunday,1,0,25,Dashami (Krishna),0,0,0,0,0,1,0,None,0,0,0,0,0,None,79094,25,18.7,4.5,10.3,4.3,31637,348013,HIGH
2018-12-03,2018,12,3,0,Monday,0,0,26,Ekadashi (Krishna),1,0,0,0,0,1,0,None,0,0,0,0,0,None,69545,18,12.9,3.3,7.1,4.12,27818,305998,MODERATE
2018-12-04,2018,12,4,1,Tuesday,0,0,27,Dwadashi (Krishna),0,0,0,0,0,1,0,None,0,0,0,0,0,None,54570,7,6.3,1.9,3.5,3.84,21828,240108,LOW
2018-12-05,2018,12,5,2,Wednesday,0,0,28,Trayodashi (Krishna),0,0,0,0,0,1,0,None,0,0,0,0,0,None,51847,5,5.3,1.8,3.5,3.79,20738,228126,LOW
2018-12-06,2018,12,6,3,Thursday,0,0,29,Chaturdashi (Krishna),0,0,0,0,0,0,0,None,0,0,0,0,0,None,48000,2,4.0,1.5,3.5,3.71,19200,211200,LOW
2018-12-07,2018,12,7,4,Friday,0,0,30,Amavasya (New Moon),0,0,1,0,0,0,0,None,0,0,0,0,0,None,63567,13,10.1,2.7,5.6,4.01,25426,279694,MODERATE
2018-12-08,2018,12,8,5,Saturday,1,0,1,Pratipada (Shukla),0,0,0,0,0,0,0,None,0,0,0,0,0,None,69726,18,12.9,3.3,7.1,4.12,27890,306794,MODERATE
2018-12-09,2018,12,9,6,Sunday,1,0,2,Dwitiya (Shukla),0,0,0,0,0,0,0,None,0,0,0,0,0,None,64927,14,10.7,2.8,5.9,4.03,25970,285678,MODERATE
2018-12-10,2018,12,10,0,Monday,0,0,3,Tritiya (Shukla),0,0,0,0,0,0,0,None,0,0,0,0,0,None,51620,4,5.3,1.7,3.5,3.78,20648,227128,LOW
2018-12-11,2018,12,11,1,Tuesday,0,0,4,Chaturthi (Shukla),0,0,0,0,0,0,0,None,0,0,0,0,0,None,48000,2,4.0,1.5,3.5,3.71,19200,211200,LOW
2018-12-12,2018,12,12,2,Wednesday,0,0,5,Panchami (Shukla),0,0,0,0,0,0,0,None,0,0,0,0,0,None,48000,2,4.0,1.5,3.5,3.71,19200,211200,LOW
2018-12-13,2018,12,13,3,Thursday,0,0,6,Shasthi (Shukla),0,0,0,0,0,0,0,None,0,0,0,0,0,None,50415,3,4.8,1.7,3.5,3.76,20166,221826,LOW
2018-12-14,2018,12,14,4,Friday,0,0,7,Saptami (Shukla),0,0,0,0,0,0,0,None,0,0,0,0,0,None,61002,12,8.9,2.4,4.9,3.96,24400,268408,LOW
2018-12-15,2018,12,15,5,Saturday,1,0,8,Ashtami (Shukla),0,0,0,0,0,0,0,None,0,0,0,0,0,None,72086,20,14.1,3.5,7.8,4.17,28834,317178,MODERATE
2018-12-16,2018,12,16,6,Sunday,1,0,9,Navami (Shukla),0,0,0,0,0,0,0,None,0,0,0,0,0,None,66958,16,11.7,3.0,6.4,4.07,26783,294615,MODERATE
2018-12-17,2018,12,17,0,Monday,0,0,10,Dashami (Shukla),0,0,0,0,0,0,0,None,0,0,0,0,0,None,54956,7,6.4,2.0,3.5,3.84,21982,241806,LOW
2018-12-18,2018,12,18,1,Tuesday,0,0,11,Ekadashi (Shukla),1,0,0,0,0,0,0,None,0,0,0,0,0,None,57189,9,7.2,2.1,4.0,3.89,22875,251631,LOW
2018-12-19,2018,12,19,2,Wednesday,0,0,12,Dwadashi (Shukla),0,0,0,0,0,0,0,None,0,0,0,0,0,None,48071,2,4.0,1.5,3.5,3.71,19228,211512,LOW
2018-12-20,2018,12,20,3,Thursday,0,0,13,Trayodashi (Shukla),0,0,0,0,0,0,0,None,0,0,0,0,0,None,48000,2,4.0,1.5,3.5,3.71,19200,211200,LOW
2018-12-21,2018,12,21,4,Friday,0,0,14,Chaturdashi (Shukla),0,0,0,0,0,0,0,None,0,0,0,0,0,None,64436,14,10.5,2.7,5.8,4.02,25774,283518,MODERATE
2018-12-22,2018,12,22,5,Saturday,1,0,15,Pournami (Full Moon),0,1,0,0,0,0,0,None,0,0,0,0,0,None,80766,27,19.8,4.8,10.9,4.33,32306,355370,HIGH
2018-12-23,2018,12,23,6,Sunday,1,0,16,Pratipada (Krishna),0,0,0,0,0,0,0,None,0,0,0,0,0,None,71178,19,13.6,3.4,7.5,4.15,28471,313183,MODERATE
2018-12-24,2018,12,24,0,Monday,0,0,17,Dwitiya (Krishna),0,0,0,0,0,0,0,None,0,0,0,0,0,None,51927,5,5.4,1.8,3.5,3.79,20770,228478,LOW
2018-12-25,2018,12,25,1,Tuesday,0,0,18,Tritiya (Krishna),0,0,0,0,0,0,0,None,0,0,0,1,1,Christmas,62142,12,9.4,2.5,5.2,3.98,24856,273424,MODERATE
2018-12-26,2018,12,26,2,Wednesday,0,0,19,Chaturthi (Krishna),0,0,0,0,0,0,0,None,0,0,0,0,0,None,48000,2,4.0,1.5,3.5,3.71,19200,211200,LOW
2018-12-27,2018,12,27,3,Thursday,0,0,20,Panchami (Krishna),0,0,0,0,0,0,0,None,0,0,0,0,0,None,49488,3,4.5,1.6,3.5,3.74,19795,217747,LOW
2018-12-28,2018,12,28,4,Friday,0,0,21,Shasthi (Krishna),0,0,0,0,0,0,0,None,0,0,0,0,0,None,61174,12,9.0,2.4,5.0,3.96,24469,269165,LOW
2018-12-29,2018,12,29,5,Saturday,1,0,22,Saptami (Krishna),0,0,0,0,0,0,0,None,0,0,0,0,0,None,71885,19,13.9,3.5,7.6,4.17,28754,316294,MODERATE
2018-12-30,2018,12,30,6,Sunday,1,0,23,Ashtami (Krishna),0,0,0,0,0,0,0,None,0,0,0,0,0,None,67561,16,11.9,3.1,6.5,4.08,27024,297268,MODERATE
2018-12-31,2018,12,31,0,Monday,0,0,24,Navami (Krishna),0,0,0,0,0,0,0,None,0,0,0,0,0,None,52433,5,5.6,1.8,3.5,3.8,20973,230705,LOW
2019-01-01,2019,1,1,1,Tuesday,0,0,25,Dashami (Krishna),0,0,0,0,0,0,1,English New Year,0,0,0,1,1,New Year's Day,87165,31,25.2,5.8,13.9,4.46,34866,383526,PEAK
2019-01-02,2019,1,2,2,Wednesday,0,0,26,Ekadashi (Krishna),1,0,0,0,0,0,0,None,0,0,0,0,0,None,56670,8,7.0,2.1,3.9,3.88,22668,249348,LOW
2019-01-03,2019,1,3,3,Thursday,0,0,28,Trayodashi (Krishna),0,0,0,0,0,0,0,None,0,0,0,0,0,None,49411,3,4.5,1.6,3.5,3.74,19764,217408,LOW
2019-01-04,2019,1,4,4,Friday,0,0,29,Chaturdashi (Krishna),0,0,0,0,0,0,0,None,0,0,0,0,0,None,59624,11,8.3,2.3,4.6,3.93,23849,262345,LOW
2019-01-05,2019,1,5,5,Saturday,1,0,30,Amavasya (New Moon),0,0,1,0,0,0,0,None,0,0,0,0,0,None,73706,21,15.1,3.7,8.3,4.2,29482,324306,HIGH
2019-01-06,2019,1,6,6,Sunday,1,0,1,Pratipada (Shukla),0,0,0,0,0,0,0,None,0,0,0,0,0,None,67707,16,12.0,3.1,6.6,4.09,27082,297910,MODERATE
2019-01-07,2019,1,7,0,Monday,0,0,2,Dwitiya (Shukla),0,0,0,0,0,0,0,None,0,0,0,0,0,None,53848,6,6.0,1.9,3.5,3.82,21539,236931,LOW
2019-01-08,2019,1,8,1,Tuesday,0,0,3,Tritiya (Shukla),0,0,0,0,0,0,0,None,0,0,0,0,0,None,48439,2,4.2,1.5,3.5,3.72,19375,213131,LOW
2019-01-09,2019,1,9,2,Wednesday,0,0,4,Chaturthi (Shukla),0,0,0,0,0,0,0,None,0,0,0,0,0,None,48000,2,4.0,1.5,3.5,3.71,19200,211200,LOW
2019-01-10,2019,1,10,3,Thursday,0,0,5,Panchami (Shukla),0,0,0,0,0,0,0,None,0,0,0,0,0,None,62493,13,9.6,2.5,5.3,3.99,24997,274969,MODERATE
2019-01-11,2019,1,11,4,Friday,0,0,6,Shasthi (Shukla),0,0,0,0,0,0,0,None,0,0,0,0,0,None,77952,24,18.0,4.3,9.9,4.28,31180,342988,HIGH
2019-01-12,2019,1,12,5,Saturday,1,1,7,Saptami (Shukla),0,0,0,0,0,0,0,None,0,0,0,0,0,None,96698,31,34.7,7.1,19.1,4.64,38679,425471,PEAK
2019-01-13,2019,1,13,6,Sunday,1,1,8,Ashtami (Shukla),0,0,0,0,0,0,0,None,0,0,0,0,0,None,98000,31,36.0,7.3,19.8,4.66,39200,431200,PEAK
2019-01-14,2019,1,14,0,Monday,0,1,9,Navami (Shukla),0,0,0,0,0,0,0,None,0,0,0,1,1,Makara Sankranti / Pongal,98000,31,36.0,7.3,19.8,4.66,39200,431200,PEAK
2019-01-15,2019,1,15,1,Tuesday,0,0,10,Dashami (Shukla),0,0,0,0,0,0,0,None,0,0,0,1,1,Kanuma / Thiruvalluvar Day,98000,31,36.0,7.3,19.8,4.66,39200,431200,PEAK
2019-01-16,2019,1,16,2,Wednesday,0,0,11,Ekadashi (Shukla),1,0,0,0,0,0,0,None,0,0,0,1,1,Mukkanuma / Uzhavar Thirunal,96469,31,34.5,7.1,19.0,4.63,38587,424463,PEAK
2019-01-17,2019,1,17,3,Thursday,0,0,12,Dwadashi (Shukla),0,0,0,0,0,0,0,None,0,0,0,0,0,None,81034,27,20.0,4.8,11.0,4.34,32413,356549,HIGH
2019-01-18,2019,1,18,4,Friday,0,0,13,Trayodashi (Shukla),0,0,0,0,0,0,0,None,0,0,0,0,0,None,80343,26,19.6,4.7,10.8,4.33,32137,353509,HIGH
2019-01-19,2019,1,19,5,Saturday,1,0,14,Chaturdashi (Shukla),0,0,0,0,0,0,0,None,0,0,0,0,0,None,85582,31,23.6,5.6,13.0,4.43,34232,376560,PEAK
2019-01-20,2019,1,20,6,Sunday,1,0,15,Pournami (Full Moon),0,1,0,0,0,0,0,None,0,0,0,0,0,None,82632,28,21.1,5.1,11.6,4.37,33052,363580,HIGH
2019-01-21,2019,1,21,0,Monday,0,0,16,Pratipada (Krishna),0,0,0,0,0,0,0,None,0,0,0,0,0,None,55516,8,6.6,2.0,3.6,3.85,22206,244270,LOW
2019-01-22,2019,1,22,1,Tuesday,0,0,17,Dwitiya (Krishna),0,0,0,0,0,0,0,None,0,0,0,0,0,None,48000,2,4.0,1.5,3.5,3.71,19200,211200,LOW
2019-01-23,2019,1,23,2,Wednesday,0,0,18,Tritiya (Krishna),0,0,0,0,0,0,0,None,0,0,0,0,0,None,48000,2,4.0,1.5,3.5,3.71,19200,211200,LOW
2019-01-24,2019,1,24,3,Thursday,0,0,19,Chaturthi (Krishna),0,0,0,0,0,0,0,None,0,0,0,0,0,None,50312,3,4.8,1.7,3.5,3.76,20124,221372,LOW
2019-01-25,2019,1,25,4,Friday,0,0,20,Panchami (Krishna),0,0,0,0,0,0,0,None,0,0,0,0,0,None,62980,13,9.8,2.6,5.4,4.0,25192,277112,MODERATE
2019-01-26,2019,1,26,5,Saturday,1,0,21,Shasthi (Krishna),0,0,0,0,0,0,0,None,0,0,0,1,1,Republic Day,88588,31,26.6,6.0,14.6,4.48,35435,389787,PEAK
2019-01-27,2019,1,27,6,Sunday,1,0,22,Saptami (Krishna),0,0,0,0,0,0,0,None,0,0,0,0,0,None,78863,25,18.6,4.5,10.2,4.3,31545,346997,HIGH
2019-01-28,2019,1,28,0,Monday,0,0,23,Ashtami (Krishna),0,0,0,0,0,0,0,None,0,0,0,0,0,None,52077,5,5.4,1.8,3.5,3.79,20830,229138,LOW
2019-01-29,2019,1,29,1,Tuesday,0,0,24,Navami (Krishna),0,0,0,0,0,0,0,None,0,0,0,0,0,None,48000,2,4.0,1.5,3.5,3.71,19200,211200,LOW
2019-01-30,2019,1,30,2,Wednesday,0,0,25,Dashami (Krishna),0,0,0,0,0,0,0,None,0,0,0,0,0,None,48000,2,4.0,1.5,3.5,3.71,19200,211200,LOW
2019-01-31,2019,1,31,3,Thursday,0,0,26,Ekadashi (Krishna),1,0,0,0,0,0,0,None,0,0,0,0,0,None,57325,9,7.3,2.1,4.0,3.89,22930,252230,LOW
2019-02-01,2019,2,1,4,Friday,0,0,27,Dwadashi (Krishna),0,0,0,0,0,0,0,None,0,0,0,0,0,None,61751,12,9.2,2.5,5.1,3.97,24700,271704,LOW
2019-02-02,2019,2,2,5,Saturday,1,0,28,Trayodashi (Krishna),0,0,0,0,0,0,0,None,0,0,0,0,0,None,71736,19,13.9,3.5,7.6,4.16,28694,315638,MODERATE
2019-02-03,2019,2,3,6,Sunday,1,0,29,Chaturdashi (Krishna),0,0,0,0,0,0,0,None,0,0,0,0,0,None,68335,17,12.3,3.1,6.8,4.1,27334,300674,MODERATE
2019-02-04,2019,2,4,0,Monday,0,0,30,Amavasya (New Moon),0,0,1,0,0,0,0,None,0,0,0,0,0,None,52771,5,5.7,1.8,3.5,3.8,21108,232192,LOW
2019-02-05,2019,2,5,1,Tuesday,0,0,1,Pratipada (Shukla),0,0,0,0,0,0,0,None,0,0,0,0,0,None,48000,2,4.0,1.5,3.5,3.71,19200,211200,LOW
2019-02-06,2019,2,6,2,Wednesday,0,0,2,Dwitiya (Shukla),0,0,0,0,0,0,0,None,0,0,0,0,0,None,48000,2,4.0,1.5,3.5,3.71,19200,211200,LOW
2019-02-07,2019,2,7,3,Thursday,0,0,3,Tritiya (Shukla),0,0,0,0,0,0,0,None,0,0,0,0,0,None,48495,2,4.2,1.5,3.5,3.72,19398,213378,LOW
2019-02-08,2019,2,8,4,Friday,0,0,4,Chaturthi (Shukla),0,0,0,0,0,0,0,None,0,0,0,0,0,None,64093,14,10.3,2.7,5.7,4.02,25637,282009,MODERATE
2019-02-09,2019,2,9,5,Saturday,1,0,5,Panchami (Shukla),0,0,0,0,0,0,0,None,0,0,0,0,0,None,72968,20,14.6,3.6,8.0,4.19,29187,321059,MODERATE
2019-02-10,2019,2,10,6,Sunday,1,0,6,Shasthi (Shukla),0,0,0,0,0,0,0,None,0,0,0,0,0,None,65716,15,11.1,2.9,6.1,4.05,26286,289150,MODERATE
2019-02-11,2019,2,11,0,Monday,0,0,7,Saptami (Shukla),0,0,0,0,0,0,0,None,0,0,0,0,0,None,51162,4,5.1,1.7,3.5,3.77,20464,225112,LOW
2019-02-12,2019,2,12,1,Tuesday,0,0,8,Ashtami (Shukla),0,0,0,0,0,0,0,None,0,0,0,0,0,None,48000,2,4.0,1.5,3.5,3.71,19200,211200,LOW
2019-02-13,2019,2,13,2,Wednesday,0,0,9,Navami (Shukla),0,0,0,0,0,0,0,None,0,0,0,0,0,None,48000,2,4.0,1.5,3.5,3.71,19200,211200,LOW
2019-02-14,2019,2,14,3,Thursday,0,0,10,Dashami (Shukla),0,0,0,0,0,0,0,None,0,0,0,0,0,None,48000,2,4.0,1.5,3.5,3.71,19200,211200,LOW
2019-02-15,2019,2,15,4,Friday,0,0,11,Ekadashi (Shukla),1,0,0,0,0,0,0,None,0,1,0,0,0,None,59606,11,8.2,2.3,4.5,3.93,23842,262266,LOW
2019-02-16,2019,2,16,5,Saturday,1,0,12,Dwadashi (Shukla),0,0,0,0,0,0,0,None,0,1,0,0,0,None,56715,8,7.1,2.1,3.9,3.88,22686,249546,LOW
2019-02-17,2019,2,17,6,Sunday,1,0,13,Trayodashi (Shukla),0,0,0,0,0,0,0,None,0,1,0,0,0,None,53377,6,5.9,1.9,3.5,3.81,21350,234858,LOW
2019-02-18,2019,2,18,0,Monday,0,0,14,Chaturdashi (Shukla),0,0,0,0,0,0,0,None,0,1,0,0,0,None,48000,2,4.0,1.5,3.5,3.71,19200,211200,LOW
2019-02-19,2019,2,19,1,Tuesday,0,0,15,Pournami (Full Moon),0,1,0,0,0,0,0,None,0,1,0,0,0,None,48000,2,4.0,1.5,3.5,3.71,19200,211200,LOW
2019-02-20,2019,2,20,2,Wednesday,0,0,16,Pratipada (Krishna),0,0,0,0,0,0,0,None,0,1,0,0,0,None,48000,2,4.0,1.5,3.5,3.71,19200,211200,LOW
2019-02-21,2019,2,21,3,Thursday,0,0,17,Dwitiya (Krishna),0,0,0,0,0,0,0,None,0,1,0,0,0,None,48000,2,4.0,1.5,3.5,3.71,19200,211200,LOW
2019-02-22,2019,2,22,4,Friday,0,0,18,Tritiya (Krishna),0,0,0,0,0,0,0,None,0,1,0,0,0,None,48341,2,4.1,1.5,3.5,3.72,19336,212700,LOW
2019-02-23,2019,2,23,5,Saturday,1,0,19,Chaturthi (Krishna),0,0,0,0,0,0,0,None,0,1,0,0,0,None,57153,9,7.2,2.1,4.0,3.89,22861,251473,LOW
2019-02-24,2019,2,24,6,Sunday,1,0,20,Panchami (Krishna),0,0,0,0,0,0,0,None,0,1,0,0,0,None,50850,4,5.0,1.7,3.5,3.77,20340,223740,LOW
2019-02-25,2019,2,25,0,Monday,0,0,21,Shasthi (Krishna),0,0,0,0,0,0,0,None,0,1,0,0,0,None,48000,2,4.0,1.5,3.5,3.71,19200,211200,LOW
2019-02-26,2019,2,26,1,Tuesday,0,0,22,Saptami (Krishna),0,0,0,0,0,0,0,None,0,1,0,0,0,None,48000,2,4.0,1.5,3.5,3.71,19200,211200,LOW
2019-02-27,2019,2,27,2,Wednesday,0,0,23,Ashtami (Krishna),0,0,0,0,0,0,0,None,0,1,0,0,0,None,48000,2,4.0,1.5,3.5,3.71,19200,211200,LOW
2019-02-28,2019,2,28,3,Thursday,0,0,24,Navami (Krishna),0,0,0,0,0,0,0,None,0,1,0,0,0,None,48000,2,4.0,1.5,3.5,3.71,19200,211200,LOW
2019-03-01,2019,3,1,4,Friday,0,0,25,Dashami (Krishna),0,0,0,0,0,0,0,None,0,1,0,0,0,None,48416,2,4.1,1.5,3.5,3.72,19366,213030,LOW
2019-03-02,2019,3,2,5,Saturday,1,0,26,Ekadashi (Krishna),1,0,0,0,0,0,0,None,0,1,0,0,0,None,65351,15,10.9,2.8,6.0,4.04,26140,287544,MODERATE
2019-03-03,2019,3,3,6,Sunday,1,0,27,Dwadashi (Krishna),0,0,0,0,0,0,0,None,0,1,0,0,0,None,53307,6,5.9,1.9,3.5,3.81,21322,234550,LOW
2019-03-04,2019,3,4,0,Monday,0,0,28,Trayodashi (Krishna),0,0,0,0,0,0,0,None,0,1,0,0,0,None,48000,2,4.0,1.5,3.5,3.71,19200,211200,LOW
2019-03-05,2019,3,5,1,Tuesday,0,0,29,Chaturdashi (Krishna),0,0,0,0,0,0,0,None,0,1,0,0,0,None,48000,2,4.0,1.5,3.5,3.71,19200,211200,LOW
2019-03-06,2019,3,6,2,Wednesday,0,0,30,Amavasya (New Moon),0,0,1,0,0,0,0,None,0,1,0,0,0,None,48000,2,4.0,1.5,3.5,3.71,19200,211200,LOW
2019-03-07,2019,3,7,3,Thursday,0,0,2,Dwitiya (Shukla),0,0,0,0,0,0,0,None,0,1,0,0,0,None,48000,2,4.0,1.5,3.5,3.71,19200,211200,LOW
2019-03-08,2019,3,8,4,Friday,0,0,3,Tritiya (Shukla),0,0,0,0,0,0,0,None,0,1,0,0,0,None,48147,2,4.1,1.5,3.5,3.71,19258,211846,LOW
2019-03-09,2019,3,9,5,Saturday,1,0,4,Chaturthi (Shukla),0,0,0,0,0,0,0,None,0,1,0,0,0,None,54156,6,6.2,1.9,3.5,3.83,21662,238286,LOW
2019-03-10,2019,3,10,6,Sunday,1,0,5,Panchami (Shukla),0,0,0,0,0,0,0,None,0,1,0,0,0,None,54578,7,6.3,1.9,3.5,3.84,21831,240143,LOW
2019-03-11,2019,3,11,0,Monday,0,0,6,Shasthi (Shukla),0,0,0,0,0,0,0,None,0,1,0,0,0,None,48000,2,4.0,1.5,3.5,3.71,19200,211200,LOW
2019-03-12,2019,3,12,1,Tuesday,0,0,7,Saptami (Shukla),0,0,0,0,0,0,0,None,0,1,0,0,0,None,48000,2,4.0,1.5,3.5,3.71,19200,211200,LOW
2019-03-13,2019,3,13,2,Wednesday,0,0,8,Ashtami (Shukla),0,0,0,0,0,0,0,None,0,1,0,0,0,None,48000,2,4.0,1.5,3.5,3.71,19200,211200,LOW
2019-03-14,2019,3,14,3,Thursday,0,0,9,Navami (Shukla),0,0,0,0,0,0,0,None,0,1,0,0,0,None,48000,2,4.0,1.5,3.5,3.71,19200,211200,LOW
2019-03-15,2019,3,15,4,Friday,0,0,10,Dashami (Shukla),0,0,0,0,0,0,0,None,0,1,0,0,0,None,48269,2,4.1,1.5,3.5,3.72,19307,212383,LOW
2019-03-16,2019,3,16,5,Saturday,1,0,11,Ekadashi (Shukla),1,0,0,0,0,0,0,None,0,1,0,0,0,None,68326,17,12.3,3.1,6.8,4.1,27330,300634,MODERATE
2019-03-17,2019,3,17,6,Sunday,1,0,12,Dwadashi (Shukla),0,0,0,0,0,0,0,None,0,1,0,0,0,None,53355,6,5.9,1.9,3.5,3.81,21342,234762,LOW
2019-03-18,2019,3,18,0,Monday,0,0,13,Trayodashi (Shukla),0,0,0,0,0,0,0,None,0,1,0,0,0,None,48000,2,4.0,1.5,3.5,3.71,19200,211200,LOW
2019-03-19,2019,3,19,1,Tuesday,0,0,14,Chaturdashi (Shukla),0,0,0,0,0,0,0,None,0,1,0,0,0,None,48000,2,4.0,1.5,3.5,3.71,19200,211200,LOW
2019-03-20,2019,3,20,2,Wednesday,0,0,15,Pournami (Full Moon),0,1,0,0,0,0,0,None,0,1,0,0,0,None,48000,2,4.0,1.5,3.5,3.71,19200,211200,LOW
2019-03-21,2019,3,21,3,Thursday,0,0,16,Pratipada (Krishna),0,0,0,0,0,0,0,None,0,1,0,0,0,None,48000,2,4.0,1.5,3.5,3.71,19200,211200,LOW
2019-03-22,2019,3,22,4,Friday,0,0,17,Dwitiya (Krishna),0,0,0,0,0,0,0,None,0,1,0,0,0,None,48874,2,4.3,1.6,3.5,3.73,19549,215045,LOW
2019-03-23,2019,3,23,5,Saturday,1,0,18,Tritiya (Krishna),0,0,0,0,0,0,0,None,0,1,0,0,0,None,56573,8,7.0,2.1,3.9,3.87,22629,248921,LOW
2019-03-24,2019,3,24,6,Sunday,1,0,19,Chaturthi (Krishna),0,0,0,0,0,0,0,None,0,1,0,0,0,None,52670,5,5.6,1.8,3.5,3.8,21068,231748,LOW
2019-03-25,2019,3,25,0,Monday,0,0,20,Panchami (Krishna),0,0,0,0,0,0,0,None,0,1,0,0,0,None,48000,2,4.0,1.5,3.5,3.71,19200,211200,LOW
2019-03-26,2019,3,26,1,Tuesday,0,0,21,Shasthi (Krishna),0,0,0,0,0,0,0,None,0,1,0,0,0,None,48000,2,4.0,1.5,3.5,3.71,19200,211200,LOW
2019-03-27,2019,3,27,2,Wednesday,0,0,22,Saptami (Krishna),0,0,0,0,0,0,0,None,0,1,0,0,0,None,48000,2,4.0,1.5,3.5,3.71,19200,211200,LOW
2019-03-28,2019,3,28,3,Thursday,0,0,23,Ashtami (Krishna),0,0,0,0,0,0,0,None,0,1,0,0,0,None,48000,2,4.0,1.5,3.5,3.71,19200,211200,LOW
2019-03-29,2019,3,29,4,Friday,0,0,24,Navami (Krishna),0,0,0,0,0,0,0,None,0,1,0,0,0,None,48339,2,4.1,1.5,3.5,3.72,19335,212691,LOW
2019-03-30,2019,3,30,5,Saturday,1,0,25,Dashami (Krishna),0,0,0,0,0,0,0,None,0,1,0,0,0,None,54527,7,6.3,1.9,3.5,3.84,21810,239918,LOW
2019-03-31,2019,3,31,6,Sunday,1,0,26,Ekadashi (Krishna),1,0,0,0,0,0,0,None,0,1,0,0,0,None,61902,12,9.3,2.5,5.1,3.98,24760,272368,LOW
2019-04-01,2019,4,1,0,Monday,0,0,27,Dwadashi (Krishna),0,0,0,0,0,0,0,None,0,1,0,0,0,None,48000,2,4.0,1.5,3.5,3.71,19200,211200,LOW
2019-04-02,2019,4,2,1,Tuesday,0,0,28,Trayodashi (Krishna),0,0,0,0,0,0,0,None,0,1,0,0,0,None,48000,2,4.0,1.5,3.5,3.71,19200,211200,LOW
2019-04-03,2019,4,3,2,Wednesday,0,0,29,Chaturdashi (Krishna),0,0,0,0,0,0,0,None,0,1,0,0,0,None,48000,2,4.0,1.5,3.5,3.71,19200,211200,LOW
2019-04-04,2019,4,4,3,Thursday,0,0,30,Amavasya (New Moon),0,0,1,0,0,0,0,None,0,1,0,0,0,None,48000,2,4.0,1.5,3.5,3.71,19200,211200,LOW
2019-04-05,2019,4,5,4,Friday,0,0,1,Pratipada (Shukla),0,0,0,0,0,0,0,None,0,1,0,0,0,None,48000,2,4.0,1.5,3.5,3.71,19200,211200,LOW
2019-04-06,2019,4,6,5,Saturday,1,0,2,Dwitiya (Shukla),0,0,0,0,0,0,0,None,0,1,0,0,0,None,53719,6,6.0,1.9,3.5,3.82,21487,236363,LOW
2019-04-07,2019,4,7,6,Sunday,1,0,3,Tritiya (Shukla),0,0,0,0,0,0,0,None,0,1,0,0,0,None,51747,4,5.3,1.7,3.5,3.78,20698,227686,LOW
2019-04-08,2019,4,8,0,Monday,0,0,4,Chaturthi (Shukla),0,0,0,0,0,0,0,None,0,1,0,0,0,None,48000,2,4.0,1.5,3.5,3.71,19200,211200,LOW
2019-04-09,2019,4,9,1,Tuesday,0,0,5,Panchami (Shukla),0,0,0,0,0,0,0,None,0,1,0,0,0,None,48000,2,4.0,1.5,3.5,3.71,19200,211200,LOW
2019-04-10,2019,4,10,2,Wednesday,0,0,6,Shasthi (Shukla),0,0,0,0,0,0,0,None,0,1,0,0,0,None,48000,2,4.0,1.5,3.5,3.71,19200,211200,LOW
2019-04-11,2019,4,11,3,Thursday,0,0,7,Saptami (Shukla),0,0,0,0,0,0,0,None,0,0,0,0,0,None,48000,2,4.0,1.5,3.5,3.71,19200,211200,LOW
2019-04-12,2019,4,12,4,Friday,0,0,8,Ashtami (Shukla),0,0,0,0,0,0,0,None,0,0,0,0,0,None,60764,11,8.8,2.4,4.8,3.95,24305,267361,LOW
2019-04-13,2019,4,13,5,Saturday,1,0,9,Navami (Shukla),0,0,0,0,0,0,0,None,0,0,0,0,0,None,72385,20,14.3,3.5,7.9,4.18,28954,318494,MODERATE
2019-04-14,2019,4,14,6,Sunday,1,0,10,Dashami (Shukla),0,0,0,0,0,0,0,None,0,0,0,1,1,Dr. B.R. Ambedkar Jayanti / Tamil New Year,85573,31,23.6,5.6,13.0,4.43,34229,376521,PEAK
2019-04-15,2019,4,15,0,Monday,0,0,11,Ekadashi (Shukla),1,0,0,0,0,0,0,None,0,0,1,0,0,None,84298,31,22.3,5.4,12.3,4.4,33719,370911,PEAK
2019-04-16,2019,4,16,1,Tuesday,0,0,12,Dwadashi (Shukla),0,0,0,0,0,0,0,None,0,0,1,0,0,None,69176,17,12.7,3.2,7.0,4.11,27670,304374,MODERATE
2019-04-17,2019,4,17,2,Wednesday,0,0,13,Trayodashi (Shukla),0,0,0,0,0,0,0,None,0,0,1,0,0,None,62907,13,9.8,2.6,5.4,4.0,25162,276790,MODERATE
2019-04-18,2019,4,18,3,Thursday,0,0,14,Chaturdashi (Shukla),0,0,0,0,0,0,0,None,0,0,1,0,0,None,65167,15,10.8,2.8,5.9,4.04,26066,286734,MODERATE
2019-04-19,2019,4,19,4,Friday,0,0,15,Pournami (Full Moon),0,1,0,0,0,0,0,None,0,0,1,0,0,None,87362,31,25.4,5.8,14.0,4.46,34944,384392,PEAK
2019-04-20,2019,4,20,5,Saturday,1,0,16,Pratipada (Krishna),0,0,0,0,0,0,0,None,0,0,1,0,0,None,91075,31,29.1,6.3,16.0,4.53,36430,400730,PEAK
2019-04-21,2019,4,21,6,Sunday,1,0,17,Dwitiya (Krishna),0,0,0,0,0,0,0,None,0,0,1,0,0,None,92425,31,30.4,6.5,16.7,4.56,36970,406670,PEAK
2019-04-22,2019,4,22,0,Monday,0,0,18,Tritiya (Krishna),0,0,0,0,0,0,0,None,0,0,1,0,0,None,83199,29,21.5,5.2,11.8,4.38,33279,366075,HIGH
2019-04-23,2019,4,23,1,Tuesday,0,0,19,Chaturthi (Krishna),0,0,0,0,0,0,0,None,0,0,1,0,0,None,69310,18,12.8,3.2,7.0,4.12,27724,304964,MODERATE
2019-04-24,2019,4,24,2,Wednesday,0,0,20,Panchami (Krishna),0,0,0,0,0,0,0,None,0,0,1,0,0,None,64483,14,10.5,2.7,5.8,4.03,25793,283725,MODERATE
2019-04-25,2019,4,25,3,Thursday,0,0,21,Shasthi (Krishna),0,0,0,0,0,0,0,None,0,0,1,0,0,None,67004,16,11.7,3.0,6.4,4.07,26801,294817,MODERATE
2019-04-26,2019,4,26,4,Friday,0,0,22,Saptami (Krishna),0,0,0,0,0,0,0,None,0,0,1,0,0,None,81254,27,20.2,4.9,11.1,4.34,32501,357517,HIGH
2019-04-27,2019,4,27,5,Saturday,1,0,23,Ashtami (Krishna),0,0,0,0,0,0,0,None,0,0,1,0,0,None,86281,31,24.3,5.7,13.4,4.44,34512,379636,PEAK
2019-04-28,2019,4,28,6,Sunday,1,0,24,Navami (Krishna),0,0,0,0,0,0,0,None,0,0,1,0,0,None,87974,31,26.0,5.9,14.3,4.47,35189,387085,PEAK
2019-04-29,2019,4,29,0,Monday,0,0,25,Dashami (Krishna),0,0,0,0,0,0,0,None,0,0,1,0,0,None,81186,27,20.1,4.9,11.1,4.34,32474,357218,HIGH
2019-04-30,2019,4,30,1,Tuesday,0,0,26,Ekadashi (Krishna),1,0,0,0,0,0,0,None,0,0,1,0,0,None,80274,26,19.5,4.7,10.7,4.33,32109,353205,HIGH
2019-05-01,2019,5,1,2,Wednesday,0,0,27,Dwadashi (Krishna),0,0,0,0,0,0,0,None,0,0,1,1,1,May Day / Labour Day,83619,29,21.7,5.3,11.9,4.39,33447,367923,HIGH
2019-05-02,2019,5,2,3,Thursday,0,0,28,Trayodashi (Krishna),0,0,0,0,0,0,0,None,0,0,1,0,0,None,69852,18,13.0,3.3,7.2,4.13,27940,307348,MODERATE
2019-05-03,2019,5,3,4,Friday,0,0,29,Chaturdashi (Krishna),0,0,0,0,0,0,0,None,0,0,1,0,0,None,82362,28,20.9,5.1,11.5,4.36,32944,362392,HIGH
2019-05-04,2019,5,4,5,Saturday,1,0,30,Amavasya (New Moon),0,0,1,0,0,0,0,None,0,0,1,0,0,None,88762,31,26.8,6.0,14.7,4.49,35504,390552,PEAK
2019-05-05,2019,5,5,6,Sunday,1,0,1,Pratipada (Shukla),0,0,0,0,0,0,0,None,0,0,1,0,0,None,90164,31,28.2,6.2,15.5,4.51,36065,396721,PEAK
2019-05-06,2019,5,6,0,Monday,0,0,2,Dwitiya (Shukla),0,0,0,0,0,0,0,None,0,0,1,0,0,None,81020,27,20.0,4.8,11.0,4.34,32408,356488,HIGH
2019-05-07,2019,5,7,1,Tuesday,0,0,3,Tritiya (Shukla),0,0,0,0,0,0,0,None,0,0,1,0,0,None,64203,14,10.4,2.7,5.7,4.02,25681,282493,MODERATE
2019-05-08,2019,5,8,2,Wednesday,0,0,4,Chaturthi (Shukla),0,0,0,0,0,0,0,None,0,0,1,0,0,None,62372,13,9.5,2.5,5.2,3.99,24948,274436,MODERATE
2019-05-09,2019,5,9,3,Thursday,0,0,6,Shasthi (Shukla),0,0,0,0,0,0,0,None,0,0,1,0,0,None,63137,13,9.9,2.6,5.4,4.0,25254,277802,MODERATE
2019-05-10,2019,5,10,4,Friday,0,0,7,Saptami (Shukla),0,0,0,0,0,0,0,None,0,0,1,0,0,None,81121,27,20.1,4.8,11.1,4.34,32448,356932,HIGH
2019-05-11,2019,5,11,5,Saturday,1,0,8,Ashtami (Shukla),0,0,0,0,0,0,0,None,0,0,1,0,0,None,88539,31,26.5,6.0,14.6,4.48,35415,389571,PEAK
2019-05-12,2019,5,12,6,Sunday,1,0,9,Navami (Shukla),0,0,0,0,0,0,0,None,0,0,1,0,0,None,89389,31,27.4,6.1,15.1,4.5,35755,393311,PEAK
2019-05-13,2019,5,13,0,Monday,0,0,10,Dashami (Shukla),0,0,0,0,0,0,0,None,0,0,1,0,0,None,80451,27,19.6,4.7,10.8,4.33,32180,353984,HIGH
2019-05-14,2019,5,14,1,Tuesday,0,0,11,Ekadashi (Shukla),1,0,0,0,0,0,0,None,0,0,1,0,0,None,77577,24,17.7,4.2,9.7,4.27,31030,341338,HIGH
2019-05-15,2019,5,15,2,Wednesday,0,0,12,Dwadashi (Shukla),0,0,0,0,0,0,0,None,0,0,1,0,0,None,60826,12,8.8,2.4,4.8,3.96,24330,267634,LOW
2019-05-16,2019,5,16,3,Thursday,0,0,13,Trayodashi (Shukla),0,0,0,0,0,0,0,None,0,0,1,0,0,None,66251,15,11.3,2.9,6.2,4.06,26500,291504,MODERATE
2019-05-17,2019,5,17,4,Friday,0,0,14,Chaturdashi (Shukla),0,0,0,0,0,0,0,None,0,0,1,0,0,None,80188,26,19.5,4.7,10.7,4.32,32075,352827,HIGH
2019-05-18,2019,5,18,5,Saturday,1,0,15,Pournami (Full Moon),0,1,0,0,0,0,0,None,0,0,1,0,0,None,94767,31,32.8,6.9,18.0,4.6,37906,416974,PEAK
2019-05-19,2019,5,19,6,Sunday,1,0,16,Pratipada (Krishna),0,0,0,0,0,0,0,None,0,0,1,0,0,None,93339,31,31.3,6.7,17.2,4.57,37335,410691,PEAK
2019-05-20,2019,5,20,0,Monday,0,0,17,Dwitiya (Krishna),0,0,0,0,0,0,0,None,0,0,1,0,0,None,82269,28,20.8,5.0,11.4,4.36,32907,361983,HIGH
2019-05-21,2019,5,21,1,Tuesday,0,0,18,Tritiya (Krishna),0,0,0,0,0,0,0,None,0,0,1,0,0,None,67902,17,12.1,3.1,6.7,4.09,27160,298768,MODERATE
2019-05-22,2019,5,22,2,Wednesday,0,0,19,Chaturthi (Krishna),0,0,0,0,0,0,0,None,0,0,1,0,0,None,60866,12,8.8,2.4,4.8,3.96,24346,267810,LOW
2019-05-23,2019,5,23,3,Thursday,0,0,20,Panchami (Krishna),0,0,0,0,0,0,0,None,0,0,1,0,0,None,65408,15,10.9,2.8,6.0,4.04,26163,287795,MODERATE
2019-05-24,2019,5,24,4,Friday,0,0,21,Shasthi (Krishna),0,0,0,0,0,0,0,None,0,0,1,0,0,None,80258,26,19.5,4.7,10.7,4.32,32103,353135,HIGH
2019-05-25,2019,5,25,5,Saturday,1,0,22,Saptami (Krishna),0,0,0,0,0,0,0,None,0,0,1,0,0,None,87025,31,25.0,5.8,13.8,4.45,34810,382910,PEAK
2019-05-26,2019,5,26,6,Sunday,1,0,23,Ashtami (Krishna),0,0,0,0,0,0,0,None,0,0,1,0,0,None,87924,31,25.9,5.9,14.2,4.47,35169,386865,PEAK
2019-05-27,2019,5,27,0,Monday,0,0,24,Navami (Krishna),0,0,0,0,0,0,0,None,0,0,1,0,0,None,80062,26,19.4,4.7,10.7,4.32,32024,352272,HIGH
2019-05-28,2019,5,28,1,Tuesday,0,0,25,Dashami (Krishna),0,0,0,0,0,0,0,None,0,0,1,0,0,None,65813,15,11.1,2.9,6.1,4.05,26325,289577,MODERATE
2019-05-29,2019,5,29,2,Wednesday,0,0,26,Ekadashi (Krishna),1,0,0,0,0,0,0,None,0,0,1,0,0,None,74505,22,15.7,3.8,8.6,4.22,29802,327822,HIGH
2019-05-30,2019,5,30,3,Thursday,0,0,27,Dwadashi (Krishna),0,0,0,0,0,0,0,None,0,0,1,0,0,None,66932,16,11.6,3.0,6.4,4.07,26772,294500,MODERATE
2019-05-31,2019,5,31,4,Friday,0,0,28,Trayodashi (Krishna),0,0,0,0,0,0,0,None,0,0,1,0,0,None,82617,28,21.1,5.1,11.6,4.37,33046,363514,HIGH
2019-06-01,2019,6,1,5,Saturday,1,0,29,Chaturdashi (Krishna),0,0,0,0,0,0,0,None,0,0,1,0,0,None,87884,31,25.9,5.9,14.2,4.47,35153,386689,PEAK
2019-06-02,2019,6,2,6,Sunday,1,0,30,Amavasya (New Moon),0,0,1,0,0,0,0,None,0,0,1,0,0,None,87970,31,26.0,5.9,14.3,4.47,35188,387068,PEAK
2019-06-03,2019,6,3,0,Monday,0,0,1,Pratipada (Shukla),0,0,0,0,0,0,0,None,0,0,1,0,0,None,78682,25,18.5,4.4,10.2,4.29,31472,346200,HIGH
2019-06-04,2019,6,4,1,Tuesday,0,0,2,Dwitiya (Shukla),0,0,0,0,0,0,0,None,0,0,1,0,0,None,64354,14,10.5,2.7,5.8,4.02,25741,283157,MODERATE
2019-06-05,2019,6,5,2,Wednesday,0,0,3,Tritiya (Shukla),0,0,0,0,0,0,0,None,0,0,1,0,0,None,65201,15,10.8,2.8,5.9,4.04,26080,286884,MODERATE
2019-06-06,2019,6,6,3,Thursday,0,0,4,Chaturthi (Shukla),0,0,0,0,0,0,0,None,0,0,1,0,0,None,64822,14,10.7,2.8,5.9,4.03,25928,285216,MODERATE
2019-06-07,2019,6,7,4,Friday,0,0,5,Panchami (Shukla),0,0,0,0,0,0,0,None,0,0,1,0,0,None,82068,28,20.7,5.0,11.4,4.36,32827,361099,HIGH
2019-06-08,2019,6,8,5,Saturday,1,0,6,Shasthi (Shukla),0,0,0,0,0,0,0,None,0,0,1,0,0,None,89414,31,27.4,6.1,15.1,4.5,35765,393421,PEAK
2019-06-09,2019,6,9,6,Sunday,1,0,7,Saptami (Shukla),0,0,0,0,0,0,0,None,0,0,1,0,0,None,90682,31,28.7,6.3,15.8,4.52,36272,399000,PEAK
2019-06-10,2019,6,10,0,Monday,0,0,8,Ashtami (Shukla),0,0,0,0,0,0,0,None,0,0,1,0,0,None,82677,28,21.1,5.1,11.6,4.37,33070,363778,HIGH
2019-06-11,2019,6,11,1,Tuesday,0,0,9,Navami (Shukla),0,0,0,0,0,0,0,None,0,0,0,0,0,None,52747,5,5.7,1.8,3.5,3.8,21098,232086,LOW
2019-06-12,2019,6,12,2,Wednesday,0,0,10,Dashami (Shukla),0,0,0,0,0,0,0,None,0,0,0,0,0,None,48000,2,4.0,1.5,3.5,3.71,19200,211200,LOW
2019-06-13,2019,6,13,3,Thursday,0,0,11,Ekadashi (Shukla),1,0,0,0,0,0,0,None,0,0,0,0,0,None,56082,8,6.8,2.0,3.7,3.87,22432,246760,LOW
2019-06-14,2019,6,14,4,Friday,0,0,12,Dwadashi (Shukla),0,0,0,0,0,0,0,None,0,0,0,0,0,None,60373,11,8.6,2.3,4.7,3.95,24149,265641,LOW
2019-06-15,2019,6,15,5,Saturday,1,0,13,Trayodashi (Shukla),0,0,0,0,0,0,0,None,0,0,0,0,0,None,69148,17,12.7,3.2,7.0,4.11,27659,304251,MODERATE
2019-06-16,2019,6,16,6,Sunday,1,0,14,Chaturdashi (Shukla),0,0,0,0,0,0,0,None,0,0,0,0,0,None,68415,17,12.3,3.1,6.8,4.1,27366,301026,MODERATE
2019-06-17,2019,6,17,0,Monday,0,0,15,Pournami (Full Moon),0,1,0,0,0,0,0,None,0,0,0,0,0,None,62765,13,9.7,2.6,5.3,3.99,25106,276166,MODERATE
2019-06-18,2019,6,18,1,Tuesday,0,0,16,Pratipada (Krishna),0,0,0,0,0,0,0,None,0,0,0,0,0,None,48000,2,4.0,1.5,3.5,3.71,19200,211200,LOW
2019-06-19,2019,6,19,2,Wednesday,0,0,17,Dwitiya (Krishna),0,0,0,0,0,0,0,None,0,0,0,0,0,None,48000,2,4.0,1.5,3.5,3.71,19200,211200,LOW
2019-06-20,2019,6,20,3,Thursday,0,0,18,Tritiya (Krishna),0,0,0,0,0,0,0,None,0,0,0,0,0,None,49637,3,4.6,1.6,3.5,3.74,19854,218402,LOW
2019-06-21,2019,6,21,4,Friday,0,0,19,Chaturthi (Krishna),0,0,0,0,0,0,0,None,0,0,0,0,0,None,60449,11,8.6,2.3,4.7,3.95,24179,265975,LOW
2019-06-22,2019,6,22,5,Saturday,1,0,20,Panchami (Krishna),0,0,0,0,0,0,0,None,0,0,0,0,0,None,71891,19,13.9,3.5,7.6,4.17,28756,316320,MODERATE
2019-06-23,2019,6,23,6,Sunday,1,0,21,Shasthi (Krishna),0,0,0,0,0,0,0,None,0,0,0,0,0,None,68838,17,12.5,3.2,6.9,4.11,27535,302887,MODERATE
2019-06-24,2019,6,24,0,Monday,0,0,22,Saptami (Krishna),0,0,0,0,0,0,0,None,0,0,0,0,0,None,51288,4,5.2,1.7,3.5,3.77,20515,225667,LOW
2019-06-25,2019,6,25,1,Tuesday,0,0,23,Ashtami (Krishna),0,0,0,0,0,0,0,None,0,0,0,0,0,None,48733,2,4.3,1.5,3.5,3.73,19493,214425,LOW
2019-06-26,2019,6,26,2,Wednesday,0,0,24,Navami (Krishna),0,0,0,0,0,0,0,None,0,0,0,0,0,None,48166,2,4.1,1.5,3.5,3.72,19266,211930,LOW
2019-06-27,2019,6,27,3,Thursday,0,0,25,Dashami (Krishna),0,0,0,0,0,0,0,None,0,0,0,0,0,None,48000,2,4.0,1.5,3.5,3.71,19200,211200,LOW
2019-06-28,2019,6,28,4,Friday,0,0,26,Ekadashi (Krishna),1,0,0,0,0,0,0,None,0,0,0,0,0,None,71692,19,13.9,3.5,7.6,4.16,28676,315444,MODERATE
2019-06-29,2019,6,29,5,Saturday,1,0,27,Dwadashi (Krishna),0,0,0,0,0,0,0,None,0,0,0,0,0,None,70207,18,13.2,3.3,7.3,4.13,28082,308910,MODERATE
2019-06-30,2019,6,30,6,Sunday,1,0,28,Trayodashi (Krishna),0,0,0,0,0,0,0,None,0,0,0,0,0,None,68457,17,12.4,3.1,6.8,4.1,27382,301210,MODERATE
2019-07-01,2019,7,1,0,Monday,0,0,29,Chaturdashi (Krishna),0,0,0,0,0,0,0,None,0,0,0,0,0,None,54859,7,6.4,2.0,3.5,3.84,21943,241379,LOW
2019-07-02,2019,7,2,1,Tuesday,0,0,30,Amavasya (New Moon),0,0,1,0,0,0,0,None,0,0,0,0,0,None,48000,2,4.0,1.5,3.5,3.71,19200,211200,LOW
2019-07-03,2019,7,3,2,Wednesday,0,0,1,Pratipada (Shukla),0,0,0,0,0,0,0,None,0,0,0,0,0,None,48000,2,4.0,1.5,3.5,3.71,19200,211200,LOW
2019-07-04,2019,7,4,3,Thursday,0,0,2,Dwitiya (Shukla),0,0,0,0,0,0,0,None,0,0,0,0,0,None,48000,2,4.0,1.5,3.5,3.71,19200,211200,LOW
2019-07-05,2019,7,5,4,Friday,0,0,3,Tritiya (Shukla),0,0,0,0,0,0,0,None,0,0,0,0,0,None,63046,13,9.8,2.6,5.4,4.0,25218,277402,MODERATE
2019-07-06,2019,7,6,5,Saturday,1,0,4,Chaturthi (Shukla),0,0,0,0,0,0,0,None,0,0,0,0,0,None,72005,20,14.0,3.5,7.7,4.17,28802,316822,MODERATE
2019-07-07,2019,7,7,6,Sunday,1,0,5,Panchami (Shukla),0,0,0,0,0,0,0,None,0,0,0,0,0,None,65350,15,10.9,2.8,6.0,4.04,26140,287540,MODERATE
2019-07-08,2019,7,8,0,Monday,0,0,6,Shasthi (Shukla),0,0,0,0,0,0,0,None,0,0,0,0,0,None,54073,6,6.1,1.9,3.5,3.83,21629,237921,LOW
2019-07-09,2019,7,9,1,Tuesday,0,0,7,Saptami (Shukla),0,0,0,0,0,0,0,None,0,0,0,0,0,None,48851,2,4.3,1.6,3.5,3.73,19540,214944,LOW
2019-07-10,2019,7,10,2,Wednesday,0,0,8,Ashtami (Shukla),0,0,0,0,0,0,0,None,0,0,0,0,0,None,48000,2,4.0,1.5,3.5,3.71,19200,211200,LOW
2019-07-11,2019,7,11,3,Thursday,0,0,10,Dashami (Shukla),0,0,0,0,0,0,0,None,0,0,0,0,0,None,48000,2,4.0,1.5,3.5,3.71,19200,211200,LOW
2019-07-12,2019,7,12,4,Friday,0,0,11,Ekadashi (Shukla),1,0,0,0,0,0,0,None,0,0,0,0,0,None,77404,24,17.6,4.2,9.7,4.27,30961,340577,HIGH
2019-07-13,2019,7,13,5,Saturday,1,0,12,Dwadashi (Shukla),0,0,0,0,0,0,0,None,0,0,0,0,0,None,72891,20,14.6,3.6,8.0,4.18,29156,320720,MODERATE
2019-07-14,2019,7,14,6,Sunday,1,0,13,Trayodashi (Shukla),0,0,0,0,0,0,0,None,0,0,0,0,0,None,66674,16,11.5,3.0,6.3,4.07,26669,293365,MODERATE
2019-07-15,2019,7,15,0,Monday,0,0,14,Chaturdashi (Shukla),0,0,0,0,0,0,0,None,0,0,0,0,0,None,52616,5,5.6,1.8,3.5,3.8,21046,231510,LOW
2019-07-16,2019,7,16,1,Tuesday,0,0,15,Pournami (Full Moon),0,1,0,0,0,0,0,None,0,0,0,0,0,None,55492,7,6.6,2.0,3.6,3.85,22196,244164,LOW
2019-07-17,2019,7,17,2,Wednesday,0,0,16,Pratipada (Krishna),0,0,0,0,0,0,0,None,0,0,0,0,0,None,48000,2,4.0,1.5,3.5,3.71,19200,211200,LOW
2019-07-18,2019,7,18,3,Thursday,0,0,17,Dwitiya (Krishna),0,0,0,0,0,0,0,None,0,0,0,0,0,None,48000,2,4.0,1.5,3.5,3.71,19200,211200,LOW
2019-07-19,2019,7,19,4,Friday,0,0,18,Tritiya (Krishna),0,0,0,0,0,0,0,None,0,0,0,0,0,None,63836,14,10.2,2.7,5.6,4.01,25534,280878,MODERATE
2019-07-20,2019,7,20,5,Saturday,1,0,19,Chaturthi (Krishna),0,0,0,0,0,0,0,None,0,0,0,0,0,None,73118,20,14.7,3.6,8.1,4.19,29247,321719,HIGH
2019-07-21,2019,7,21,6,Sunday,1,0,20,Panchami (Krishna),0,0,0,0,0,0,0,None,0,0,0,0,0,None,65369,15,10.9,2.8,6.0,4.04,26147,287623,MODERATE
2019-07-22,2019,7,22,0,Monday,0,0,21,Shasthi (Krishna),0,0,0,0,0,0,0,None,0,0,0,0,0,None,54870,7,6.4,2.0,3.5,3.84,21948,241428,LOW
2019-07-23,2019,7,23,1,Tuesday,0,0,22,Saptami (Krishna),0,0,0,0,0,0,0,None,0,0,0,0,0,None,48035,2,4.0,1.5,3.5,3.71,19214,211354,LOW
2019-07-24,2019,7,24,2,Wednesday,0,0,23,Ashtami (Krishna),0,0,0,0,0,0,0,None,0,0,0,0,0,None,48000,2,4.0,1.5,3.5,3.71,19200,211200,LOW
2019-07-25,2019,7,25,3,Thursday,0,0,24,Navami (Krishna),0,0,0,0,0,0,0,None,0,0,0,0,0,None,49406,3,4.5,1.6,3.5,3.74,19762,217386,LOW
2019-07-26,2019,7,26,4,Friday,0,0,25,Dashami (Krishna),0,0,0,0,0,0,0,None,0,0,0,0,0,None,61779,12,9.3,2.5,5.1,3.97,24711,271827,LOW
2019-07-27,2019,7,27,5,Saturday,1,0,26,Ekadashi (Krishna),1,0,0,0,0,0,0,None,0,0,0,0,0,None,83101,29,21.4,5.2,11.8,4.38,33240,365644,HIGH
2019-07-28,2019,7,28,6,Sunday,1,0,27,Dwadashi (Krishna),0,0,0,0,0,0,0,None,0,0,0,0,0,None,74047,21,15.4,3.7,8.5,4.21,29618,325806,HIGH
2019-07-29,2019,7,29,0,Monday,0,0,28,Trayodashi (Krishna),0,0,0,0,0,0,0,None,0,0,0,0,0,None,51946,5,5.4,1.8,3.5,3.79,20778,228562,LOW
2019-07-30,2019,7,30,1,Tuesday,0,0,29,Chaturdashi (Krishna),0,0,0,0,0,0,0,None,0,0,0,0,0,None,48691,2,4.2,1.5,3.5,3.73,19476,214240,LOW
2019-07-31,2019,7,31,2,Wednesday,0,0,30,Amavasya (New Moon),0,0,1,0,0,0,0,None,0,0,0,0,0,None,48000,2,4.0,1.5,3.5,3.71,19200,211200,LOW
2019-08-01,2019,8,1,3,Thursday,0,0,1,Pratipada (Shukla),0,0,0,0,0,0,0,None,0,0,0,0,0,None,48535,2,4.2,1.5,3.5,3.72,19414,213554,LOW
2019-08-02,2019,8,2,4,Friday,0,0,2,Dwitiya (Shukla),0,0,0,0,0,0,0,None,0,0,0,0,0,None,61779,12,9.3,2.5,5.1,3.97,24711,271827,LOW
2019-08-03,2019,8,3,5,Saturday,1,0,3,Tritiya (Shukla),0,0,0,0,0,0,0,None,0,0,0,0,0,None,72597,20,14.4,3.6,7.9,4.18,29038,319426,MODERATE
2019-08-04,2019,8,4,6,Sunday,1,0,4,Chaturthi (Shukla),0,0,0,0,0,0,0,None,0,0,0,0,0,None,66249,15,11.3,2.9,6.2,4.06,26499,291495,MODERATE
2019-08-05,2019,8,5,0,Monday,0,0,5,Panchami (Shukla),0,0,0,0,0,0,0,None,0,0,0,0,0,None,54409,7,6.2,1.9,3.5,3.83,21763,239399,LOW
2019-08-06,2019,8,6,1,Tuesday,0,0,6,Shasthi (Shukla),0,0,0,0,0,0,0,None,0,0,0,0,0,None,48777,2,4.3,1.6,3.5,3.73,19510,214618,LOW
2019-08-07,2019,8,7,2,Wednesday,0,0,7,Saptami (Shukla),0,0,0,0,0,0,0,None,0,0,0,0,0,None,48000,2,4.0,1.5,3.5,3.71,19200,211200,LOW
2019-08-08,2019,8,8,3,Thursday,0,0,8,Ashtami (Shukla),0,0,0,0,0,0,0,None,0,0,0,0,0,None,50083,3,4.7,1.6,3.5,3.75,20033,220365,LOW
2019-08-09,2019,8,9,4,Friday,0,0,9,Navami (Shukla),0,0,0,0,0,0,0,None,0,0,0,0,0,None,60827,12,8.8,2.4,4.8,3.96,24330,267638,LOW
2019-08-10,2019,8,10,5,Saturday,1,0,10,Dashami (Shukla),0,0,0,0,0,0,0,None,0,0,0,0,0,None,71078,19,13.6,3.4,7.5,4.15,28431,312743,MODERATE
2019-08-11,2019,8,11,6,Sunday,1,0,11,Ekadashi (Shukla),1,0,0,0,0,0,0,None,0,0,0,0,0,None,80661,27,19.8,4.8,10.9,4.33,32264,354908,HIGH
2019-08-12,2019,8,12,0,Monday,0,0,12,Dwadashi (Shukla),0,0,0,0,0,0,0,None,0,0,0,0,0,None,53460,6,5.9,1.9,3.5,3.82,21384,235224,LOW
2019-08-13,2019,8,13,1,Tuesday,0,0,13,Trayodashi (Shukla),0,0,0,0,0,0,0,None,0,0,0,0,0,None,48000,2,4.0,1.5,3.5,3.71,19200,211200,LOW
2019-08-14,2019,8,14,2,Wednesday,0,0,14,Chaturdashi (Shukla),0,0,0,0,0,0,0,None,0,0,0,0,0,None,48000,2,4.0,1.5,3.5,3.71,19200,211200,LOW
2019-08-15,2019,8,15,3,Thursday,0,0,15,Pournami (Full Moon),0,1,0,0,0,0,0,None,0,0,0,1,1,Independence Day,75449,22,16.3,3.9,9.0,4.23,30179,331975,HIGH
2019-08-16,2019,8,16,4,Friday,0,0,16,Pratipada (Krishna),0,0,0,0,0,0,0,None,0,0,0,0,0,None,60669,11,8.7,2.4,4.8,3.95,24267,266943,LOW
2019-08-17,2019,8,17,5,Saturday,1,0,17,Dwitiya (Krishna),0,0,0,0,0,0,0,None,0,0,0,0,0,None,72978,20,14.7,3.6,8.1,4.19,29191,321103,MODERATE
2019-08-18,2019,8,18,6,Sunday,1,0,18,Tritiya (Krishna),0,0,0,0,0,0,0,None,0,0,0,0,0,None,66637,16,11.5,3.0,6.3,4.07,26654,293202,MODERATE
2019-08-19,2019,8,19,0,Monday,0,0,19,Chaturthi (Krishna),0,0,0,0,0,0,0,None,0,0,0,0,0,None,54530,7,6.3,1.9,3.5,3.84,21812,239932,LOW
2019-08-20,2019,8,20,1,Tuesday,0,0,20,Panchami (Krishna),0,0,0,0,0,0,0,None,0,0,0,0,0,None,48284,2,4.1,1.5,3.5,3.72,19313,212449,LOW
2019-08-21,2019,8,21,2,Wednesday,0,0,21,Shasthi (Krishna),0,0,0,0,0,0,0,None,0,0,0,0,0,None,48000,2,4.0,1.5,3.5,3.71,19200,211200,LOW
2019-08-22,2019,8,22,3,Thursday,0,0,22,Saptami (Krishna),0,0,0,0,0,0,0,None,0,0,0,0,0,None,48000,2,4.0,1.5,3.5,3.71,19200,211200,LOW
2019-08-23,2019,8,23,4,Friday,0,0,23,Ashtami (Krishna),0,0,0,0,0,0,0,None,0,0,0,0,0,None,64325,14,10.4,2.7,5.7,4.02,25730,283030,MODERATE
2019-08-24,2019,8,24,5,Saturday,1,0,24,Navami (Krishna),0,0,0,0,0,0,0,None,0,0,0,0,0,None,68916,17,12.6,3.2,6.9,4.11,27566,303230,MODERATE
2019-08-25,2019,8,25,6,Sunday,1,0,25,Dashami (Krishna),0,0,0,0,0,0,0,None,0,0,0,0,0,None,68688,17,12.5,3.2,6.9,4.11,27475,302227,MODERATE
2019-08-26,2019,8,26,0,Monday,0,0,26,Ekadashi (Krishna),1,0,0,0,0,0,0,None,0,0,0,0,0,None,63445,13,10.0,2.6,5.5,4.01,25378,279158,MODERATE
2019-08-27,2019,8,27,1,Tuesday,0,0,27,Dwadashi (Krishna),0,0,0,0,0,0,0,None,0,0,0,0,0,None,48501,2,4.2,1.5,3.5,3.72,19400,213404,LOW
2019-08-28,2019,8,28,2,Wednesday,0,0,28,Trayodashi (Krishna),0,0,0,0,0,0,0,None,0,0,0,0,0,None,48000,2,4.0,1.5,3.5,3.71,19200,211200,LOW
2019-08-29,2019,8,29,3,Thursday,0,0,29,Chaturdashi (Krishna),0,0,0,0,0,0,0,None,0,0,0,0,0,None,49167,2,4.4,1.6,3.5,3.73,19666,216334,LOW
2019-08-30,2019,8,30,4,Friday,0,0,30,Amavasya (New Moon),0,0,1,0,0,0,0,None,0,0,0,0,0,None,62054,12,9.4,2.5,5.2,3.98,24821,273037,MODERATE
2019-08-31,2019,8,31,5,Saturday,1,0,1,Pratipada (Shukla),0,0,0,0,0,0,0,None,0,0,0,0,0,None,72950,20,14.6,3.6,8.0,4.19,29180,320980,MODERATE
2019-09-01,2019,9,1,6,Sunday,1,0,2,Dwitiya (Shukla),0,0,0,0,0,0,0,None,0,0,0,0,0,None,65302,15,10.9,2.8,6.0,4.04,26120,287328,MODERATE
2019-09-02,2019,9,2,0,Monday,0,0,3,Tritiya (Shukla),0,0,0,0,0,0,0,None,0,0,0,0,0,None,51741,4,5.3,1.7,3.5,3.78,20696,227660,LOW
2019-09-03,2019,9,3,1,Tuesday,0,0,4,Chaturthi (Shukla),0,0,0,0,0,0,0,None,0,0,0,0,0,None,48249,2,4.1,1.5,3.5,3.72,19299,212295,LOW
2019-09-04,2019,9,4,2,Wednesday,0,0,5,Panchami (Shukla),0,0,0,0,0,0,0,None,0,0,0,0,0,None,48000,2,4.0,1.5,3.5,3.71,19200,211200,LOW
2019-09-05,2019,9,5,3,Thursday,0,0,6,Shasthi (Shukla),0,0,0,0,0,0,0,None,0,0,0,0,0,None,48917,2,4.3,1.6,3.5,3.73,19566,215234,LOW
2019-09-06,2019,9,6,4,Friday,0,0,7,Saptami (Shukla),0,0,0,0,0,0,0,None,0,0,0,0,0,None,61967,12,9.3,2.5,5.1,3.98,24786,272654,LOW
2019-09-07,2019,9,7,5,Saturday,1,0,8,Ashtami (Shukla),0,0,0,0,0,0,0,None,0,0,0,0,0,None,71456,19,13.7,3.4,7.5,4.16,28582,314406,MODERATE
2019-09-08,2019,9,8,6,Sunday,1,0,9,Navami (Shukla),0,0,0,0,0,0,0,None,0,0,0,0,0,None,67097,16,11.7,3.0,6.4,4.07,26838,295226,MODERATE
2019-09-09,2019,9,9,0,Monday,0,0,10,Dashami (Shukla),0,0,0,0,0,0,0,None,0,0,0,0,0,None,53961,6,6.1,1.9,3.5,3.83,21584,237428,LOW
2019-09-10,2019,9,10,1,Tuesday,0,0,11,Ekadashi (Shukla),1,0,0,0,0,0,0,None,0,0,0,0,0,None,56252,8,6.9,2.1,3.8,3.87,22500,247508,LOW
2019-09-11,2019,9,11,2,Wednesday,0,0,12,Dwadashi (Shukla),0,0,0,0,0,0,0,None,0,0,0,0,0,None,48000,2,4.0,1.5,3.5,3.71,19200,211200,LOW
2019-09-12,2019,9,12,3,Thursday,0,0,14,Chaturdashi (Shukla),0,0,0,0,0,0,0,None,0,0,0,0,0,None,48000,2,4.0,1.5,3.5,3.71,19200,211200,LOW
2019-09-13,2019,9,13,4,Friday,0,0,15,Pournami (Full Moon),0,1,0,0,0,0,0,None,0,0,0,0,0,None,71820,19,13.9,3.5,7.6,4.16,28728,316008,MODERATE
2019-09-14,2019,9,14,5,Saturday,1,0,16,Pratipada (Krishna),0,0,0,0,0,0,0,None,0,0,0,0,0,None,69116,17,12.7,3.2,7.0,4.11,27646,304110,MODERATE
2019-09-15,2019,9,15,6,Sunday,1,0,17,Dwitiya (Krishna),0,0,0,0,0,0,0,None,0,0,0,0,0,None,65839,15,11.1,2.9,6.1,4.05,26335,289691,MODERATE
2019-09-16,2019,9,16,0,Monday,0,0,18,Tritiya (Krishna),0,0,0,0,0,0,0,None,0,0,0,0,0,None,51309,4,5.2,1.7,3.5,3.77,20523,225759,LOW
2019-09-17,2019,9,17,1,Tuesday,0,0,19,Chaturthi (Krishna),0,0,0,1,0,0,0,None,0,0,0,0,0,None,48000,2,4.0,1.5,3.5,3.71,19200,211200,LOW
2019-09-18,2019,9,18,2,Wednesday,0,0,20,Panchami (Krishna),0,0,0,1,0,0,0,None,0,0,0,0,0,None,48000,2,4.0,1.5,3.5,3.71,19200,211200,LOW
2019-09-19,2019,9,19,3,Thursday,0,0,21,Shasthi (Krishna),0,0,0,1,0,0,0,None,0,0,0,0,0,None,48000,2,4.0,1.5,3.5,3.71,19200,211200,LOW
2019-09-20,2019,9,20,4,Friday,0,0,22,Saptami (Krishna),0,0,0,1,0,0,0,None,0,0,0,0,0,None,69794,18,13.0,3.3,7.2,4.13,27917,307093,MODERATE
2019-09-21,2019,9,21,5,Saturday,1,0,23,Ashtami (Krishna),0,0,0,1,1,0,0,None,0,0,0,0,0,None,87137,31,25.1,5.8,13.8,4.46,34854,383402,PEAK
2019-09-22,2019,9,22,6,Sunday,1,0,24,Navami (Krishna),0,0,0,1,0,0,0,None,0,0,0,0,0,None,83484,29,21.7,5.2,11.9,4.39,33393,367329,HIGH
2019-09-23,2019,9,23,0,Monday,0,0,25,Dashami (Krishna),0,0,0,1,0,0,0,None,0,0,0,0,0,None,59441,11,8.2,2.3,4.5,3.93,23776,261540,LOW
2019-09-24,2019,9,24,1,Tuesday,0,0,26,Ekadashi (Krishna),1,0,0,1,0,0,0,None,0,0,0,0,0,None,57136,9,7.2,2.1,4.0,3.89,22854,251398,LOW
2019-09-25,2019,9,25,2,Wednesday,0,0,27,Dwadashi (Krishna),0,0,0,1,0,0,0,None,0,0,0,0,0,None,48000,2,4.0,1.5,3.5,3.71,19200,211200,LOW
2019-09-26,2019,9,26,3,Thursday,0,0,28,Trayodashi (Krishna),0,0,0,1,0,0,0,None,0,0,0,0,0,None,48000,2,4.0,1.5,3.5,3.71,19200,211200,LOW
2019-09-27,2019,9,27,4,Friday,0,0,29,Chaturdashi (Krishna),0,0,0,1,0,0,0,None,0,0,0,0,0,None,69667,18,12.9,3.3,7.1,4.12,27866,306534,MODERATE
2019-09-28,2019,9,28,5,Saturday,1,0,30,Amavasya (New Moon),0,0,1,1,1,0,0,None,0,0,0,0,0,None,86248,31,24.2,5.7,13.3,4.44,34499,379491,PEAK
2019-09-29,2019,9,29,6,Sunday,1,0,1,Pratipada (Shukla),0,0,0,1,0,0,0,None,0,0,0,0,0,None,81472,27,20.3,4.9,11.2,4.35,32588,358476,HIGH
2019-09-30,2019,9,30,0,Monday,0,0,2,Dwitiya (Shukla),0,0,0,1,0,0,0,None,0,0,0,0,0,None,52907,5,5.7,1.8,3.5,3.81,21162,232790,LOW
2019-10-01,2019,10,1,1,Tuesday,0,0,3,Tritiya (Shukla),0,0,0,1,0,0,0,None,0,0,0,0,0,None,59562,11,8.2,2.3,4.5,3.93,23824,262072,LOW
2019-10-02,2019,10,2,2,Wednesday,0,0,4,Chaturthi (Shukla),0,0,0,1,0,0,0,None,0,0,0,1,1,Gandhi Jayanti,76952,24,17.3,4.1,9.5,4.26,30780,338588,HIGH
2019-10-03,2019,10,3,3,Thursday,0,0,5,Panchami (Shukla),0,0,0,1,0,0,0,None,0,0,0,0,0,None,63055,13,9.8,2.6,5.4,4.0,25222,277442,MODERATE
2019-10-04,2019,10,4,4,Friday,0,0,6,Shasthi (Shukla),0,0,0,1,0,0,0,None,0,0,0,0,0,None,84232,31,22.2,5.4,12.2,4.4,33692,370620,PEAK
2019-10-05,2019,10,5,5,Saturday,1,0,7,Saptami (Shukla),0,0,0,1,1,0,0,None,0,0,0,0,0,None,98000,31,36.0,7.3,19.8,4.66,39200,431200,PEAK
2019-10-06,2019,10,6,6,Sunday,1,0,8,Ashtami (Shukla),0,0,0,1,0,0,0,None,0,0,0,0,0,None,98000,31,36.0,7.3,19.8,4.66,39200,431200,PEAK
2019-10-07,2019,10,7,0,Monday,0,0,9,Navami (Shukla),0,0,0,1,0,0,0,None,0,0,0,0,0,None,86113,31,24.1,5.7,13.3,4.44,34445,378897,PEAK
2019-10-08,2019,10,8,1,Tuesday,0,0,10,Dashami (Shukla),0,0,0,1,0,0,0,None,0,0,0,0,0,None,67073,16,11.7,3.0,6.4,4.07,26829,295121,MODERATE
2019-10-09,2019,10,9,2,Wednesday,0,0,11,Ekadashi (Shukla),1,0,0,1,0,0,0,None,0,0,0,0,0,None,71737,19,13.9,3.5,7.6,4.16,28694,315642,MODERATE
2019-10-10,2019,10,10,3,Thursday,0,0,12,Dwadashi (Shukla),0,0,0,1,0,0,0,None,0,0,0,0,0,None,61109,12,8.9,2.4,4.9,3.96,24443,268879,LOW
2019-10-11,2019,10,11,4,Friday,0,0,13,Trayodashi (Shukla),0,0,0,1,0,0,0,None,0,0,0,0,0,None,83962,29,22.0,5.3,12.1,4.4,33584,369432,HIGH
2019-10-12,2019,10,12,5,Saturday,1,0,14,Chaturdashi (Shukla),0,0,0,1,1,0,0,None,0,0,0,0,0,None,98000,31,36.0,7.3,19.8,4.66,39200,431200,PEAK
2019-10-13,2019,10,13,6,Sunday,1,0,15,Pournami (Full Moon),0,1,0,1,0,0,0,None,0,0,0,0,0,None,98000,31,36.0,7.3,19.8,4.66,39200,431200,PEAK
2019-10-14,2019,10,14,0,Monday,0,0,16,Pratipada (Krishna),0,0,0,1,0,0,0,None,0,0,0,0,0,None,90771,31,28.8,6.3,15.8,4.52,36308,399392,PEAK
2019-10-15,2019,10,15,1,Tuesday,0,0,17,Dwitiya (Krishna),0,0,0,1,0,0,0,None,0,0,0,0,0,None,74904,22,15.9,3.8,8.7,4.22,29961,329577,HIGH
2019-10-16,2019,10,16,2,Wednesday,0,0,18,Tritiya (Krishna),0,0,0,1,0,0,0,None,0,0,0,0,0,None,57946,9,7.5,2.2,4.1,3.9,23178,254962,LOW
2019-10-17,2019,10,17,3,Thursday,0,0,19,Chaturthi (Krishna),0,0,0,1,0,0,0,None,0,0,0,0,0,None,62315,13,9.5,2.5,5.2,3.98,24926,274186,MODERATE
2019-10-18,2019,10,18,4,Friday,0,0,20,Panchami (Krishna),0,0,0,0,0,0,0,None,0,0,0,0,0,None,77008,24,17.3,4.1,9.5,4.26,30803,338835,HIGH
2019-10-19,2019,10,19,5,Saturday,1,0,21,Shasthi (Krishna),0,0,0,0,0,0,0,None,0,0,0,0,0,None,68851,17,12.5,3.2,6.9,4.11,27540,302944,MODERATE
2019-10-20,2019,10,20,6,Sunday,1,0,22,Saptami (Krishna),0,0,0,0,0,0,0,None,0,0,0,0,0,None,68199,17,12.2,3.1,6.7,4.1,27279,300075,MODERATE
2019-10-21,2019,10,21,0,Monday,0,0,23,Ashtami (Krishna),0,0,0,0,0,0,0,None,0,0,0,0,0,None,51030,4,5.1,1.7,3.5,3.77,20412,224532,LOW
2019-10-22,2019,10,22,1,Tuesday,0,0,24,Navami (Krishna),0,0,0,0,0,0,0,None,0,0,0,0,0,None,48000,2,4.0,1.5,3.5,3.71,19200,211200,LOW
2019-10-23,2019,10,23,2,Wednesday,0,0,25,Dashami (Krishna),0,0,0,0,0,0,0,None,0,0,0,0,0,None,48000,2,4.0,1.5,3.5,3.71,19200,211200,LOW
2019-10-24,2019,10,24,3,Thursday,0,0,26,Ekadashi (Krishna),1,0,0,0,0,0,0,None,0,0,0,0,0,None,57404,9,7.3,2.1,4.0,3.89,22961,252577,LOW
2019-10-25,2019,10,25,4,Friday,0,0,27,Dwadashi (Krishna),0,0,0,0,0,0,0,None,0,0,0,0,0,None,64553,14,10.5,2.8,5.8,4.03,25821,284033,MODERATE
2019-10-26,2019,10,26,5,Saturday,1,0,28,Trayodashi (Krishna),0,0,0,0,0,0,0,None,0,0,0,0,0,None,69104,17,12.7,3.2,7.0,4.11,27641,304057,MODERATE
2019-10-27,2019,10,27,6,Sunday,1,0,29,Chaturdashi (Krishna),0,0,0,0,0,0,0,None,0,0,0,0,0,None,68927,17,12.6,3.2,6.9,4.11,27570,303278,MODERATE
2019-10-28,2019,10,28,0,Monday,0,0,30,Amavasya (New Moon),0,0,1,0,0,0,0,None,0,0,0,0,0,None,53370,6,5.9,1.9,3.5,3.81,21348,234828,LOW
2019-10-29,2019,10,29,1,Tuesday,0,0,1,Pratipada (Shukla),0,0,0,0,0,0,0,None,0,0,0,0,0,None,48625,2,4.2,1.5,3.5,3.72,19450,213950,LOW
2019-10-30,2019,10,30,2,Wednesday,0,0,2,Dwitiya (Shukla),0,0,0,0,0,0,0,None,0,0,0,0,0,None,48000,2,4.0,1.5,3.5,3.71,19200,211200,LOW
2019-10-31,2019,10,31,3,Thursday,0,0,3,Tritiya (Shukla),0,0,0,0,0,0,0,None,0,0,0,0,0,None,48687,2,4.2,1.5,3.5,3.73,19474,214222,LOW
2019-11-01,2019,11,1,4,Friday,0,1,4,Chaturthi (Shukla),0,0,0,0,0,0,0,None,0,0,0,1,1,Kannada Rajyotsava / AP Formation Day,84945,31,22.9,5.5,12.6,4.41,33978,373758,PEAK
2019-11-02,2019,11,2,5,Saturday,1,1,5,Panchami (Shukla),0,0,0,0,0,0,0,None,0,0,0,0,0,None,86631,31,24.6,5.7,13.5,4.45,34652,381176,PEAK
2019-11-03,2019,11,3,6,Sunday,1,1,6,Shasthi (Shukla),0,0,0,0,0,0,0,None,0,0,0,0,0,None,86709,31,24.7,5.7,13.6,4.45,34683,381519,PEAK
2019-11-04,2019,11,4,0,Monday,0,0,7,Saptami (Shukla),0,0,0,0,0,0,0,None,0,0,0,0,0,None,63440,13,10.0,2.6,5.5,4.01,25376,279136,MODERATE
2019-11-05,2019,11,5,1,Tuesday,0,0,8,Ashtami (Shukla),0,0,0,0,0,1,0,None,0,0,0,0,0,None,52393,5,5.5,1.8,3.5,3.8,20957,230529,LOW
2019-11-06,2019,11,6,2,Wednesday,0,0,9,Navami (Shukla),0,0,0,0,0,1,0,None,0,0,0,0,0,None,52516,5,5.6,1.8,3.5,3.8,21006,231070,LOW
2019-11-07,2019,11,7,3,Thursday,0,0,10,Dashami (Shukla),0,0,0,0,0,1,0,None,0,0,0,0,0,None,54909,7,6.4,2.0,3.5,3.84,21963,241599,LOW
2019-11-08,2019,11,8,4,Friday,0,0,11,Ekadashi (Shukla),1,0,0,0,0,1,0,None,0,0,0,0,0,None,82169,28,20.8,5.0,11.4,4.36,32867,361543,HIGH
2019-11-09,2019,11,9,5,Saturday,1,0,12,Dwadashi (Shukla),0,0,0,0,0,1,0,None,0,0,0,0,0,None,82404,28,20.9,5.1,11.5,4.37,32961,362577,HIGH
2019-11-10,2019,11,10,6,Sunday,1,0,13,Trayodashi (Shukla),0,0,0,0,0,1,0,None,0,0,0,0,0,None,77016,24,17.3,4.1,9.5,4.26,30806,338870,HIGH
2019-11-11,2019,11,11,0,Monday,0,0,14,Chaturdashi (Shukla),0,0,0,0,0,1,0,None,0,0,0,0,0,None,57900,9,7.5,2.2,4.1,3.9,23160,254760,LOW
2019-11-12,2019,11,12,1,Tuesday,0,0,15,Pournami (Full Moon),0,1,0,0,0,1,0,None,0,0,0,0,0,None,63627,14,10.1,2.7,5.6,4.01,25450,279958,MODERATE
2019-11-13,2019,11,13,2,Wednesday,0,0,16,Pratipada (Krishna),0,0,0,0,0,1,0,None,0,0,0,0,0,None,50585,4,4.9,1.7,3.5,3.76,20234,222574,LOW
2019-11-14,2019,11,14,3,Thursday,0,0,18,Tritiya (Krishna),0,0,0,0,0,1,0,None,0,0,0,0,0,None,53011,6,5.8,1.8,3.5,3.81,21204,233248,LOW
2019-11-15,2019,11,15,4,Friday,0,0,19,Chaturthi (Krishna),0,0,0,0,0,1,0,None,0,0,0,0,0,None,67187,16,11.8,3.0,6.5,4.08,26874,295622,MODERATE
2019-11-16,2019,11,16,5,Saturday,1,0,20,Panchami (Krishna),0,0,0,0,0,1,0,None,0,0,0,0,0,None,76657,23,17.1,4.1,9.4,4.26,30662,337290,HIGH
2019-11-17,2019,11,17,6,Sunday,1,0,21,Shasthi (Krishna),0,0,0,0,0,1,0,None,0,0,0,0,0,None,75300,22,16.2,3.9,8.9,4.23,30120,331320,HIGH
2019-11-18,2019,11,18,0,Monday,0,0,22,Saptami (Krishna),0,0,0,0,0,1,0,None,0,0,0,0,0,None,59715,11,8.3,2.3,4.6,3.93,23886,262746,LOW
2019-11-19,2019,11,19,1,Tuesday,0,0,23,Ashtami (Krishna),0,0,0,0,0,1,0,None,0,0,0,0,0,None,52333,5,5.5,1.8,3.5,3.79,20933,230265,LOW
2019-11-20,2019,11,20,2,Wednesday,0,0,24,Navami (Krishna),0,0,0,0,0,1,0,None,0,0,0,0,0,None,50895,4,5.0,1.7,3.5,3.77,20358,223938,LOW
2019-11-21,2019,11,21,3,Thursday,0,0,25,Dashami (Krishna),0,0,0,0,0,1,0,None,0,0,0,0,0,None,55333,7,6.6,2.0,3.6,3.85,22133,243465,LOW
2019-11-22,2019,11,22,4,Friday,0,0,26,Ekadashi (Krishna),1,0,0,0,0,1,0,None,0,0,0,0,0,None,82057,28,20.7,5.0,11.4,4.36,32822,361050,HIGH
2019-11-23,2019,11,23,5,Saturday,1,0,27,Dwadashi (Krishna),0,0,0,0,0,1,0,None,0,0,0,0,0,None,80925,27,19.9,4.8,10.9,4.34,32370,356070,HIGH
2019-11-24,2019,11,24,6,Sunday,1,0,28,Trayodashi (Krishna),0,0,0,0,0,1,0,None,0,0,0,0,0,None,78108,25,18.1,4.3,10.0,4.28,31243,343675,HIGH
2019-11-25,2019,11,25,0,Monday,0,0,29,Chaturdashi (Krishna),0,0,0,0,0,1,0,None,0,0,0,0,0,None,61280,12,9.0,2.4,5.0,3.96,24512,269632,LOW
2019-11-26,2019,11,26,1,Tuesday,0,0,30,Amavasya (New Moon),0,0,1,0,0,1,0,None,0,0,0,0,0,None,54447,7,6.3,1.9,3.5,3.83,21778,239566,LOW
2019-11-27,2019,11,27,2,Wednesday,0,0,1,Pratipada (Shukla),0,0,0,0,0,1,0,None,0,0,0,0,0,None,52533,5,5.6,1.8,3.5,3.8,21013,231145,LOW
2019-11-28,2019,11,28,3,Thursday,0,0,2,Dwitiya (Shukla),0,0,0,0,0,1,0,None,0,0,0,0,0,None,55133,7,6.5,2.0,3.6,3.85,22053,242585,LOW
2019-11-29,2019,11,29,4,Friday,0,0,3,Tritiya (Shukla),0,0,0,0,0,1,0,None,0,0,0,0,0,None,71965,19,14.0,3.5,7.7,4.17,28786,316646,MODERATE
2019-11-30,2019,11,30,5,Saturday,1,0,4,Chaturthi (Shukla),0,0,0,0,0,1,0,None,0,0,0,0,0,None,79355,26,18.9,4.5,10.4,4.31,31742,349162,HIGH
2019-12-01,2019,12,1,6,Sunday,1,0,5,Panchami (Shukla),0,0,0,0,0,1,0,None,0,0,0,0,0,None,75869,23,16.6,3.9,9.1,4.24,30347,333823,HIGH
2019-12-02,2019,12,2,0,Monday,0,0,6,Shasthi (Shukla),0,0,0,0,0,1,0,None,0,0,0,0,0,None,59970,11,8.4,2.3,4.6,3.94,23988,263868,LOW
2019-12-03,2019,12,3,1,Tuesday,0,0,7,Saptami (Shukla),0,0,0,0,0,1,0,None,0,0,0,0,0,None,54961,7,6.4,2.0,3.5,3.84,21984,241828,LOW
2019-12-04,2019,12,4,2,Wednesday,0,0,8,Ashtami (Shukla),0,0,0,0,0,1,0,None,0,0,0,0,0,None,53371,6,5.9,1.9,3.5,3.81,21348,234832,LOW
2019-12-05,2019,12,5,3,Thursday,0,0,9,Navami (Shukla),0,0,0,0,0,1,0,None,0,0,0,0,0,None,52565,5,5.6,1.8,3.5,3.8,21026,231286,LOW
2019-12-06,2019,12,6,4,Friday,0,0,10,Dashami (Shukla),0,0,0,0,0,0,0,None,0,0,0,0,0,None,60440,11,8.6,2.3,4.7,3.95,24176,265936,LOW
2019-12-07,2019,12,7,5,Saturday,1,0,11,Ekadashi (Shukla),1,0,0,0,0,0,0,None,0,0,0,0,0,None,81788,28,20.5,5.0,11.3,4.35,32715,359867,HIGH
2019-12-08,2019,12,8,6,Sunday,1,0,12,Dwadashi (Shukla),0,0,0,0,0,0,0,None,0,0,0,0,0,None,71275,19,13.7,3.4,7.5,4.15,28510,313610,MODERATE
2019-12-09,2019,12,9,0,Monday,0,0,13,Trayodashi (Shukla),0,0,0,0,0,0,0,None,0,0,0,0,0,None,53212,6,5.8,1.8,3.5,3.81,21284,234132,LOW
2019-12-10,2019,12,10,1,Tuesday,0,0,14,Chaturdashi (Shukla),0,0,0,0,0,0,0,None,0,0,0,0,0,None,48000,2,4.0,1.5,3.5,3.71,19200,211200,LOW
2019-12-11,2019,12,11,2,Wednesday,0,0,15,Pournami (Full Moon),0,1,0,0,0,0,0,None,0,0,0,0,0,None,53152,6,5.8,1.8,3.5,3.81,21260,233868,LOW
2019-12-12,2019,12,12,3,Thursday,0,0,16,Pratipada (Krishna),0,0,0,0,0,0,0,None,0,0,0,0,0,None,49333,3,4.5,1.6,3.5,3.74,19733,217065,LOW
2019-12-13,2019,12,13,4,Friday,0,0,17,Dwitiya (Krishna),0,0,0,0,0,0,0,None,0,0,0,0,0,None,63092,13,9.9,2.6,5.4,4.0,25236,277604,MODERATE
2019-12-14,2019,12,14,5,Saturday,1,0,18,Tritiya (Krishna),0,0,0,0,0,0,0,None,0,0,0,0,0,None,73804,21,15.2,3.7,8.4,4.2,29521,324737,HIGH
2019-12-15,2019,12,15,6,Sunday,1,0,19,Chaturthi (Krishna),0,0,0,0,0,0,0,None,0,0,0,0,0,None,67502,16,11.9,3.1,6.5,4.08,27000,297008,MODERATE
2019-12-16,2019,12,16,0,Monday,0,0,20,Panchami (Krishna),0,0,0,0,0,0,0,None,0,0,0,0,0,None,52893,5,5.7,1.8,3.5,3.8,21157,232729,LOW
2019-12-17,2019,12,17,1,Tuesday,0,0,21,Shasthi (Krishna),0,0,0,0,0,0,0,None,0,0,0,0,0,None,48000,2,4.0,1.5,3.5,3.71,19200,211200,LOW
2019-12-18,2019,12,18,2,Wednesday,0,0,22,Saptami (Krishna),0,0,0,0,0,0,0,None,0,0,0,0,0,None,48000,2,4.0,1.5,3.5,3.71,19200,211200,LOW
2019-12-19,2019,12,19,3,Thursday,0,0,23,Ashtami (Krishna),0,0,0,0,0,0,0,None,0,0,0,0,0,None,48335,2,4.1,1.5,3.5,3.72,19334,212674,LOW
2019-12-20,2019,12,20,4,Friday,0,0,24,Navami (Krishna),0,0,0,0,0,0,0,None,0,0,0,0,0,None,61217,12,9.0,2.4,5.0,3.96,24486,269354,LOW
2019-12-21,2019,12,21,5,Saturday,1,0,25,Dashami (Krishna),0,0,0,0,0,0,0,None,0,0,0,0,0,None,69856,18,13.0,3.3,7.2,4.13,27942,307366,MODERATE
2019-12-22,2019,12,22,6,Sunday,1,0,26,Ekadashi (Krishna),1,0,0,0,0,0,0,None,0,0,0,0,0,None,78351,25,18.2,4.4,10.0,4.29,31340,344744,HIGH
2019-12-23,2019,12,23,0,Monday,0,0,27,Dwadashi (Krishna),0,0,0,0,0,0,0,None,0,0,0,0,0,None,54875,7,6.4,2.0,3.5,3.84,21950,241450,LOW
2019-12-24,2019,12,24,1,Tuesday,0,0,28,Trayodashi (Krishna),0,0,0,0,0,0,0,None,0,0,0,0,0,None,48797,2,4.3,1.6,3.5,3.73,19518,214706,LOW
2019-12-25,2019,12,25,2,Wednesday,0,0,29,Chaturdashi (Krishna),0,0,0,0,0,0,0,None,0,0,0,1,1,Christmas,63071,13,9.9,2.6,5.4,4.0,25228,277512,MODERATE
2019-12-26,2019,12,26,3,Thursday,0,0,30,Amavasya (New Moon),0,0,1,0,0,0,0,None,0,0,0,0,0,None,50352,3,4.8,1.7,3.5,3.76,20140,221548,LOW
2019-12-27,2019,12,27,4,Friday,0,0,1,Pratipada (Shukla),0,0,0,0,0,0,0,None,0,0,0,0,0,None,64581,14,10.6,2.8,5.8,4.03,25832,284156,MODERATE
2019-12-28,2019,12,28,5,Saturday,1,0,2,Dwitiya (Shukla),0,0,0,0,0,0,0,None,0,0,0,0,0,None,72262,20,14.2,3.5,7.8,4.17,28904,317952,MODERATE
2019-12-29,2019,12,29,6,Sunday,1,0,3,Tritiya (Shukla),0,0,0,0,0,0,0,None,0,0,0,0,0,None,66255,15,11.3,2.9,6.2,4.06,26502,291522,MODERATE
2019-12-30,2019,12,30,0,Monday,0,0,4,Chaturthi (Shukla),0,0,0,0,0,0,0,None,0,0,0,0,0,None,50973,4,5.0,1.7,3.5,3.77,20389,224281,LOW
2019-12-31,2019,12,31,1,Tuesday,0,0,5,Panchami (Shukla),0,0,0,0,0,0,0,None,0,0,0,0,0,None,48494,2,4.2,1.5,3.5,3.72,19397,213373,LOW
2020-01-01,2020,1,1,2,Wednesday,0,0,6,Shasthi (Shukla),0,0,0,0,0,0,1,English New Year,0,0,0,1,1,New Year's Day,85922,31,23.9,5.6,13.1,4.43,34368,378056,PEAK
2020-01-02,2020,1,2,3,Thursday,0,0,7,Saptami (Shukla),0,0,0,0,0,0,0,None,0,0,0,0,0,None,49705,3,4.6,1.6,3.5,3.74,19882,218702,LOW
2020-01-03,2020,1,3,4,Friday,0,0,8,Ashtami (Shukla),0,0,0,0,0,0,0,None,0,0,0,0,0,None,64167,14,10.4,2.7,5.7,4.02,25666,282334,MODERATE
2020-01-04,2020,1,4,5,Saturday,1,0,9,Navami (Shukla),0,0,0,0,0,0,0,None,0,0,0,0,0,None,69463,18,12.8,3.2,7.0,4.12,27785,305637,MODERATE
2020-01-05,2020,1,5,6,Sunday,1,0,10,Dashami (Shukla),0,0,0,0,0,0,0,None,0,0,0,0,0,None,67960,17,12.1,3.1,6.7,4.09,27184,299024,MODERATE
2020-01-06,2020,1,6,0,Monday,0,0,11,Ekadashi (Shukla),1,0,0,0,0,0,0,None,0,0,0,0,0,None,64188,14,10.4,2.7,5.7,4.02,25675,282427,MODERATE
2020-01-07,2020,1,7,1,Tuesday,0,0,12,Dwadashi (Shukla),0,0,0,0,0,0,0,None,0,0,0,0,0,None,48000,2,4.0,1.5,3.5,3.71,19200,211200,LOW
2020-01-08,2020,1,8,2,Wednesday,0,0,13,Trayodashi (Shukla),0,0,0,0,0,0,0,None,0,0,0,0,0,None,48000,2,4.0,1.5,3.5,3.71,19200,211200,LOW
2020-01-09,2020,1,9,3,Thursday,0,0,14,Chaturdashi (Shukla),0,0,0,0,0,0,0,None,0,0,0,0,0,None,48008,2,4.0,1.5,3.5,3.71,19203,211235,LOW
2020-01-10,2020,1,10,4,Friday,0,0,15,Pournami (Full Moon),0,1,0,0,0,0,0,None,0,0,0,0,0,None,86185,31,24.2,5.7,13.3,4.44,34474,379214,PEAK
2020-01-11,2020,1,11,5,Saturday,1,0,16,Pratipada (Krishna),0,0,0,0,0,0,0,None,0,0,0,0,0,None,89669,31,27.7,6.1,15.2,4.5,35867,394543,PEAK
2020-01-12,2020,1,12,6,Sunday,1,0,17,Dwitiya (Krishna),0,0,0,0,0,0,0,None,0,0,0,0,0,None,89935,31,27.9,6.2,15.3,4.51,35974,395714,PEAK
2020-01-13,2020,1,13,0,Monday,0,0,18,Tritiya (Krishna),0,0,0,0,0,0,0,None,0,0,0,0,0,None,80001,26,19.3,4.7,10.6,4.32,32000,352004,HIGH
2020-01-14,2020,1,14,1,Tuesday,0,0,19,Chaturthi (Krishna),0,0,0,0,0,0,0,None,0,0,0,1,1,Makara Sankranti / Pongal,82111,28,20.7,5.0,11.4,4.36,32844,361288,HIGH
2020-01-15,2020,1,15,2,Wednesday,0,0,20,Panchami (Krishna),0,0,0,0,0,0,0,None,0,0,0,1,1,Kanuma / Thiruvalluvar Day,78197,25,18.1,4.3,10.0,4.29,31278,344066,HIGH
2020-01-16,2020,1,16,3,Thursday,0,0,22,Saptami (Krishna),0,0,0,0,0,0,0,None,0,0,0,1,1,Mukkanuma / Uzhavar Thirunal,77207,24,17.5,4.2,9.6,4.27,30882,339710,HIGH
2020-01-17,2020,1,17,4,Friday,0,0,23,Ashtami (Krishna),0,0,0,0,0,0,0,None,0,0,0,0,0,None,81129,27,20.1,4.8,11.1,4.34,32451,356967,HIGH
2020-01-18,2020,1,18,5,Saturday,1,0,24,Navami (Krishna),0,0,0,0,0,0,0,None,0,0,0,0,0,None,86487,31,24.5,5.7,13.5,4.44,34594,380542,PEAK
2020-01-19,2020,1,19,6,Sunday,1,0,25,Dashami (Krishna),0,0,0,0,0,0,0,None,0,0,0,0,0,None,86913,31,24.9,5.8,13.7,4.45,34765,382417,PEAK
2020-01-20,2020,1,20,0,Monday,0,0,26,Ekadashi (Krishna),1,0,0,0,0,0,0,None,0,0,0,0,0,None,71254,19,13.7,3.4,7.5,4.15,28501,313517,MODERATE
2020-01-21,2020,1,21,1,Tuesday,0,0,27,Dwadashi (Krishna),0,0,0,0,0,0,0,None,0,0,0,0,0,None,48000,2,4.0,1.5,3.5,3.71,19200,211200,LOW
2020-01-22,2020,1,22,2,Wednesday,0,0,28,Trayodashi (Krishna),0,0,0,0,0,0,0,None,0,0,0,0,0,None,48186,2,4.1,1.5,3.5,3.72,19274,212018,LOW
2020-01-23,2020,1,23,3,Thursday,0,0,29,Chaturdashi (Krishna),0,0,0,0,0,0,0,None,0,0,0,0,0,None,48227,2,4.1,1.5,3.5,3.72,19290,212198,LOW
2020-01-24,2020,1,24,4,Friday,0,0,30,Amavasya (New Moon),0,0,1,0,0,0,0,None,0,0,0,0,0,None,62172,12,9.4,2.5,5.2,3.98,24868,273556,MODERATE
2020-01-25,2020,1,25,5,Saturday,1,0,1,Pratipada (Shukla),0,0,0,0,0,0,0,None,0,0,0,0,0,None,74063,21,15.4,3.7,8.5,4.21,29625,325877,HIGH
2020-01-26,2020,1,26,6,Sunday,1,0,2,Dwitiya (Shukla),0,0,0,0,0,0,0,None,0,0,0,1,1,Republic Day,85413,31,23.4,5.6,12.9,4.42,34165,375817,PEAK
2020-01-27,2020,1,27,0,Monday,0,0,3,Tritiya (Shukla),0,0,0,0,0,0,0,None,0,0,0,0,0,None,59961,11,8.4,2.3,4.6,3.94,23984,263828,LOW
2020-01-28,2020,1,28,1,Tuesday,0,0,4,Chaturthi (Shukla),0,0,0,0,0,0,0,None,0,0,0,0,0,None,48000,2,4.0,1.5,3.5,3.71,19200,211200,LOW
2020-01-29,2020,1,29,2,Wednesday,0,0,5,Panchami (Shukla),0,0,0,0,0,0,0,None,0,0,0,0,0,None,48000,2,4.0,1.5,3.5,3.71,19200,211200,LOW
2020-01-30,2020,1,30,3,Thursday,0,0,6,Shasthi (Shukla),0,0,0,0,0,0,0,None,0,0,0,0,0,None,48062,2,4.0,1.5,3.5,3.71,19224,211472,LOW
2020-01-31,2020,1,31,4,Friday,0,0,7,Saptami (Shukla),0,0,0,0,0,0,0,None,0,0,0,0,0,None,63374,13,10.0,2.6,5.5,4.0,25349,278845,MODERATE
2020-02-01,2020,2,1,5,Saturday,1,0,8,Ashtami (Shukla),0,0,0,0,0,0,0,None,0,0,0,0,0,None,71995,19,14.0,3.5,7.7,4.17,28798,316778,MODERATE
2020-02-02,2020,2,2,6,Sunday,1,0,9,Navami (Shukla),0,0,0,0,0,0,0,None,0,0,0,0,0,None,68903,17,12.6,3.2,6.9,4.11,27561,303173,MODERATE
2020-02-03,2020,2,3,0,Monday,0,0,10,Dashami (Shukla),0,0,0,0,0,0,0,None,0,0,0,0,0,None,51664,4,5.3,1.7,3.5,3.78,20665,227321,LOW
2020-02-04,2020,2,4,1,Tuesday,0,0,11,Ekadashi (Shukla),1,0,0,0,0,0,0,None,0,0,0,0,0,None,57248,9,7.2,2.1,4.0,3.89,22899,251891,LOW
2020-02-05,2020,2,5,2,Wednesday,0,0,12,Dwadashi (Shukla),0,0,0,0,0,0,0,None,0,0,0,0,0,None,48028,2,4.0,1.5,3.5,3.71,19211,211323,LOW
2020-02-06,2020,2,6,3,Thursday,0,0,13,Trayodashi (Shukla),0,0,0,0,0,0,0,None,0,0,0,0,0,None,48359,2,4.1,1.5,3.5,3.72,19343,212779,LOW
2020-02-07,2020,2,7,4,Friday,0,0,14,Chaturdashi (Shukla),0,0,0,0,0,0,0,None,0,0,0,0,0,None,63084,13,9.9,2.6,5.4,4.0,25233,277569,MODERATE
2020-02-08,2020,2,8,5,Saturday,1,0,15,Pournami (Full Moon),0,1,0,0,0,0,0,None,0,0,0,0,0,None,80593,27,19.7,4.8,10.8,4.33,32237,354609,HIGH
2020-02-09,2020,2,9,6,Sunday,1,0,16,Pratipada (Krishna),0,0,0,0,0,0,0,None,0,0,0,0,0,None,71024,19,13.5,3.4,7.4,4.15,28409,312505,MODERATE
2020-02-10,2020,2,10,0,Monday,0,0,17,Dwitiya (Krishna),0,0,0,0,0,0,0,None,0,0,0,0,0,None,53380,6,5.9,1.9,3.5,3.81,21352,234872,LOW
2020-02-11,2020,2,11,1,Tuesday,0,0,18,Tritiya (Krishna),0,0,0,0,0,0,0,None,0,0,0,0,0,None,48000,2,4.0,1.5,3.5,3.71,19200,211200,LOW
2020-02-12,2020,2,12,2,Wednesday,0,0,19,Chaturthi (Krishna),0,0,0,0,0,0,0,None,0,0,0,0,0,None,48000,2,4.0,1.5,3.5,3.71,19200,211200,LOW
2020-02-13,2020,2,13,3,Thursday,0,0,20,Panchami (Krishna),0,0,0,0,0,0,0,None,0,0,0,0,0,None,48797,2,4.3,1.6,3.5,3.73,19518,214706,LOW
2020-02-14,2020,2,14,4,Friday,0,0,21,Shasthi (Krishna),0,0,0,0,0,0,0,None,0,0,0,0,0,None,62359,13,9.5,2.5,5.2,3.98,24943,274379,MODERATE
2020-02-15,2020,2,15,5,Saturday,1,0,22,Saptami (Krishna),0,0,0,0,0,0,0,None,0,1,0,0,0,None,53789,6,6.0,1.9,3.5,3.82,21515,236671,LOW
2020-02-16,2020,2,16,6,Sunday,1,0,23,Ashtami (Krishna),0,0,0,0,0,0,0,None,0,1,0,0,0,None,54723,7,6.4,1.9,3.5,3.84,21889,240781,LOW
2020-02-17,2020,2,17,0,Monday,0,0,24,Navami (Krishna),0,0,0,0,0,0,0,None,0,1,0,0,0,None,48000,2,4.0,1.5,3.5,3.71,19200,211200,LOW
2020-02-18,2020,2,18,1,Tuesday,0,0,25,Dashami (Krishna),0,0,0,0,0,0,0,None,0,1,0,0,0,None,48000,2,4.0,1.5,3.5,3.71,19200,211200,LOW
2020-02-19,2020,2,19,2,Wednesday,0,0,26,Ekadashi (Krishna),1,0,0,0,0,0,0,None,0,1,0,0,0,None,48000,2,4.0,1.5,3.5,3.71,19200,211200,LOW
2020-02-20,2020,2,20,3,Thursday,0,0,27,Dwadashi (Krishna),0,0,0,0,0,0,0,None,0,1,0,0,0,None,48000,2,4.0,1.5,3.5,3.71,19200,211200,LOW
2020-02-21,2020,2,21,4,Friday,0,0,28,Trayodashi (Krishna),0,0,0,0,0,0,0,None,0,1,0,0,0,None,48431,2,4.2,1.5,3.5,3.72,19372,213096,LOW
2020-02-22,2020,2,22,5,Saturday,1,0,29,Chaturdashi (Krishna),0,0,0,0,0,0,0,None,0,1,0,0,0,None,56561,8,7.0,2.1,3.9,3.87,22624,248868,LOW
2020-02-23,2020,2,23,6,Sunday,1,0,30,Amavasya (New Moon),0,0,1,0,0,0,0,None,0,1,0,0,0,None,52687,5,5.6,1.8,3.5,3.8,21074,231822,LOW
2020-02-24,2020,2,24,0,Monday,0,0,1,Pratipada (Shukla),0,0,0,0,0,0,0,None,0,1,0,0,0,None,48000,2,4.0,1.5,3.5,3.71,19200,211200,LOW
2020-02-25,2020,2,25,1,Tuesday,0,0,2,Dwitiya (Shukla),0,0,0,0,0,0,0,None,0,1,0,0,0,None,48000,2,4.0,1.5,3.5,3.71,19200,211200,LOW
2020-02-26,2020,2,26,2,Wednesday,0,0,3,Tritiya (Shukla),0,0,0,0,0,0,0,None,0,1,0,0,0,None,48000,2,4.0,1.5,3.5,3.71,19200,211200,LOW
2020-02-27,2020,2,27,3,Thursday,0,0,4,Chaturthi (Shukla),0,0,0,0,0,0,0,None,0,1,0,0,0,None,48000,2,4.0,1.5,3.5,3.71,19200,211200,LOW
2020-02-28,2020,2,28,4,Friday,0,0,5,Panchami (Shukla),0,0,0,0,0,0,0,None,0,1,0,0,0,None,48636,2,4.2,1.5,3.5,3.72,19454,213998,LOW
2020-02-29,2020,2,29,5,Saturday,1,0,6,Shasthi (Shukla),0,0,0,0,0,0,0,None,0,1,0,0,0,None,55080,7,6.5,2.0,3.6,3.85,22032,242352,LOW
2020-03-01,2020,3,1,6,Sunday,1,0,7,Saptami (Shukla),0,0,0,0,0,0,0,None,0,1,0,0,0,None,54426,7,6.2,1.9,3.5,3.83,21770,239474,LOW
2020-03-02,2020,3,2,0,Monday,0,0,8,Ashtami (Shukla),0,0,0,0,0,0,0,None,0,1,0,0,0,None,48000,2,4.0,1.5,3.5,3.71,19200,211200,LOW
2020-03-03,2020,3,3,1,Tuesday,0,0,9,Navami (Shukla),0,0,0,0,0,0,0,None,0,1,0,0,0,None,48000,2,4.0,1.5,3.5,3.71,19200,211200,LOW
2020-03-04,2020,3,4,2,Wednesday,0,0,10,Dashami (Shukla),0,0,0,0,0,0,0,None,0,1,0,0,0,None,48000,2,4.0,1.5,3.5,3.71,19200,211200,LOW
2020-03-05,2020,3,5,3,Thursday,0,0,11,Ekadashi (Shukla),1,0,0,0,0,0,0,None,0,1,0,0,0,None,48000,2,4.0,1.5,3.5,3.71,19200,211200,LOW
2020-03-06,2020,3,6,4,Friday,0,0,12,Dwadashi (Shukla),0,0,0,0,0,0,0,None,0,1,0,0,0,None,49561,3,4.5,1.6,3.5,3.74,19824,218068,LOW
2020-03-07,2020,3,7,5,Saturday,1,0,13,Trayodashi (Shukla),0,0,0,0,0,0,0,None,0,1,0,0,0,None,55220,7,6.5,2.0,3.6,3.85,22088,242968,LOW
2020-03-08,2020,3,8,6,Sunday,1,0,14,Chaturdashi (Shukla),0,0,0,0,0,0,0,None,0,1,0,0,0,None,54479,7,6.3,1.9,3.5,3.84,21791,239707,LOW
2020-03-09,2020,3,9,0,Monday,0,0,15,Pournami (Full Moon),0,1,0,0,0,0,0,None,0,1,0,0,0,None,48737,2,4.3,1.5,3.5,3.73,19494,214442,LOW
2020-03-10,2020,3,10,1,Tuesday,0,0,16,Pratipada (Krishna),0,0,0,0,0,0,0,None,0,1,0,0,0,None,48000,2,4.0,1.5,3.5,3.71,19200,211200,LOW
2020-03-11,2020,3,11,2,Wednesday,0,0,17,Dwitiya (Krishna),0,0,0,0,0,0,0,None,0,1,0,0,0,None,48000,2,4.0,1.5,3.5,3.71,19200,211200,LOW
2020-03-12,2020,3,12,3,Thursday,0,0,18,Tritiya (Krishna),0,0,0,0,0,0,0,None,0,1,0,0,0,None,48000,2,4.0,1.5,3.5,3.71,19200,211200,LOW
2020-03-13,2020,3,13,4,Friday,0,0,19,Chaturthi (Krishna),0,0,0,0,0,0,0,None,0,1,0,0,0,None,48774,2,4.3,1.6,3.5,3.73,19509,214605,LOW
2020-03-14,2020,3,14,5,Saturday,1,0,20,Panchami (Krishna),0,0,0,0,0,0,0,None,0,1,0,0,0,None,57817,9,7.4,2.2,4.1,3.9,23126,254394,LOW
2020-03-15,2020,3,15,6,Sunday,1,0,21,Shasthi (Krishna),0,0,0,0,0,0,0,None,0,1,0,0,0,None,52606,5,5.6,1.8,3.5,3.8,21042,231466,LOW
2020-03-16,2020,3,16,0,Monday,0,0,22,Saptami (Krishna),0,0,0,0,0,0,0,None,0,1,0,0,0,None,48000,2,4.0,1.5,3.5,3.71,19200,211200,LOW
2020-03-17,2020,3,17,1,Tuesday,0,0,23,Ashtami (Krishna),0,0,0,0,0,0,0,None,0,1,0,0,0,None,48000,2,4.0,1.5,3.5,3.71,19200,211200,LOW
2020-03-18,2020,3,18,2,Wednesday,0,0,24,Navami (Krishna),0,0,0,0,0,0,0,None,0,1,0,0,0,None,48000,2,4.0,1.5,3.5,3.71,19200,211200,LOW
2020-03-19,2020,3,19,3,Thursday,0,0,26,Ekadashi (Krishna),1,0,0,0,0,0,0,None,0,1,0,0,0,None,48000,2,4.0,1.5,3.5,3.71,19200,211200,LOW
2020-03-20,2020,3,20,4,Friday,0,0,27,Dwadashi (Krishna),0,0,0,0,0,0,0,None,0,1,0,0,0,None,0,0,0.0,0.0,0.0,0.0,0,0,LOW
2020-03-21,2020,3,21,5,Saturday,1,0,28,Trayodashi (Krishna),0,0,0,0,0,0,0,None,0,1,0,0,0,None,0,0,0.0,0.0,0.0,0.0,0,0,LOW
2020-03-22,2020,3,22,6,Sunday,1,0,29,Chaturdashi (Krishna),0,0,0,0,0,0,0,None,0,1,0,0,0,None,0,0,0.0,0.0,0.0,0.0,0,0,LOW
2020-03-23,2020,3,23,0,Monday,0,0,30,Amavasya (New Moon),0,0,1,0,0,0,0,None,0,1,0,0,0,None,0,0,0.0,0.0,0.0,0.0,0,0,LOW
2020-03-24,2020,3,24,1,Tuesday,0,0,1,Pratipada (Shukla),0,0,0,0,0,0,0,None,0,1,0,0,0,None,0,0,0.0,0.0,0.0,0.0,0,0,LOW
2020-03-25,2020,3,25,2,Wednesday,0,0,2,Dwitiya (Shukla),0,0,0,0,0,0,0,None,0,1,0,0,0,None,0,0,0.0,0.0,0.0,0.0,0,0,LOW
2020-03-26,2020,3,26,3,Thursday,0,0,3,Tritiya (Shukla),0,0,0,0,0,0,0,None,0,1,0,0,0,None,0,0,0.0,0.0,0.0,0.0,0,0,LOW
2020-03-27,2020,3,27,4,Friday,0,0,4,Chaturthi (Shukla),0,0,0,0,0,0,0,None,0,1,0,0,0,None,0,0,0.0,0.0,0.0,0.0,0,0,LOW
2020-03-28,2020,3,28,5,Saturday,1,0,5,Panchami (Shukla),0,0,0,0,0,0,0,None,0,1,0,0,0,None,0,0,0.0,0.0,0.0,0.0,0,0,LOW
2020-03-29,2020,3,29,6,Sunday,1,0,6,Shasthi (Shukla),0,0,0,0,0,0,0,None,0,1,0,0,0,None,0,0,0.0,0.0,0.0,0.0,0,0,LOW
2020-03-30,2020,3,30,0,Monday,0,0,7,Saptami (Shukla),0,0,0,0,0,0,0,None,0,1,0,0,0,None,0,0,0.0,0.0,0.0,0.0,0,0,LOW
2020-03-31,2020,3,31,1,Tuesday,0,0,8,Ashtami (Shukla),0,0,0,0,0,0,0,None,0,1,0,0,0,None,0,0,0.0,0.0,0.0,0.0,0,0,LOW
2020-04-01,2020,4,1,2,Wednesday,0,0,9,Navami (Shukla),0,0,0,0,0,0,0,None,0,1,0,0,0,None,0,0,0.0,0.0,0.0,0.0,0,0,LOW
2020-04-02,2020,4,2,3,Thursday,0,0,10,Dashami (Shukla),0,0,0,0,0,0,0,None,0,1,0,0,0,None,0,0,0.0,0.0,0.0,0.0,0,0,LOW
2020-04-03,2020,4,3,4,Friday,0,0,11,Ekadashi (Shukla),1,0,0,0,0,0,0,None,0,1,0,0,0,None,0,0,0.0,0.0,0.0,0.0,0,0,LOW
2020-04-04,2020,4,4,5,Saturday,1,0,12,Dwadashi (Shukla),0,0,0,0,0,0,0,None,0,1,0,0,0,None,0,0,0.0,0.0,0.0,0.0,0,0,LOW
2020-04-05,2020,4,5,6,Sunday,1,0,13,Trayodashi (Shukla),0,0,0,0,0,0,0,None,0,1,0,0,0,None,0,0,0.0,0.0,0.0,0.0,0,0,LOW
2020-04-06,2020,4,6,0,Monday,0,0,14,Chaturdashi (Shukla),0,0,0,0,0,0,0,None,0,1,0,0,0,None,0,0,0.0,0.0,0.0,0.0,0,0,LOW
2020-04-07,2020,4,7,1,Tuesday,0,0,15,Pournami (Full Moon),0,1,0,0,0,0,0,None,0,1,0,0,0,None,0,0,0.0,0.0,0.0,0.0,0,0,LOW
2020-04-08,2020,4,8,2,Wednesday,0,0,16,Pratipada (Krishna),0,0,0,0,0,0,0,None,0,1,0,0,0,None,0,0,0.0,0.0,0.0,0.0,0,0,LOW
2020-04-09,2020,4,9,3,Thursday,0,0,17,Dwitiya (Krishna),0,0,0,0,0,0,0,None,0,1,0,0,0,None,0,0,0.0,0.0,0.0,0.0,0,0,LOW
2020-04-10,2020,4,10,4,Friday,0,0,18,Tritiya (Krishna),0,0,0,0,0,0,0,None,0,1,0,0,0,None,0,0,0.0,0.0,0.0,0.0,0,0,LOW
2020-04-11,2020,4,11,5,Saturday,1,0,19,Chaturthi (Krishna),0,0,0,0,0,0,0,None,0,0,0,0,0,None,0,0,0.0,0.0,0.0,0.0,0,0,LOW
2020-04-12,2020,4,12,6,Sunday,1,0,20,Panchami (Krishna),0,0,0,0,0,0,0,None,0,0,0,0,0,None,0,0,0.0,0.0,0.0,0.0,0,0,LOW
2020-04-13,2020,4,13,0,Monday,0,0,21,Shasthi (Krishna),0,0,0,0,0,0,0,None,0,0,0,0,0,None,0,0,0.0,0.0,0.0,0.0,0,0,LOW
2020-04-14,2020,4,14,1,Tuesday,0,0,22,Saptami (Krishna),0,0,0,0,0,0,0,None,0,0,0,1,1,Dr. B.R. Ambedkar Jayanti / Tamil New Year,0,0,0.0,0.0,0.0,0.0,0,0,LOW
2020-04-15,2020,4,15,2,Wednesday,0,0,23,Ashtami (Krishna),0,0,0,0,0,0,0,None,0,0,1,0,0,None,0,0,0.0,0.0,0.0,0.0,0,0,LOW
2020-04-16,2020,4,16,3,Thursday,0,0,24,Navami (Krishna),0,0,0,0,0,0,0,None,0,0,1,0,0,None,0,0,0.0,0.0,0.0,0.0,0,0,LOW
2020-04-17,2020,4,17,4,Friday,0,0,25,Dashami (Krishna),0,0,0,0,0,0,0,None,0,0,1,0,0,None,0,0,0.0,0.0,0.0,0.0,0,0,LOW
2020-04-18,2020,4,18,5,Saturday,1,0,26,Ekadashi (Krishna),1,0,0,0,0,0,0,None,0,0,1,0,0,None,0,0,0.0,0.0,0.0,0.0,0,0,LOW
2020-04-19,2020,4,19,6,Sunday,1,0,27,Dwadashi (Krishna),0,0,0,0,0,0,0,None,0,0,1,0,0,None,0,0,0.0,0.0,0.0,0.0,0,0,LOW
2020-04-20,2020,4,20,0,Monday,0,0,28,Trayodashi (Krishna),0,0,0,0,0,0,0,None,0,0,1,0,0,None,0,0,0.0,0.0,0.0,0.0,0,0,LOW
2020-04-21,2020,4,21,1,Tuesday,0,0,29,Chaturdashi (Krishna),0,0,0,0,0,0,0,None,0,0,1,0,0,None,0,0,0.0,0.0,0.0,0.0,0,0,LOW
2020-04-22,2020,4,22,2,Wednesday,0,0,30,Amavasya (New Moon),0,0,1,0,0,0,0,None,0,0,1,0,0,None,0,0,0.0,0.0,0.0,0.0,0,0,LOW
2020-04-23,2020,4,23,3,Thursday,0,0,1,Pratipada (Shukla),0,0,0,0,0,0,0,None,0,0,1,0,0,None,0,0,0.0,0.0,0.0,0.0,0,0,LOW
2020-04-24,2020,4,24,4,Friday,0,0,2,Dwitiya (Shukla),0,0,0,0,0,0,0,None,0,0,1,0,0,None,0,0,0.0,0.0,0.0,0.0,0,0,LOW
2020-04-25,2020,4,25,5,Saturday,1,0,3,Tritiya (Shukla),0,0,0,0,0,0,0,None,0,0,1,0,0,None,0,0,0.0,0.0,0.0,0.0,0,0,LOW
2020-04-26,2020,4,26,6,Sunday,1,0,4,Chaturthi (Shukla),0,0,0,0,0,0,0,None,0,0,1,0,0,None,0,0,0.0,0.0,0.0,0.0,0,0,LOW
2020-04-27,2020,4,27,0,Monday,0,0,5,Panchami (Shukla),0,0,0,0,0,0,0,None,0,0,1,0,0,None,0,0,0.0,0.0,0.0,0.0,0,0,LOW
2020-04-28,2020,4,28,1,Tuesday,0,0,6,Shasthi (Shukla),0,0,0,0,0,0,0,None,0,0,1,0,0,None,0,0,0.0,0.0,0.0,0.0,0,0,LOW
2020-04-29,2020,4,29,2,Wednesday,0,0,7,Saptami (Shukla),0,0,0,0,0,0,0,None,0,0,1,0,0,None,0,0,0.0,0.0,0.0,0.0,0,0,LOW
2020-04-30,2020,4,30,3,Thursday,0,0,8,Ashtami (Shukla),0,0,0,0,0,0,0,None,0,0,1,0,0,None,0,0,0.0,0.0,0.0,0.0,0,0,LOW
2020-05-01,2020,5,1,4,Friday,0,1,9,Navami (Shukla),0,0,0,0,0,0,0,None,0,0,1,1,1,May Day / Labour Day,0,0,0.0,0.0,0.0,0.0,0,0,LOW
2020-05-02,2020,5,2,5,Saturday,1,1,10,Dashami (Shukla),0,0,0,0,0,0,0,None,0,0,1,0,0,None,0,0,0.0,0.0,0.0,0.0,0,0,LOW
2020-05-03,2020,5,3,6,Sunday,1,1,11,Ekadashi (Shukla),1,0,0,0,0,0,0,None,0,0,1,0,0,None,0,0,0.0,0.0,0.0,0.0,0,0,LOW
2020-05-04,2020,5,4,0,Monday,0,0,12,Dwadashi (Shukla),0,0,0,0,0,0,0,None,0,0,1,0,0,None,0,0,0.0,0.0,0.0,0.0,0,0,LOW
2020-05-05,2020,5,5,1,Tuesday,0,0,13,Trayodashi (Shukla),0,0,0,0,0,0,0,None,0,0,1,0,0,None,0,0,0.0,0.0,0.0,0.0,0,0,LOW
2020-05-06,2020,5,6,2,Wednesday,0,0,14,Chaturdashi (Shukla),0,0,0,0,0,0,0,None,0,0,1,0,0,None,0,0,0.0,0.0,0.0,0.0,0,0,LOW
2020-05-07,2020,5,7,3,Thursday,0,0,15,Pournami (Full Moon),0,1,0,0,0,0,0,None,0,0,1,0,0,None,0,0,0.0,0.0,0.0,0.0,0,0,LOW
2020-05-08,2020,5,8,4,Friday,0,0,16,Pratipada (Krishna),0,0,0,0,0,0,0,None,0,0,1,0,0,None,0,0,0.0,0.0,0.0,0.0,0,0,LOW
2020-05-09,2020,5,9,5,Saturday,1,0,17,Dwitiya (Krishna),0,0,0,0,0,0,0,None,0,0,1,0,0,None,0,0,0.0,0.0,0.0,0.0,0,0,LOW
2020-05-10,2020,5,10,6,Sunday,1,0,18,Tritiya (Krishna),0,0,0,0,0,0,0,None,0,0,1,0,0,None,0,0,0.0,0.0,0.0,0.0,0,0,LOW
2020-05-11,2020,5,11,0,Monday,0,0,19,Chaturthi (Krishna),0,0,0,0,0,0,0,None,0,0,1,0,0,None,0,0,0.0,0.0,0.0,0.0,0,0,LOW
2020-05-12,2020,5,12,1,Tuesday,0,0,20,Panchami (Krishna),0,0,0,0,0,0,0,None,0,0,1,0,0,None,0,0,0.0,0.0,0.0,0.0,0,0,LOW
2020-05-13,2020,5,13,2,Wednesday,0,0,21,Shasthi (Krishna),0,0,0,0,0,0,0,None,0,0,1,0,0,None,0,0,0.0,0.0,0.0,0.0,0,0,LOW
2020-05-14,2020,5,14,3,Thursday,0,0,22,Saptami (Krishna),0,0,0,0,0,0,0,None,0,0,1,0,0,None,0,0,0.0,0.0,0.0,0.0,0,0,LOW
2020-05-15,2020,5,15,4,Friday,0,0,23,Ashtami (Krishna),0,0,0,0,0,0,0,None,0,0,1,0,0,None,0,0,0.0,0.0,0.0,0.0,0,0,LOW
2020-05-16,2020,5,16,5,Saturday,1,0,24,Navami (Krishna),0,0,0,0,0,0,0,None,0,0,1,0,0,None,0,0,0.0,0.0,0.0,0.0,0,0,LOW
2020-05-17,2020,5,17,6,Sunday,1,0,25,Dashami (Krishna),0,0,0,0,0,0,0,None,0,0,1,0,0,None,0,0,0.0,0.0,0.0,0.0,0,0,LOW
2020-05-18,2020,5,18,0,Monday,0,0,26,Ekadashi (Krishna),1,0,0,0,0,0,0,None,0,0,1,0,0,None,0,0,0.0,0.0,0.0,0.0,0,0,LOW
2020-05-19,2020,5,19,1,Tuesday,0,0,27,Dwadashi (Krishna),0,0,0,0,0,0,0,None,0,0,1,0,0,None,0,0,0.0,0.0,0.0,0.0,0,0,LOW
2020-05-20,2020,5,20,2,Wednesday,0,0,29,Chaturdashi (Krishna),0,0,0,0,0,0,0,None,0,0,1,0,0,None,0,0,0.0,0.0,0.0,0.0,0,0,LOW
2020-05-21,2020,5,21,3,Thursday,0,0,30,Amavasya (New Moon),0,0,1,0,0,0,0,None,0,0,1,0,0,None,0,0,0.0,0.0,0.0,0.0,0,0,LOW
2020-05-22,2020,5,22,4,Friday,0,0,1,Pratipada (Shukla),0,0,0,0,0,0,0,None,0,0,1,0,0,None,0,0,0.0,0.0,0.0,0.0,0,0,LOW
2020-05-23,2020,5,23,5,Saturday,1,0,2,Dwitiya (Shukla),0,0,0,0,0,0,0,None,0,0,1,0,0,None,0,0,0.0,0.0,0.0,0.0,0,0,LOW
2020-05-24,2020,5,24,6,Sunday,1,0,3,Tritiya (Shukla),0,0,0,0,0,0,0,None,0,0,1,0,0,None,0,0,0.0,0.0,0.0,0.0,0,0,LOW
2020-05-25,2020,5,25,0,Monday,0,0,4,Chaturthi (Shukla),0,0,0,0,0,0,0,None,0,0,1,0,0,None,0,0,0.0,0.0,0.0,0.0,0,0,LOW
2020-05-26,2020,5,26,1,Tuesday,0,0,5,Panchami (Shukla),0,0,0,0,0,0,0,None,0,0,1,0,0,None,0,0,0.0,0.0,0.0,0.0,0,0,LOW
2020-05-27,2020,5,27,2,Wednesday,0,0,6,Shasthi (Shukla),0,0,0,0,0,0,0,None,0,0,1,0,0,None,0,0,0.0,0.0,0.0,0.0,0,0,LOW
2020-05-28,2020,5,28,3,Thursday,0,0,7,Saptami (Shukla),0,0,0,0,0,0,0,None,0,0,1,0,0,None,0,0,0.0,0.0,0.0,0.0,0,0,LOW
2020-05-29,2020,5,29,4,Friday,0,0,8,Ashtami (Shukla),0,0,0,0,0,0,0,None,0,0,1,0,0,None,0,0,0.0,0.0,0.0,0.0,0,0,LOW
2020-05-30,2020,5,30,5,Saturday,1,0,9,Navami (Shukla),0,0,0,0,0,0,0,None,0,0,1,0,0,None,0,0,0.0,0.0,0.0,0.0,0,0,LOW
2020-05-31,2020,5,31,6,Sunday,1,0,10,Dashami (Shukla),0,0,0,0,0,0,0,None,0,0,1,0,0,None,0,0,0.0,0.0,0.0,0.0,0,0,LOW
2020-06-01,2020,6,1,0,Monday,0,0,11,Ekadashi (Shukla),1,0,0,0,0,0,0,None,0,0,1,0,0,None,0,0,0.0,0.0,0.0,0.0,0,0,LOW
2020-06-02,2020,6,2,1,Tuesday,0,0,12,Dwadashi (Shukla),0,0,0,0,0,0,0,None,0,0,1,0,0,None,0,0,0.0,0.0,0.0,0.0,0,0,LOW
2020-06-03,2020,6,3,2,Wednesday,0,0,13,Trayodashi (Shukla),0,0,0,0,0,0,0,None,0,0,1,0,0,None,0,0,0.0,0.0,0.0,0.0,0,0,LOW
2020-06-04,2020,6,4,3,Thursday,0,0,14,Chaturdashi (Shukla),0,0,0,0,0,0,0,None,0,0,1,0,0,None,0,0,0.0,0.0,0.0,0.0,0,0,LOW
2020-06-05,2020,6,5,4,Friday,0,0,15,Pournami (Full Moon),0,1,0,0,0,0,0,None,0,0,1,0,0,None,0,0,0.0,0.0,0.0,0.0,0,0,LOW
2020-06-06,2020,6,6,5,Saturday,1,0,16,Pratipada (Krishna),0,0,0,0,0,0,0,None,0,0,1,0,0,None,0,0,0.0,0.0,0.0,0.0,0,0,LOW
2020-06-07,2020,6,7,6,Sunday,1,0,17,Dwitiya (Krishna),0,0,0,0,0,0,0,None,0,0,1,0,0,None,0,0,0.0,0.0,0.0,0.0,0,0,LOW
2020-06-08,2020,6,8,0,Monday,0,0,18,Tritiya (Krishna),0,0,0,0,0,0,0,None,0,0,1,0,0,None,0,0,0.0,0.0,0.0,0.0,0,0,LOW
2020-06-09,2020,6,9,1,Tuesday,0,0,19,Chaturthi (Krishna),0,0,0,0,0,0,0,None,0,0,1,0,0,None,0,0,0.0,0.0,0.0,0.0,0,0,LOW
2020-06-10,2020,6,10,2,Wednesday,0,0,20,Panchami (Krishna),0,0,0,0,0,0,0,None,0,0,1,0,0,None,0,0,0.0,0.0,0.0,0.0,0,0,LOW
2020-06-11,2020,6,11,3,Thursday,0,0,21,Shasthi (Krishna),0,0,0,0,0,0,0,None,0,0,0,0,0,None,48000,2,4.0,1.5,3.5,3.71,19200,211200,LOW
2020-06-12,2020,6,12,4,Friday,0,0,22,Saptami (Krishna),0,0,0,0,0,0,0,None,0,0,0,0,0,None,48000,2,4.0,1.5,3.5,3.71,19200,211200,LOW
2020-06-13,2020,6,13,5,Saturday,1,0,23,Ashtami (Krishna),0,0,0,0,0,0,0,None,0,0,0,0,0,None,48000,2,4.0,1.5,3.5,3.71,19200,211200,LOW
2020-06-14,2020,6,14,6,Sunday,1,0,24,Navami (Krishna),0,0,0,0,0,0,0,None,0,0,0,0,0,None,48000,2,4.0,1.5,3.5,3.71,19200,211200,LOW
2020-06-15,2020,6,15,0,Monday,0,0,25,Dashami (Krishna),0,0,0,0,0,0,0,None,0,0,0,0,0,None,48000,2,4.0,1.5,3.5,3.71,19200,211200,LOW
2020-06-16,2020,6,16,1,Tuesday,0,0,26,Ekadashi (Krishna),1,0,0,0,0,0,0,None,0,0,0,0,0,None,48000,2,4.0,1.5,3.5,3.71,19200,211200,LOW
2020-06-17,2020,6,17,2,Wednesday,0,0,27,Dwadashi (Krishna),0,0,0,0,0,0,0,None,0,0,0,0,0,None,48000,2,4.0,1.5,3.5,3.71,19200,211200,LOW
2020-06-18,2020,6,18,3,Thursday,0,0,28,Trayodashi (Krishna),0,0,0,0,0,0,0,None,0,0,0,0,0,None,48000,2,4.0,1.5,3.5,3.71,19200,211200,LOW
2020-06-19,2020,6,19,4,Friday,0,0,29,Chaturdashi (Krishna),0,0,0,0,0,0,0,None,0,0,0,0,0,None,48000,2,4.0,1.5,3.5,3.71,19200,211200,LOW
2020-06-20,2020,6,20,5,Saturday,1,0,30,Amavasya (New Moon),0,0,1,0,0,0,0,None,0,0,0,0,0,None,48000,2,4.0,1.5,3.5,3.71,19200,211200,LOW
2020-06-21,2020,6,21,6,Sunday,1,0,1,Pratipada (Shukla),0,0,0,0,0,0,0,None,0,0,0,0,0,None,48000,2,4.0,1.5,3.5,3.71,19200,211200,LOW
2020-06-22,2020,6,22,0,Monday,0,0,2,Dwitiya (Shukla),0,0,0,0,0,0,0,None,0,0,0,0,0,None,48000,2,4.0,1.5,3.5,3.71,19200,211200,LOW
2020-06-23,2020,6,23,1,Tuesday,0,0,3,Tritiya (Shukla),0,0,0,0,0,0,0,None,0,0,0,0,0,None,48000,2,4.0,1.5,3.5,3.71,19200,211200,LOW
2020-06-24,2020,6,24,2,Wednesday,0,0,4,Chaturthi (Shukla),0,0,0,0,0,0,0,None,0,0,0,0,0,None,48000,2,4.0,1.5,3.5,3.71,19200,211200,LOW
2020-06-25,2020,6,25,3,Thursday,0,0,5,Panchami (Shukla),0,0,0,0,0,0,0,None,0,0,0,0,0,None,48000,2,4.0,1.5,3.5,3.71,19200,211200,LOW
2020-06-26,2020,6,26,4,Friday,0,0,6,Shasthi (Shukla),0,0,0,0,0,0,0,None,0,0,0,0,0,None,48000,2,4.0,1.5,3.5,3.71,19200,211200,LOW
2020-06-27,2020,6,27,5,Saturday,1,0,7,Saptami (Shukla),0,0,0,0,0,0,0,None,0,0,0,0,0,None,48000,2,4.0,1.5,3.5,3.71,19200,211200,LOW
2020-06-28,2020,6,28,6,Sunday,1,0,8,Ashtami (Shukla),0,0,0,0,0,0,0,None,0,0,0,0,0,None,48000,2,4.0,1.5,3.5,3.71,19200,211200,LOW
2020-06-29,2020,6,29,0,Monday,0,0,9,Navami (Shukla),0,0,0,0,0,0,0,None,0,0,0,0,0,None,48000,2,4.0,1.5,3.5,3.71,19200,211200,LOW
2020-06-30,2020,6,30,1,Tuesday,0,0,10,Dashami (Shukla),0,0,0,0,0,0,0,None,0,0,0,0,0,None,48000,2,4.0,1.5,3.5,3.71,19200,211200,LOW
2020-07-01,2020,7,1,2,Wednesday,0,0,11,Ekadashi (Shukla),1,0,0,0,0,0,0,None,0,0,0,0,0,None,48000,2,4.0,1.5,3.5,3.71,19200,211200,LOW
2020-07-02,2020,7,2,3,Thursday,0,0,12,Dwadashi (Shukla),0,0,0,0,0,0,0,None,0,0,0,0,0,None,48000,2,4.0,1.5,3.5,3.71,19200,211200,LOW
2020-07-03,2020,7,3,4,Friday,0,0,13,Trayodashi (Shukla),0,0,0,0,0,0,0,None,0,0,0,0,0,None,48000,2,4.0,1.5,3.5,3.71,19200,211200,LOW
2020-07-04,2020,7,4,5,Saturday,1,0,14,Chaturdashi (Shukla),0,0,0,0,0,0,0,None,0,0,0,0,0,None,48000,2,4.0,1.5,3.5,3.71,19200,211200,LOW
2020-07-05,2020,7,5,6,Sunday,1,0,15,Pournami (Full Moon),0,1,0,0,0,0,0,None,0,0,0,0,0,None,48000,2,4.0,1.5,3.5,3.71,19200,211200,LOW
2020-07-06,2020,7,6,0,Monday,0,0,16,Pratipada (Krishna),0,0,0,0,0,0,0,None,0,0,0,0,0,None,48000,2,4.0,1.5,3.5,3.71,19200,211200,LOW
2020-07-07,2020,7,7,1,Tuesday,0,0,17,Dwitiya (Krishna),0,0,0,0,0,0,0,None,0,0,0,0,0,None,48000,2,4.0,1.5,3.5,3.71,19200,211200,LOW
2020-07-08,2020,7,8,2,Wednesday,0,0,18,Tritiya (Krishna),0,0,0,0,0,0,0,None,0,0,0,0,0,None,48000,2,4.0,1.5,3.5,3.71,19200,211200,LOW
2020-07-09,2020,7,9,3,Thursday,0,0,19,Chaturthi (Krishna),0,0,0,0,0,0,0,None,0,0,0,0,0,None,48000,2,4.0,1.5,3.5,3.71,19200,211200,LOW
2020-07-10,2020,7,10,4,Friday,0,0,20,Panchami (Krishna),0,0,0,0,0,0,0,None,0,0,0,0,0,None,48000,2,4.0,1.5,3.5,3.71,19200,211200,LOW
2020-07-11,2020,7,11,5,Saturday,1,0,21,Shasthi (Krishna),0,0,0,0,0,0,0,None,0,0,0,0,0,None,48000,2,4.0,1.5,3.5,3.71,19200,211200,LOW
2020-07-12,2020,7,12,6,Sunday,1,0,22,Saptami (Krishna),0,0,0,0,0,0,0,None,0,0,0,0,0,None,48000,2,4.0,1.5,3.5,3.71,19200,211200,LOW
2020-07-13,2020,7,13,0,Monday,0,0,23,Ashtami (Krishna),0,0,0,0,0,0,0,None,0,0,0,0,0,None,48000,2,4.0,1.5,3.5,3.71,19200,211200,LOW
2020-07-14,2020,7,14,1,Tuesday,0,0,24,Navami (Krishna),0,0,0,0,0,0,0,None,0,0,0,0,0,None,48000,2,4.0,1.5,3.5,3.71,19200,211200,LOW
2020-07-15,2020,7,15,2,Wednesday,0,0,25,Dashami (Krishna),0,0,0,0,0,0,0,None,0,0,0,0,0,None,48000,2,4.0,1.5,3.5,3.71,19200,211200,LOW
2020-07-16,2020,7,16,3,Thursday,0,0,26,Ekadashi (Krishna),1,0,0,0,0,0,0,None,0,0,0,0,0,None,48000,2,4.0,1.5,3.5,3.71,19200,211200,LOW
2020-07-17,2020,7,17,4,Friday,0,0,27,Dwadashi (Krishna),0,0,0,0,0,0,0,None,0,0,0,0,0,None,48000,2,4.0,1.5,3.5,3.71,19200,211200,LOW
2020-07-18,2020,7,18,5,Saturday,1,0,28,Trayodashi (Krishna),0,0,0,0,0,0,0,None,0,0,0,0,0,None,48000,2,4.0,1.5,3.5,3.71,19200,211200,LOW
2020-07-19,2020,7,19,6,Sunday,1,0,29,Chaturdashi (Krishna),0,0,0,0,0,0,0,None,0,0,0,0,0,None,48000,2,4.0,1.5,3.5,3.71,19200,211200,LOW
2020-07-20,2020,7,20,0,Monday,0,0,30,Amavasya (New Moon),0,0,1,0,0,0,0,None,0,0,0,0,0,None,48000,2,4.0,1.5,3.5,3.71,19200,211200,LOW
2020-07-21,2020,7,21,1,Tuesday,0,0,1,Pratipada (Shukla),0,0,0,0,0,0,0,None,0,0,0,0,0,None,48000,2,4.0,1.5,3.5,3.71,19200,211200,LOW
2020-07-22,2020,7,22,2,Wednesday,0,0,3,Tritiya (Shukla),0,0,0,0,0,0,0,None,0,0,0,0,0,None,48000,2,4.0,1.5,3.5,3.71,19200,211200,LOW
2020-07-23,2020,7,23,3,Thursday,0,0,4,Chaturthi (Shukla),0,0,0,0,0,0,0,None,0,0,0,0,0,None,48000,2,4.0,1.5,3.5,3.71,19200,211200,LOW
2020-07-24,2020,7,24,4,Friday,0,0,5,Panchami (Shukla),0,0,0,0,0,0,0,None,0,0,0,0,0,None,48000,2,4.0,1.5,3.5,3.71,19200,211200,LOW
2020-07-25,2020,7,25,5,Saturday,1,0,6,Shasthi (Shukla),0,0,0,0,0,0,0,None,0,0,0,0,0,None,48000,2,4.0,1.5,3.5,3.71,19200,211200,LOW
2020-07-26,2020,7,26,6,Sunday,1,0,7,Saptami (Shukla),0,0,0,0,0,0,0,None,0,0,0,0,0,None,48000,2,4.0,1.5,3.5,3.71,19200,211200,LOW
2020-07-27,2020,7,27,0,Monday,0,0,8,Ashtami (Shukla),0,0,0,0,0,0,0,None,0,0,0,0,0,None,48000,2,4.0,1.5,3.5,3.71,19200,211200,LOW
2020-07-28,2020,7,28,1,Tuesday,0,0,9,Navami (Shukla),0,0,0,0,0,0,0,None,0,0,0,0,0,None,48000,2,4.0,1.5,3.5,3.71,19200,211200,LOW
2020-07-29,2020,7,29,2,Wednesday,0,0,10,Dashami (Shukla),0,0,0,0,0,0,0,None,0,0,0,0,0,None,48000,2,4.0,1.5,3.5,3.71,19200,211200,LOW
2020-07-30,2020,7,30,3,Thursday,0,0,11,Ekadashi (Shukla),1,0,0,0,0,0,0,None,0,0,0,0,0,None,48000,2,4.0,1.5,3.5,3.71,19200,211200,LOW
2020-07-31,2020,7,31,4,Friday,0,0,12,Dwadashi (Shukla),0,0,0,0,0,0,0,None,0,0,0,0,0,None,48000,2,4.0,1.5,3.5,3.71,19200,211200,LOW
2020-08-01,2020,8,1,5,Saturday,1,0,13,Trayodashi (Shukla),0,0,0,0,0,0,0,None,0,0,0,0,0,None,48000,2,4.0,1.5,3.5,3.71,19200,211200,LOW
2020-08-02,2020,8,2,6,Sunday,1,0,14,Chaturdashi (Shukla),0,0,0,0,0,0,0,None,0,0,0,0,0,None,48000,2,4.0,1.5,3.5,3.71,19200,211200,LOW
2020-08-03,2020,8,3,0,Monday,0,0,15,Pournami (Full Moon),0,1,0,0,0,0,0,None,0,0,0,0,0,None,48000,2,4.0,1.5,3.5,3.71,19200,211200,LOW
2020-08-04,2020,8,4,1,Tuesday,0,0,16,Pratipada (Krishna),0,0,0,0,0,0,0,None,0,0,0,0,0,None,48000,2,4.0,1.5,3.5,3.71,19200,211200,LOW
2020-08-05,2020,8,5,2,Wednesday,0,0,17,Dwitiya (Krishna),0,0,0,0,0,0,0,None,0,0,0,0,0,None,48000,2,4.0,1.5,3.5,3.71,19200,211200,LOW
2020-08-06,2020,8,6,3,Thursday,0,0,18,Tritiya (Krishna),0,0,0,0,0,0,0,None,0,0,0,0,0,None,48000,2,4.0,1.5,3.5,3.71,19200,211200,LOW
2020-08-07,2020,8,7,4,Friday,0,0,19,Chaturthi (Krishna),0,0,0,0,0,0,0,None,0,0,0,0,0,None,48000,2,4.0,1.5,3.5,3.71,19200,211200,LOW
2020-08-08,2020,8,8,5,Saturday,1,0,20,Panchami (Krishna),0,0,0,0,0,0,0,None,0,0,0,0,0,None,48000,2,4.0,1.5,3.5,3.71,19200,211200,LOW
2020-08-09,2020,8,9,6,Sunday,1,0,21,Shasthi (Krishna),0,0,0,0,0,0,0,None,0,0,0,0,0,None,48000,2,4.0,1.5,3.5,3.71,19200,211200,LOW
2020-08-10,2020,8,10,0,Monday,0,0,22,Saptami (Krishna),0,0,0,0,0,0,0,None,0,0,0,0,0,None,48000,2,4.0,1.5,3.5,3.71,19200,211200,LOW
2020-08-11,2020,8,11,1,Tuesday,0,0,23,Ashtami (Krishna),0,0,0,0,0,0,0,None,0,0,0,0,0,None,48000,2,4.0,1.5,3.5,3.71,19200,211200,LOW
2020-08-12,2020,8,12,2,Wednesday,0,0,24,Navami (Krishna),0,0,0,0,0,0,0,None,0,0,0,0,0,None,48000,2,4.0,1.5,3.5,3.71,19200,211200,LOW
2020-08-13,2020,8,13,3,Thursday,0,0,25,Dashami (Krishna),0,0,0,0,0,0,0,None,0,0,0,0,0,None,48000,2,4.0,1.5,3.5,3.71,19200,211200,LOW
2020-08-14,2020,8,14,4,Friday,0,0,26,Ekadashi (Krishna),1,0,0,0,0,0,0,None,0,0,0,0,0,None,48000,2,4.0,1.5,3.5,3.71,19200,211200,LOW
2020-08-15,2020,8,15,5,Saturday,1,0,27,Dwadashi (Krishna),0,0,0,0,0,0,0,None,0,0,0,1,1,Independence Day,48000,2,4.0,1.5,3.5,3.71,19200,211200,LOW
2020-08-16,2020,8,16,6,Sunday,1,0,28,Trayodashi (Krishna),0,0,0,0,0,0,0,None,0,0,0,0,0,None,48000,2,4.0,1.5,3.5,3.71,19200,211200,LOW
2020-08-17,2020,8,17,0,Monday,0,0,29,Chaturdashi (Krishna),0,0,0,0,0,0,0,None,0,0,0,0,0,None,48000,2,4.0,1.5,3.5,3.71,19200,211200,LOW
2020-08-18,2020,8,18,1,Tuesday,0,0,30,Amavasya (New Moon),0,0,1,0,0,0,0,None,0,0,0,0,0,None,48000,2,4.0,1.5,3.5,3.71,19200,211200,LOW
2020-08-19,2020,8,19,2,Wednesday,0,0,1,Pratipada (Shukla),0,0,0,0,0,0,0,None,0,0,0,0,0,None,48000,2,4.0,1.5,3.5,3.71,19200,211200,LOW
2020-08-20,2020,8,20,3,Thursday,0,0,2,Dwitiya (Shukla),0,0,0,0,0,0,0,None,0,0,0,0,0,None,48000,2,4.0,1.5,3.5,3.71,19200,211200,LOW
2020-08-21,2020,8,21,4,Friday,0,0,3,Tritiya (Shukla),0,0,0,0,0,0,0,None,0,0,0,0,0,None,48000,2,4.0,1.5,3.5,3.71,19200,211200,LOW
2020-08-22,2020,8,22,5,Saturday,1,0,4,Chaturthi (Shukla),0,0,0,0,0,0,0,None,0,0,0,0,0,None,48000,2,4.0,1.5,3.5,3.71,19200,211200,LOW
2020-08-23,2020,8,23,6,Sunday,1,0,5,Panchami (Shukla),0,0,0,0,0,0,0,None,0,0,0,0,0,None,48000,2,4.0,1.5,3.5,3.71,19200,211200,LOW
2020-08-24,2020,8,24,0,Monday,0,0,6,Shasthi (Shukla),0,0,0,0,0,0,0,None,0,0,0,0,0,None,48000,2,4.0,1.5,3.5,3.71,19200,211200,LOW
2020-08-25,2020,8,25,1,Tuesday,0,0,7,Saptami (Shukla),0,0,0,0,0,0,0,None,0,0,0,0,0,None,48000,2,4.0,1.5,3.5,3.71,19200,211200,LOW
2020-08-26,2020,8,26,2,Wednesday,0,0,8,Ashtami (Shukla),0,0,0,0,0,0,0,None,0,0,0,0,0,None,48000,2,4.0,1.5,3.5,3.71,19200,211200,LOW
2020-08-27,2020,8,27,3,Thursday,0,0,9,Navami (Shukla),0,0,0,0,0,0,0,None,0,0,0,0,0,None,48000,2,4.0,1.5,3.5,3.71,19200,211200,LOW
2020-08-28,2020,8,28,4,Friday,0,0,10,Dashami (Shukla),0,0,0,0,0,0,0,None,0,0,0,0,0,None,48000,2,4.0,1.5,3.5,3.71,19200,211200,LOW
2020-08-29,2020,8,29,5,Saturday,1,0,11,Ekadashi (Shukla),1,0,0,0,0,0,0,None,0,0,0,0,0,None,48000,2,4.0,1.5,3.5,3.71,19200,211200,LOW
2020-08-30,2020,8,30,6,Sunday,1,0,12,Dwadashi (Shukla),0,0,0,0,0,0,0,None,0,0,0,0,0,None,48000,2,4.0,1.5,3.5,3.71,19200,211200,LOW
2020-08-31,2020,8,31,0,Monday,0,0,13,Trayodashi (Shukla),0,0,0,0,0,0,0,None,0,0,0,0,0,None,48000,2,4.0,1.5,3.5,3.71,19200,211200,LOW
2020-09-01,2020,9,1,1,Tuesday,0,0,14,Chaturdashi (Shukla),0,0,0,0,0,0,0,None,0,0,0,0,0,None,48000,2,4.0,1.5,3.5,3.71,19200,211200,LOW
2020-09-02,2020,9,2,2,Wednesday,0,0,15,Pournami (Full Moon),0,1,0,0,0,0,0,None,0,0,0,0,0,None,48000,2,4.0,1.5,3.5,3.71,19200,211200,LOW
2020-09-03,2020,9,3,3,Thursday,0,0,16,Pratipada (Krishna),0,0,0,0,0,0,0,None,0,0,0,0,0,None,48000,2,4.0,1.5,3.5,3.71,19200,211200,LOW
2020-09-04,2020,9,4,4,Friday,0,0,17,Dwitiya (Krishna),0,0,0,0,0,0,0,None,0,0,0,0,0,None,48000,2,4.0,1.5,3.5,3.71,19200,211200,LOW
2020-09-05,2020,9,5,5,Saturday,1,0,18,Tritiya (Krishna),0,0,0,0,0,0,0,None,0,0,0,0,0,None,48000,2,4.0,1.5,3.5,3.71,19200,211200,LOW
2020-09-06,2020,9,6,6,Sunday,1,0,19,Chaturthi (Krishna),0,0,0,0,0,0,0,None,0,0,0,0,0,None,48000,2,4.0,1.5,3.5,3.71,19200,211200,LOW
2020-09-07,2020,9,7,0,Monday,0,0,20,Panchami (Krishna),0,0,0,0,0,0,0,None,0,0,0,0,0,None,48000,2,4.0,1.5,3.5,3.71,19200,211200,LOW
2020-09-08,2020,9,8,1,Tuesday,0,0,21,Shasthi (Krishna),0,0,0,0,0,0,0,None,0,0,0,0,0,None,48000,2,4.0,1.5,3.5,3.71,19200,211200,LOW
2020-09-09,2020,9,9,2,Wednesday,0,0,22,Saptami (Krishna),0,0,0,0,0,0,0,None,0,0,0,0,0,None,48000,2,4.0,1.5,3.5,3.71,19200,211200,LOW
2020-09-10,2020,9,10,3,Thursday,0,0,23,Ashtami (Krishna),0,0,0,0,0,0,0,None,0,0,0,0,0,None,48000,2,4.0,1.5,3.5,3.71,19200,211200,LOW
2020-09-11,2020,9,11,4,Friday,0,0,24,Navami (Krishna),0,0,0,0,0,0,0,None,0,0,0,0,0,None,48000,2,4.0,1.5,3.5,3.71,19200,211200,LOW
2020-09-12,2020,9,12,5,Saturday,1,0,25,Dashami (Krishna),0,0,0,0,0,0,0,None,0,0,0,0,0,None,48000,2,4.0,1.5,3.5,3.71,19200,211200,LOW
2020-09-13,2020,9,13,6,Sunday,1,0,26,Ekadashi (Krishna),1,0,0,0,0,0,0,None,0,0,0,0,0,None,48000,2,4.0,1.5,3.5,3.71,19200,211200,LOW
2020-09-14,2020,9,14,0,Monday,0,0,27,Dwadashi (Krishna),0,0,0,0,0,0,0,None,0,0,0,0,0,None,48000,2,4.0,1.5,3.5,3.71,19200,211200,LOW
2020-09-15,2020,9,15,1,Tuesday,0,0,28,Trayodashi (Krishna),0,0,0,0,0,0,0,None,0,0,0,0,0,None,48000,2,4.0,1.5,3.5,3.71,19200,211200,LOW
2020-09-16,2020,9,16,2,Wednesday,0,0,29,Chaturdashi (Krishna),0,0,0,0,0,0,0,None,0,0,0,0,0,None,48000,2,4.0,1.5,3.5,3.71,19200,211200,LOW
2020-09-17,2020,9,17,3,Thursday,0,0,30,Amavasya (New Moon),0,0,1,1,0,0,0,None,0,0,0,0,0,None,48000,2,4.0,1.5,3.5,3.71,19200,211200,LOW
2020-09-18,2020,9,18,4,Friday,0,0,1,Pratipada (Shukla),0,0,0,1,0,0,0,None,0,0,0,0,0,None,48000,2,4.0,1.5,3.5,3.71,19200,211200,LOW
2020-09-19,2020,9,19,5,Saturday,1,0,2,Dwitiya (Shukla),0,0,0,1,1,0,0,None,0,0,0,0,0,None,48000,2,4.0,1.5,3.5,3.71,19200,211200,LOW
2020-09-20,2020,9,20,6,Sunday,1,0,3,Tritiya (Shukla),0,0,0,1,0,0,0,None,0,0,0,0,0,None,48000,2,4.0,1.5,3.5,3.71,19200,211200,LOW
2020-09-21,2020,9,21,0,Monday,0,0,4,Chaturthi (Shukla),0,0,0,1,0,0,0,None,0,0,0,0,0,None,48000,2,4.0,1.5,3.5,3.71,19200,211200,LOW
2020-09-22,2020,9,22,1,Tuesday,0,0,5,Panchami (Shukla),0,0,0,1,0,0,0,None,0,0,0,0,0,None,48000,2,4.0,1.5,3.5,3.71,19200,211200,LOW
2020-09-23,2020,9,23,2,Wednesday,0,0,7,Saptami (Shukla),0,0,0,1,0,0,0,None,0,0,0,0,0,None,48000,2,4.0,1.5,3.5,3.71,19200,211200,LOW
2020-09-24,2020,9,24,3,Thursday,0,0,8,Ashtami (Shukla),0,0,0,1,0,0,0,None,0,0,0,0,0,None,48000,2,4.0,1.5,3.5,3.71,19200,211200,LOW
2020-09-25,2020,9,25,4,Friday,0,0,9,Navami (Shukla),0,0,0,1,0,0,0,None,0,0,0,0,0,None,48000,2,4.0,1.5,3.5,3.71,19200,211200,LOW
2020-09-26,2020,9,26,5,Saturday,1,0,10,Dashami (Shukla),0,0,0,1,1,0,0,None,0,0,0,0,0,None,48000,2,4.0,1.5,3.5,3.71,19200,211200,LOW
2020-09-27,2020,9,27,6,Sunday,1,0,11,Ekadashi (Shukla),1,0,0,1,0,0,0,None,0,0,0,0,0,None,48000,2,4.0,1.5,3.5,3.71,19200,211200,LOW
2020-09-28,2020,9,28,0,Monday,0,0,12,Dwadashi (Shukla),0,0,0,1,0,0,0,None,0,0,0,0,0,None,48000,2,4.0,1.5,3.5,3.71,19200,211200,LOW
2020-09-29,2020,9,29,1,Tuesday,0,0,13,Trayodashi (Shukla),0,0,0,1,0,0,0,None,0,0,0,0,0,None,48000,2,4.0,1.5,3.5,3.71,19200,211200,LOW
2020-09-30,2020,9,30,2,Wednesday,0,0,14,Chaturdashi (Shukla),0,0,0,1,0,0,0,None,0,0,0,0,0,None,48000,2,4.0,1.5,3.5,3.71,19200,211200,LOW
2020-10-01,2020,10,1,3,Thursday,0,0,15,Pournami (Full Moon),0,1,0,1,0,0,0,None,0,0,0,0,0,None,48000,2,4.0,1.5,3.5,3.71,19200,211200,LOW
2020-10-02,2020,10,2,4,Friday,0,1,16,Pratipada (Krishna),0,0,0,1,0,0,0,None,0,0,0,1,1,Gandhi Jayanti,48000,2,4.0,1.5,3.5,3.71,19200,211200,LOW
2020-10-03,2020,10,3,5,Saturday,1,1,17,Dwitiya (Krishna),0,0,0,1,1,0,0,None,0,0,0,0,0,None,48000,2,4.0,1.5,3.5,3.71,19200,211200,LOW
2020-10-04,2020,10,4,6,Sunday,1,1,18,Tritiya (Krishna),0,0,0,1,0,0,0,None,0,0,0,0,0,None,48000,2,4.0,1.5,3.5,3.71,19200,211200,LOW
2020-10-05,2020,10,5,0,Monday,0,0,19,Chaturthi (Krishna),0,0,0,1,0,0,0,None,0,0,0,0,0,None,48000,2,4.0,1.5,3.5,3.71,19200,211200,LOW
2020-10-06,2020,10,6,1,Tuesday,0,0,20,Panchami (Krishna),0,0,0,1,0,0,0,None,0,0,0,0,0,None,48000,2,4.0,1.5,3.5,3.71,19200,211200,LOW
2020-10-07,2020,10,7,2,Wednesday,0,0,21,Shasthi (Krishna),0,0,0,1,0,0,0,None,0,0,0,0,0,None,48000,2,4.0,1.5,3.5,3.71,19200,211200,LOW
2020-10-08,2020,10,8,3,Thursday,0,0,22,Saptami (Krishna),0,0,0,1,0,0,0,None,0,0,0,0,0,None,48000,2,4.0,1.5,3.5,3.71,19200,211200,LOW
2020-10-09,2020,10,9,4,Friday,0,0,23,Ashtami (Krishna),0,0,0,1,0,0,0,None,0,0,0,0,0,None,48000,2,4.0,1.5,3.5,3.71,19200,211200,LOW
2020-10-10,2020,10,10,5,Saturday,1,0,24,Navami (Krishna),0,0,0,1,1,0,0,None,0,0,0,0,0,None,48000,2,4.0,1.5,3.5,3.71,19200,211200,LOW
2020-10-11,2020,10,11,6,Sunday,1,0,25,Dashami (Krishna),0,0,0,1,0,0,0,None,0,0,0,0,0,None,48000,2,4.0,1.5,3.5,3.71,19200,211200,LOW
2020-10-12,2020,10,12,0,Monday,0,0,26,Ekadashi (Krishna),1,0,0,1,0,0,0,None,0,0,0,0,0,None,48000,2,4.0,1.5,3.5,3.71,19200,211200,LOW
2020-10-13,2020,10,13,1,Tuesday,0,0,27,Dwadashi (Krishna),0,0,0,1,0,0,0,None,0,0,0,0,0,None,48000,2,4.0,1.5,3.5,3.71,19200,211200,LOW
2020-10-14,2020,10,14,2,Wednesday,0,0,28,Trayodashi (Krishna),0,0,0,1,0,0,0,None,0,0,0,0,0,None,48000,2,4.0,1.5,3.5,3.71,19200,211200,LOW
2020-10-15,2020,10,15,3,Thursday,0,0,29,Chaturdashi (Krishna),0,0,0,1,0,0,0,None,0,0,0,0,0,None,48000,2,4.0,1.5,3.5,3.71,19200,211200,LOW
2020-10-16,2020,10,16,4,Friday,0,0,30,Amavasya (New Moon),0,0,1,1,0,0,0,None,0,0,0,0,0,None,48000,2,4.0,1.5,3.5,3.71,19200,211200,LOW
2020-10-17,2020,10,17,5,Saturday,1,0,1,Pratipada (Shukla),0,0,0,1,1,0,0,None,0,0,0,0,0,None,48000,2,4.0,1.5,3.5,3.71,19200,211200,LOW
2020-10-18,2020,10,18,6,Sunday,1,0,2,Dwitiya (Shukla),0,0,0,0,0,0,0,None,0,0,0,0,0,None,48000,2,4.0,1.5,3.5,3.71,19200,211200,LOW
2020-10-19,2020,10,19,0,Monday,0,0,3,Tritiya (Shukla),0,0,0,0,0,0,0,None,0,0,0,0,0,None,48000,2,4.0,1.5,3.5,3.71,19200,211200,LOW
2020-10-20,2020,10,20,1,Tuesday,0,0,4,Chaturthi (Shukla),0,0,0,0,0,0,0,None,0,0,0,0,0,None,48000,2,4.0,1.5,3.5,3.71,19200,211200,LOW
2020-10-21,2020,10,21,2,Wednesday,0,0,5,Panchami (Shukla),0,0,0,0,0,0,0,None,0,0,0,0,0,None,48000,2,4.0,1.5,3.5,3.71,19200,211200,LOW
2020-10-22,2020,10,22,3,Thursday,0,0,6,Shasthi (Shukla),0,0,0,0,0,0,0,None,0,0,0,0,0,None,48000,2,4.0,1.5,3.5,3.71,19200,211200,LOW
2020-10-23,2020,10,23,4,Friday,0,0,7,Saptami (Shukla),0,0,0,0,0,0,0,None,0,0,0,0,0,None,48000,2,4.0,1.5,3.5,3.71,19200,211200,LOW
2020-10-24,2020,10,24,5,Saturday,1,0,8,Ashtami (Shukla),0,0,0,0,0,0,0,None,0,0,0,0,0,None,48000,2,4.0,1.5,3.5,3.71,19200,211200,LOW
2020-10-25,2020,10,25,6,Sunday,1,0,9,Navami (Shukla),0,0,0,0,0,0,0,None,0,0,0,0,0,None,48000,2,4.0,1.5,3.5,3.71,19200,211200,LOW
2020-10-26,2020,10,26,0,Monday,0,0,10,Dashami (Shukla),0,0,0,0,0,0,0,None,0,0,0,0,0,None,48000,2,4.0,1.5,3.5,3.71,19200,211200,LOW
2020-10-27,2020,10,27,1,Tuesday,0,0,11,Ekadashi (Shukla),1,0,0,0,0,0,0,None,0,0,0,0,0,None,48000,2,4.0,1.5,3.5,3.71,19200,211200,LOW
2020-10-28,2020,10,28,2,Wednesday,0,0,12,Dwadashi (Shukla),0,0,0,0,0,0,0,None,0,0,0,0,0,None,48000,2,4.0,1.5,3.5,3.71,19200,211200,LOW
2020-10-29,2020,10,29,3,Thursday,0,0,13,Trayodashi (Shukla),0,0,0,0,0,0,0,None,0,0,0,0,0,None,48000,2,4.0,1.5,3.5,3.71,19200,211200,LOW
2020-10-30,2020,10,30,4,Friday,0,0,14,Chaturdashi (Shukla),0,0,0,0,0,0,0,None,0,0,0,0,0,None,48000,2,4.0,1.5,3.5,3.71,19200,211200,LOW
2020-10-31,2020,10,31,5,Saturday,1,0,15,Pournami (Full Moon),0,1,0,0,0,0,0,None,0,0,0,0,0,None,48000,2,4.0,1.5,3.5,3.71,19200,211200,LOW
2020-11-01,2020,11,1,6,Sunday,1,0,16,Pratipada (Krishna),0,0,0,0,0,0,0,None,0,0,0,1,1,Kannada Rajyotsava / AP Formation Day,48000,2,4.0,1.5,3.5,3.71,19200,211200,LOW
2020-11-02,2020,11,2,0,Monday,0,0,17,Dwitiya (Krishna),0,0,0,0,0,0,0,None,0,0,0,0,0,None,48000,2,4.0,1.5,3.5,3.71,19200,211200,LOW
2020-11-03,2020,11,3,1,Tuesday,0,0,18,Tritiya (Krishna),0,0,0,0,0,0,0,None,0,0,0,0,0,None,48000,2,4.0,1.5,3.5,3.71,19200,211200,LOW
2020-11-04,2020,11,4,2,Wednesday,0,0,19,Chaturthi (Krishna),0,0,0,0,0,0,0,None,0,0,0,0,0,None,48000,2,4.0,1.5,3.5,3.71,19200,211200,LOW
2020-11-05,2020,11,5,3,Thursday,0,0,20,Panchami (Krishna),0,0,0,0,0,1,0,None,0,0,0,0,0,None,48000,2,4.0,1.5,3.5,3.71,19200,211200,LOW
2020-11-06,2020,11,6,4,Friday,0,0,21,Shasthi (Krishna),0,0,0,0,0,1,0,None,0,0,0,0,0,None,48000,2,4.0,1.5,3.5,3.71,19200,211200,LOW
2020-11-07,2020,11,7,5,Saturday,1,0,22,Saptami (Krishna),0,0,0,0,0,1,0,None,0,0,0,0,0,None,48000,2,4.0,1.5,3.5,3.71,19200,211200,LOW
2020-11-08,2020,11,8,6,Sunday,1,0,23,Ashtami (Krishna),0,0,0,0,0,1,0,None,0,0,0,0,0,None,48000,2,4.0,1.5,3.5,3.71,19200,211200,LOW
2020-11-09,2020,11,9,0,Monday,0,0,24,Navami (Krishna),0,0,0,0,0,1,0,None,0,0,0,0,0,None,48000,2,4.0,1.5,3.5,3.71,19200,211200,LOW
2020-11-10,2020,11,10,1,Tuesday,0,0,25,Dashami (Krishna),0,0,0,0,0,1,0,None,0,0,0,0,0,None,48000,2,4.0,1.5,3.5,3.71,19200,211200,LOW
2020-11-11,2020,11,11,2,Wednesday,0,0,26,Ekadashi (Krishna),1,0,0,0,0,1,0,None,0,0,0,0,0,None,48000,2,4.0,1.5,3.5,3.71,19200,211200,LOW
2020-11-12,2020,11,12,3,Thursday,0,0,27,Dwadashi (Krishna),0,0,0,0,0,1,0,None,0,0,0,0,0,None,48000,2,4.0,1.5,3.5,3.71,19200,211200,LOW
2020-11-13,2020,11,13,4,Friday,0,0,28,Trayodashi (Krishna),0,0,0,0,0,1,0,None,0,0,0,0,0,None,48000,2,4.0,1.5,3.5,3.71,19200,211200,LOW
2020-11-14,2020,11,14,5,Saturday,1,0,29,Chaturdashi (Krishna),0,0,0,0,0,1,0,None,0,0,0,0,0,None,48000,2,4.0,1.5,3.5,3.71,19200,211200,LOW
2020-11-15,2020,11,15,6,Sunday,1,0,30,Amavasya (New Moon),0,0,1,0,0,1,0,None,0,0,0,0,0,None,48000,2,4.0,1.5,3.5,3.71,19200,211200,LOW
2020-11-16,2020,11,16,0,Monday,0,0,1,Pratipada (Shukla),0,0,0,0,0,1,0,None,0,0,0,0,0,None,48000,2,4.0,1.5,3.5,3.71,19200,211200,LOW
2020-11-17,2020,11,17,1,Tuesday,0,0,2,Dwitiya (Shukla),0,0,0,0,0,1,0,None,0,0,0,0,0,None,48000,2,4.0,1.5,3.5,3.71,19200,211200,LOW
2020-11-18,2020,11,18,2,Wednesday,0,0,3,Tritiya (Shukla),0,0,0,0,0,1,0,None,0,0,0,0,0,None,48000,2,4.0,1.5,3.5,3.71,19200,211200,LOW
2020-11-19,2020,11,19,3,Thursday,0,0,4,Chaturthi (Shukla),0,0,0,0,0,1,0,None,0,0,0,0,0,None,48000,2,4.0,1.5,3.5,3.71,19200,211200,LOW
2020-11-20,2020,11,20,4,Friday,0,0,5,Panchami (Shukla),0,0,0,0,0,1,0,None,0,0,0,0,0,None,48000,2,4.0,1.5,3.5,3.71,19200,211200,LOW
2020-11-21,2020,11,21,5,Saturday,1,0,6,Shasthi (Shukla),0,0,0,0,0,1,0,None,0,0,0,0,0,None,48000,2,4.0,1.5,3.5,3.71,19200,211200,LOW
2020-11-22,2020,11,22,6,Sunday,1,0,7,Saptami (Shukla),0,0,0,0,0,1,0,None,0,0,0,0,0,None,48000,2,4.0,1.5,3.5,3.71,19200,211200,LOW
2020-11-23,2020,11,23,0,Monday,0,0,8,Ashtami (Shukla),0,0,0,0,0,1,0,None,0,0,0,0,0,None,48000,2,4.0,1.5,3.5,3.71,19200,211200,LOW
2020-11-24,2020,11,24,1,Tuesday,0,0,9,Navami (Shukla),0,0,0,0,0,1,0,None,0,0,0,0,0,None,48000,2,4.0,1.5,3.5,3.71,19200,211200,LOW
2020-11-25,2020,11,25,2,Wednesday,0,0,11,Ekadashi (Shukla),1,0,0,0,0,1,0,None,0,0,0,0,0,None,48000,2,4.0,1.5,3.5,3.71,19200,211200,LOW
2020-11-26,2020,11,26,3,Thursday,0,0,12,Dwadashi (Shukla),0,0,0,0,0,1,0,None,0,0,0,0,0,None,48000,2,4.0,1.5,3.5,3.71,19200,211200,LOW
2020-11-27,2020,11,27,4,Friday,0,0,13,Trayodashi (Shukla),0,0,0,0,0,1,0,None,0,0,0,0,0,None,48000,2,4.0,1.5,3.5,3.71,19200,211200,LOW
2020-11-28,2020,11,28,5,Saturday,1,0,14,Chaturdashi (Shukla),0,0,0,0,0,1,0,None,0,0,0,0,0,None,48000,2,4.0,1.5,3.5,3.71,19200,211200,LOW
2020-11-29,2020,11,29,6,Sunday,1,0,15,Pournami (Full Moon),0,1,0,0,0,1,0,None,0,0,0,0,0,None,48000,2,4.0,1.5,3.5,3.71,19200,211200,LOW
2020-11-30,2020,11,30,0,Monday,0,0,16,Pratipada (Krishna),0,0,0,0,0,1,0,None,0,0,0,0,0,None,48000,2,4.0,1.5,3.5,3.71,19200,211200,LOW
2020-12-01,2020,12,1,1,Tuesday,0,0,17,Dwitiya (Krishna),0,0,0,0,0,1,0,None,0,0,0,0,0,None,48000,2,4.0,1.5,3.5,3.71,19200,211200,LOW
2020-12-02,2020,12,2,2,Wednesday,0,0,18,Tritiya (Krishna),0,0,0,0,0,1,0,None,0,0,0,0,0,None,48000,2,4.0,1.5,3.5,3.71,19200,211200,LOW
2020-12-03,2020,12,3,3,Thursday,0,0,19,Chaturthi (Krishna),0,0,0,0,0,1,0,None,0,0,0,0,0,None,48000,2,4.0,1.5,3.5,3.71,19200,211200,LOW
2020-12-04,2020,12,4,4,Friday,0,0,20,Panchami (Krishna),0,0,0,0,0,1,0,None,0,0,0,0,0,None,48000,2,4.0,1.5,3.5,3.71,19200,211200,LOW
2020-12-05,2020,12,5,5,Saturday,1,0,21,Shasthi (Krishna),0,0,0,0,0,1,0,None,0,0,0,0,0,None,48000,2,4.0,1.5,3.5,3.71,19200,211200,LOW
2020-12-06,2020,12,6,6,Sunday,1,0,22,Saptami (Krishna),0,0,0,0,0,0,0,None,0,0,0,0,0,None,48000,2,4.0,1.5,3.5,3.71,19200,211200,LOW
2020-12-07,2020,12,7,0,Monday,0,0,23,Ashtami (Krishna),0,0,0,0,0,0,0,None,0,0,0,0,0,None,48000,2,4.0,1.5,3.5,3.71,19200,211200,LOW
2020-12-08,2020,12,8,1,Tuesday,0,0,24,Navami (Krishna),0,0,0,0,0,0,0,None,0,0,0,0,0,None,48000,2,4.0,1.5,3.5,3.71,19200,211200,LOW
2020-12-09,2020,12,9,2,Wednesday,0,0,25,Dashami (Krishna),0,0,0,0,0,0,0,None,0,0,0,0,0,None,48000,2,4.0,1.5,3.5,3.71,19200,211200,LOW
2020-12-10,2020,12,10,3,Thursday,0,0,26,Ekadashi (Krishna),1,0,0,0,0,0,0,None,0,0,0,0,0,None,48000,2,4.0,1.5,3.5,3.71,19200,211200,LOW
2020-12-11,2020,12,11,4,Friday,0,0,27,Dwadashi (Krishna),0,0,0,0,0,0,0,None,0,0,0,0,0,None,48000,2,4.0,1.5,3.5,3.71,19200,211200,LOW
2020-12-12,2020,12,12,5,Saturday,1,0,28,Trayodashi (Krishna),0,0,0,0,0,0,0,None,0,0,0,0,0,None,48000,2,4.0,1.5,3.5,3.71,19200,211200,LOW
2020-12-13,2020,12,13,6,Sunday,1,0,29,Chaturdashi (Krishna),0,0,0,0,0,0,0,None,0,0,0,0,0,None,48000,2,4.0,1.5,3.5,3.71,19200,211200,LOW
2020-12-14,2020,12,14,0,Monday,0,0,30,Amavasya (New Moon),0,0,1,0,0,0,0,None,0,0,0,0,0,None,48000,2,4.0,1.5,3.5,3.71,19200,211200,LOW
2020-12-15,2020,12,15,1,Tuesday,0,0,1,Pratipada (Shukla),0,0,0,0,0,0,0,None,0,0,0,0,0,None,48000,2,4.0,1.5,3.5,3.71,19200,211200,LOW
2020-12-16,2020,12,16,2,Wednesday,0,0,2,Dwitiya (Shukla),0,0,0,0,0,0,0,None,0,0,0,0,0,None,48000,2,4.0,1.5,3.5,3.71,19200,211200,LOW
2020-12-17,2020,12,17,3,Thursday,0,0,3,Tritiya (Shukla),0,0,0,0,0,0,0,None,0,0,0,0,0,None,48000,2,4.0,1.5,3.5,3.71,19200,211200,LOW
2020-12-18,2020,12,18,4,Friday,0,0,4,Chaturthi (Shukla),0,0,0,0,0,0,0,None,0,0,0,0,0,None,48000,2,4.0,1.5,3.5,3.71,19200,211200,LOW
2020-12-19,2020,12,19,5,Saturday,1,0,5,Panchami (Shukla),0,0,0,0,0,0,0,None,0,0,0,0,0,None,48000,2,4.0,1.5,3.5,3.71,19200,211200,LOW
2020-12-20,2020,12,20,6,Sunday,1,0,6,Shasthi (Shukla),0,0,0,0,0,0,0,None,0,0,0,0,0,None,48000,2,4.0,1.5,3.5,3.71,19200,211200,LOW
2020-12-21,2020,12,21,0,Monday,0,0,7,Saptami (Shukla),0,0,0,0,0,0,0,None,0,0,0,0,0,None,48000,2,4.0,1.5,3.5,3.71,19200,211200,LOW
2020-12-22,2020,12,22,1,Tuesday,0,0,8,Ashtami (Shukla),0,0,0,0,0,0,0,None,0,0,0,0,0,None,48000,2,4.0,1.5,3.5,3.71,19200,211200,LOW
2020-12-23,2020,12,23,2,Wednesday,0,0,9,Navami (Shukla),0,0,0,0,0,0,0,None,0,0,0,0,0,None,48000,2,4.0,1.5,3.5,3.71,19200,211200,LOW
2020-12-24,2020,12,24,3,Thursday,0,0,10,Dashami (Shukla),0,0,0,0,0,0,0,None,0,0,0,0,0,None,48000,2,4.0,1.5,3.5,3.71,19200,211200,LOW
2020-12-25,2020,12,25,4,Friday,0,1,11,Ekadashi (Shukla),1,0,0,0,0,0,0,None,0,0,0,1,1,Christmas,48000,2,4.0,1.5,3.5,3.71,19200,211200,LOW
2020-12-26,2020,12,26,5,Saturday,1,1,12,Dwadashi (Shukla),0,0,0,0,0,0,0,None,0,0,0,0,0,None,48000,2,4.0,1.5,3.5,3.71,19200,211200,LOW
2020-12-27,2020,12,27,6,Sunday,1,1,13,Trayodashi (Shukla),0,0,0,0,0,0,0,None,0,0,0,0,0,None,48000,2,4.0,1.5,3.5,3.71,19200,211200,LOW
2020-12-28,2020,12,28,0,Monday,0,0,14,Chaturdashi (Shukla),0,0,0,0,0,0,0,None,0,0,0,0,0,None,48000,2,4.0,1.5,3.5,3.71,19200,211200,LOW
2020-12-29,2020,12,29,1,Tuesday,0,0,15,Pournami (Full Moon),0,1,0,0,0,0,0,None,0,0,0,0,0,None,48000,2,4.0,1.5,3.5,3.71,19200,211200,LOW
2020-12-30,2020,12,30,2,Wednesday,0,0,16,Pratipada (Krishna),0,0,0,0,0,0,0,None,0,0,0,0,0,None,48000,2,4.0,1.5,3.5,3.71,19200,211200,LOW
2020-12-31,2020,12,31,3,Thursday,0,0,17,Dwitiya (Krishna),0,0,0,0,0,0,0,None,0,0,0,0,0,None,48000,2,4.0,1.5,3.5,3.71,19200,211200,LOW
2021-01-01,2021,1,1,4,Friday,0,1,18,Tritiya (Krishna),0,0,0,0,0,0,1,English New Year,0,0,0,1,1,New Year's Day,48000,2,4.0,1.5,3.5,3.71,19200,211200,LOW
2021-01-02,2021,1,2,5,Saturday,1,1,19,Chaturthi (Krishna),0,0,0,0,0,0,0,None,0,0,0,0,0,None,48000,2,4.0,1.5,3.5,3.71,19200,211200,LOW
2021-01-03,2021,1,3,6,Sunday,1,1,20,Panchami (Krishna),0,0,0,0,0,0,0,None,0,0,0,0,0,None,48000,2,4.0,1.5,3.5,3.71,19200,211200,LOW
2021-01-04,2021,1,4,0,Monday,0,0,21,Shasthi (Krishna),0,0,0,0,0,0,0,None,0,0,0,0,0,None,48000,2,4.0,1.5,3.5,3.71,19200,211200,LOW
2021-01-05,2021,1,5,1,Tuesday,0,0,22,Saptami (Krishna),0,0,0,0,0,0,0,None,0,0,0,0,0,None,48000,2,4.0,1.5,3.5,3.71,19200,211200,LOW
2021-01-06,2021,1,6,2,Wednesday,0,0,23,Ashtami (Krishna),0,0,0,0,0,0,0,None,0,0,0,0,0,None,48000,2,4.0,1.5,3.5,3.71,19200,211200,LOW
2021-01-07,2021,1,7,3,Thursday,0,0,24,Navami (Krishna),0,0,0,0,0,0,0,None,0,0,0,0,0,None,48000,2,4.0,1.5,3.5,3.71,19200,211200,LOW
2021-01-08,2021,1,8,4,Friday,0,0,25,Dashami (Krishna),0,0,0,0,0,0,0,None,0,0,0,0,0,None,48000,2,4.0,1.5,3.5,3.71,19200,211200,LOW
2021-01-09,2021,1,9,5,Saturday,1,0,26,Ekadashi (Krishna),1,0,0,0,0,0,0,None,0,0,0,0,0,None,48000,2,4.0,1.5,3.5,3.71,19200,211200,LOW
2021-01-10,2021,1,10,6,Sunday,1,0,27,Dwadashi (Krishna),0,0,0,0,0,0,0,None,0,0,0,0,0,None,48000,2,4.0,1.5,3.5,3.71,19200,211200,LOW
2021-01-11,2021,1,11,0,Monday,0,0,28,Trayodashi (Krishna),0,0,0,0,0,0,0,None,0,0,0,0,0,None,48000,2,4.0,1.5,3.5,3.71,19200,211200,LOW
2021-01-12,2021,1,12,1,Tuesday,0,0,29,Chaturdashi (Krishna),0,0,0,0,0,0,0,None,0,0,0,0,0,None,48000,2,4.0,1.5,3.5,3.71,19200,211200,LOW
2021-01-13,2021,1,13,2,Wednesday,0,0,30,Amavasya (New Moon),0,0,1,0,0,0,1,Vaikunta Ekadashi & Dwara Darshanam (Opening Day / Peak!),0,0,0,0,0,None,48000,2,4.0,1.5,3.5,3.71,19200,211200,LOW
2021-01-14,2021,1,14,3,Thursday,0,0,1,Pratipada (Shukla),0,0,0,0,0,0,1,Vaikunta Ekadashi & Dwara Darshanam (Day in Festival Window),0,0,0,1,1,Makara Sankranti / Pongal,48000,2,4.0,1.5,3.5,3.71,19200,211200,LOW
2021-01-15,2021,1,15,4,Friday,0,1,2,Dwitiya (Shukla),0,0,0,0,0,0,1,Vaikunta Ekadashi & Dwara Darshanam (Day in Festival Window),0,0,0,1,1,Kanuma / Thiruvalluvar Day,48000,2,4.0,1.5,3.5,3.71,19200,211200,LOW
2021-01-16,2021,1,16,5,Saturday,1,1,3,Tritiya (Shukla),0,0,0,0,0,0,1,Vaikunta Ekadashi & Dwara Darshanam (Day in Festival Window),0,0,0,1,1,Mukkanuma / Uzhavar Thirunal,48000,2,4.0,1.5,3.5,3.71,19200,211200,LOW
2021-01-17,2021,1,17,6,Sunday,1,1,4,Chaturthi (Shukla),0,0,0,0,0,0,1,Vaikunta Ekadashi & Dwara Darshanam (Day in Festival Window),0,0,0,0,0,None,48000,2,4.0,1.5,3.5,3.71,19200,211200,LOW
2021-01-18,2021,1,18,0,Monday,0,0,5,Panchami (Shukla),0,0,0,0,0,0,1,Vaikunta Ekadashi & Dwara Darshanam (Day in Festival Window),0,0,0,0,0,None,48000,2,4.0,1.5,3.5,3.71,19200,211200,LOW
2021-01-19,2021,1,19,1,Tuesday,0,0,6,Shasthi (Shukla),0,0,0,0,0,0,1,Vaikunta Ekadashi & Dwara Darshanam (Day in Festival Window),0,0,0,0,0,None,48000,2,4.0,1.5,3.5,3.71,19200,211200,LOW
2021-01-20,2021,1,20,2,Wednesday,0,0,7,Saptami (Shukla),0,0,0,0,0,0,1,Vaikunta Ekadashi & Dwara Darshanam (Day in Festival Window),0,0,0,0,0,None,48000,2,4.0,1.5,3.5,3.71,19200,211200,LOW
2021-01-21,2021,1,21,3,Thursday,0,0,8,Ashtami (Shukla),0,0,0,0,0,0,1,Vaikunta Ekadashi & Dwara Darshanam (Day in Festival Window),0,0,0,0,0,None,48000,2,4.0,1.5,3.5,3.71,19200,211200,LOW
2021-01-22,2021,1,22,4,Friday,0,0,9,Navami (Shukla),0,0,0,0,0,0,1,Vaikunta Ekadashi & Dwara Darshanam (Day in Festival Window),0,0,0,0,0,None,48000,2,4.0,1.5,3.5,3.71,19200,211200,LOW
2021-01-23,2021,1,23,5,Saturday,1,0,10,Dashami (Shukla),0,0,0,0,0,0,0,None,0,0,0,0,0,None,48000,2,4.0,1.5,3.5,3.71,19200,211200,LOW
2021-01-24,2021,1,24,6,Sunday,1,0,11,Ekadashi (Shukla),1,0,0,0,0,0,0,None,0,0,0,0,0,None,48000,2,4.0,1.5,3.5,3.71,19200,211200,LOW
2021-01-25,2021,1,25,0,Monday,0,0,12,Dwadashi (Shukla),0,0,0,0,0,0,0,None,0,0,0,0,0,None,48000,2,4.0,1.5,3.5,3.71,19200,211200,LOW
2021-01-26,2021,1,26,1,Tuesday,0,0,13,Trayodashi (Shukla),0,0,0,0,0,0,0,None,0,0,0,1,1,Republic Day,48000,2,4.0,1.5,3.5,3.71,19200,211200,LOW
2021-01-27,2021,1,27,2,Wednesday,0,0,15,Pournami (Full Moon),0,1,0,0,0,0,0,None,0,0,0,0,0,None,48000,2,4.0,1.5,3.5,3.71,19200,211200,LOW
2021-01-28,2021,1,28,3,Thursday,0,0,16,Pratipada (Krishna),0,0,0,0,0,0,0,None,0,0,0,0,0,None,48000,2,4.0,1.5,3.5,3.71,19200,211200,LOW
2021-01-29,2021,1,29,4,Friday,0,0,17,Dwitiya (Krishna),0,0,0,0,0,0,0,None,0,0,0,0,0,None,48000,2,4.0,1.5,3.5,3.71,19200,211200,LOW
2021-01-30,2021,1,30,5,Saturday,1,0,18,Tritiya (Krishna),0,0,0,0,0,0,0,None,0,0,0,0,0,None,48000,2,4.0,1.5,3.5,3.71,19200,211200,LOW
2021-01-31,2021,1,31,6,Sunday,1,0,19,Chaturthi (Krishna),0,0,0,0,0,0,0,None,0,0,0,0,0,None,48000,2,4.0,1.5,3.5,3.71,19200,211200,LOW
2021-02-01,2021,2,1,0,Monday,0,0,20,Panchami (Krishna),0,0,0,0,0,0,0,None,0,0,0,0,0,None,48000,2,4.0,1.5,3.5,3.71,19200,211200,LOW
2021-02-02,2021,2,2,1,Tuesday,0,0,21,Shasthi (Krishna),0,0,0,0,0,0,0,None,0,0,0,0,0,None,48000,2,4.0,1.5,3.5,3.71,19200,211200,LOW
2021-02-03,2021,2,3,2,Wednesday,0,0,22,Saptami (Krishna),0,0,0,0,0,0,0,None,0,0,0,0,0,None,48000,2,4.0,1.5,3.5,3.71,19200,211200,LOW
2021-02-04,2021,2,4,3,Thursday,0,0,23,Ashtami (Krishna),0,0,0,0,0,0,0,None,0,0,0,0,0,None,48000,2,4.0,1.5,3.5,3.71,19200,211200,LOW
2021-02-05,2021,2,5,4,Friday,0,0,24,Navami (Krishna),0,0,0,0,0,0,0,None,0,0,0,0,0,None,48000,2,4.0,1.5,3.5,3.71,19200,211200,LOW
2021-02-06,2021,2,6,5,Saturday,1,0,25,Dashami (Krishna),0,0,0,0,0,0,0,None,0,0,0,0,0,None,48000,2,4.0,1.5,3.5,3.71,19200,211200,LOW
2021-02-07,2021,2,7,6,Sunday,1,0,26,Ekadashi (Krishna),1,0,0,0,0,0,0,None,0,0,0,0,0,None,48000,2,4.0,1.5,3.5,3.71,19200,211200,LOW
2021-02-08,2021,2,8,0,Monday,0,0,27,Dwadashi (Krishna),0,0,0,0,0,0,0,None,0,0,0,0,0,None,48000,2,4.0,1.5,3.5,3.71,19200,211200,LOW
2021-02-09,2021,2,9,1,Tuesday,0,0,28,Trayodashi (Krishna),0,0,0,0,0,0,0,None,0,0,0,0,0,None,48000,2,4.0,1.5,3.5,3.71,19200,211200,LOW
2021-02-10,2021,2,10,2,Wednesday,0,0,29,Chaturdashi (Krishna),0,0,0,0,0,0,0,None,0,0,0,0,0,None,48000,2,4.0,1.5,3.5,3.71,19200,211200,LOW
2021-02-11,2021,2,11,3,Thursday,0,0,30,Amavasya (New Moon),0,0,1,0,0,0,0,None,0,0,0,0,0,None,48000,2,4.0,1.5,3.5,3.71,19200,211200,LOW
2021-02-12,2021,2,12,4,Friday,0,0,1,Pratipada (Shukla),0,0,0,0,0,0,0,None,0,0,0,0,0,None,48000,2,4.0,1.5,3.5,3.71,19200,211200,LOW
2021-02-13,2021,2,13,5,Saturday,1,0,2,Dwitiya (Shukla),0,0,0,0,0,0,0,None,0,0,0,0,0,None,48000,2,4.0,1.5,3.5,3.71,19200,211200,LOW
2021-02-14,2021,2,14,6,Sunday,1,0,3,Tritiya (Shukla),0,0,0,0,0,0,0,None,0,0,0,0,0,None,48000,2,4.0,1.5,3.5,3.71,19200,211200,LOW
2021-02-15,2021,2,15,0,Monday,0,0,4,Chaturthi (Shukla),0,0,0,0,0,0,0,None,0,1,0,0,0,None,48000,2,4.0,1.5,3.5,3.71,19200,211200,LOW
2021-02-16,2021,2,16,1,Tuesday,0,0,5,Panchami (Shukla),0,0,0,0,0,0,0,None,0,1,0,0,0,None,48000,2,4.0,1.5,3.5,3.71,19200,211200,LOW
2021-02-17,2021,2,17,2,Wednesday,0,0,6,Shasthi (Shukla),0,0,0,0,0,0,0,None,0,1,0,0,0,None,48000,2,4.0,1.5,3.5,3.71,19200,211200,LOW
2021-02-18,2021,2,18,3,Thursday,0,0,7,Saptami (Shukla),0,0,0,0,0,0,0,None,0,1,0,0,0,None,48000,2,4.0,1.5,3.5,3.71,19200,211200,LOW
2021-02-19,2021,2,19,4,Friday,0,0,8,Ashtami (Shukla),0,0,0,0,0,0,1,Rathasapthami,0,1,0,0,0,None,48000,2,4.0,1.5,3.5,3.71,19200,211200,LOW
2021-02-20,2021,2,20,5,Saturday,1,0,9,Navami (Shukla),0,0,0,0,0,0,0,None,0,1,0,0,0,None,48000,2,4.0,1.5,3.5,3.71,19200,211200,LOW
2021-02-21,2021,2,21,6,Sunday,1,0,10,Dashami (Shukla),0,0,0,0,0,0,0,None,0,1,0,0,0,None,48000,2,4.0,1.5,3.5,3.71,19200,211200,LOW
2021-02-22,2021,2,22,0,Monday,0,0,11,Ekadashi (Shukla),1,0,0,0,0,0,0,None,0,1,0,0,0,None,48000,2,4.0,1.5,3.5,3.71,19200,211200,LOW
2021-02-23,2021,2,23,1,Tuesday,0,0,12,Dwadashi (Shukla),0,0,0,0,0,0,0,None,0,1,0,0,0,None,48000,2,4.0,1.5,3.5,3.71,19200,211200,LOW
2021-02-24,2021,2,24,2,Wednesday,0,0,13,Trayodashi (Shukla),0,0,0,0,0,0,0,None,0,1,0,0,0,None,48000,2,4.0,1.5,3.5,3.71,19200,211200,LOW
2021-02-25,2021,2,25,3,Thursday,0,0,14,Chaturdashi (Shukla),0,0,0,0,0,0,0,None,0,1,0,0,0,None,48000,2,4.0,1.5,3.5,3.71,19200,211200,LOW
2021-02-26,2021,2,26,4,Friday,0,0,15,Pournami (Full Moon),0,1,0,0,0,0,0,None,0,1,0,0,0,None,48000,2,4.0,1.5,3.5,3.71,19200,211200,LOW
2021-02-27,2021,2,27,5,Saturday,1,0,16,Pratipada (Krishna),0,0,0,0,0,0,0,None,0,1,0,0,0,None,48000,2,4.0,1.5,3.5,3.71,19200,211200,LOW
2021-02-28,2021,2,28,6,Sunday,1,0,17,Dwitiya (Krishna),0,0,0,0,0,0,0,None,0,1,0,0,0,None,48000,2,4.0,1.5,3.5,3.71,19200,211200,LOW
2021-03-01,2021,3,1,0,Monday,0,0,18,Tritiya (Krishna),0,0,0,0,0,0,0,None,0,1,0,0,0,None,48000,2,4.0,1.5,3.5,3.71,19200,211200,LOW
2021-03-02,2021,3,2,1,Tuesday,0,0,19,Chaturthi (Krishna),0,0,0,0,0,0,0,None,0,1,0,0,0,None,48000,2,4.0,1.5,3.5,3.71,19200,211200,LOW
2021-03-03,2021,3,3,2,Wednesday,0,0,20,Panchami (Krishna),0,0,0,0,0,0,0,None,0,1,0,0,0,None,48000,2,4.0,1.5,3.5,3.71,19200,211200,LOW
2021-03-04,2021,3,4,3,Thursday,0,0,21,Shasthi (Krishna),0,0,0,0,0,0,0,None,0,1,0,0,0,None,48000,2,4.0,1.5,3.5,3.71,19200,211200,LOW
2021-03-05,2021,3,5,4,Friday,0,0,22,Saptami (Krishna),0,0,0,0,0,0,0,None,0,1,0,0,0,None,48000,2,4.0,1.5,3.5,3.71,19200,211200,LOW
2021-03-06,2021,3,6,5,Saturday,1,0,23,Ashtami (Krishna),0,0,0,0,0,0,0,None,0,1,0,0,0,None,48000,2,4.0,1.5,3.5,3.71,19200,211200,LOW
2021-03-07,2021,3,7,6,Sunday,1,0,24,Navami (Krishna),0,0,0,0,0,0,0,None,0,1,0,0,0,None,48000,2,4.0,1.5,3.5,3.71,19200,211200,LOW
2021-03-08,2021,3,8,0,Monday,0,0,25,Dashami (Krishna),0,0,0,0,0,0,0,None,0,1,0,0,0,None,48000,2,4.0,1.5,3.5,3.71,19200,211200,LOW
2021-03-09,2021,3,9,1,Tuesday,0,0,26,Ekadashi (Krishna),1,0,0,0,0,0,0,None,0,1,0,0,0,None,48000,2,4.0,1.5,3.5,3.71,19200,211200,LOW
2021-03-10,2021,3,10,2,Wednesday,0,0,27,Dwadashi (Krishna),0,0,0,0,0,0,0,None,0,1,0,0,0,None,48000,2,4.0,1.5,3.5,3.71,19200,211200,LOW
2021-03-11,2021,3,11,3,Thursday,0,0,28,Trayodashi (Krishna),0,0,0,0,0,0,0,None,0,1,0,0,0,None,48000,2,4.0,1.5,3.5,3.71,19200,211200,LOW
2021-03-12,2021,3,12,4,Friday,0,0,29,Chaturdashi (Krishna),0,0,0,0,0,0,0,None,0,1,0,0,0,None,48000,2,4.0,1.5,3.5,3.71,19200,211200,LOW
2021-03-13,2021,3,13,5,Saturday,1,0,30,Amavasya (New Moon),0,0,1,0,0,0,0,None,0,1,0,0,0,None,48000,2,4.0,1.5,3.5,3.71,19200,211200,LOW
2021-03-14,2021,3,14,6,Sunday,1,0,1,Pratipada (Shukla),0,0,0,0,0,0,0,None,0,1,0,0,0,None,48000,2,4.0,1.5,3.5,3.71,19200,211200,LOW
2021-03-15,2021,3,15,0,Monday,0,0,2,Dwitiya (Shukla),0,0,0,0,0,0,0,None,0,1,0,0,0,None,48000,2,4.0,1.5,3.5,3.71,19200,211200,LOW
2021-03-16,2021,3,16,1,Tuesday,0,0,3,Tritiya (Shukla),0,0,0,0,0,0,0,None,0,1,0,0,0,None,48000,2,4.0,1.5,3.5,3.71,19200,211200,LOW
2021-03-17,2021,3,17,2,Wednesday,0,0,4,Chaturthi (Shukla),0,0,0,0,0,0,0,None,0,1,0,0,0,None,48000,2,4.0,1.5,3.5,3.71,19200,211200,LOW
2021-03-18,2021,3,18,3,Thursday,0,0,5,Panchami (Shukla),0,0,0,0,0,0,0,None,0,1,0,0,0,None,48000,2,4.0,1.5,3.5,3.71,19200,211200,LOW
2021-03-19,2021,3,19,4,Friday,0,0,6,Shasthi (Shukla),0,0,0,0,0,0,0,None,0,1,0,0,0,None,48000,2,4.0,1.5,3.5,3.71,19200,211200,LOW
2021-03-20,2021,3,20,5,Saturday,1,0,7,Saptami (Shukla),0,0,0,0,0,0,0,None,0,1,0,0,0,None,48000,2,4.0,1.5,3.5,3.71,19200,211200,LOW
2021-03-21,2021,3,21,6,Sunday,1,0,8,Ashtami (Shukla),0,0,0,0,0,0,0,None,0,1,0,0,0,None,48000,2,4.0,1.5,3.5,3.71,19200,211200,LOW
2021-03-22,2021,3,22,0,Monday,0,0,9,Navami (Shukla),0,0,0,0,0,0,0,None,0,1,0,0,0,None,48000,2,4.0,1.5,3.5,3.71,19200,211200,LOW
2021-03-23,2021,3,23,1,Tuesday,0,0,10,Dashami (Shukla),0,0,0,0,0,0,0,None,0,1,0,0,0,None,48000,2,4.0,1.5,3.5,3.71,19200,211200,LOW
2021-03-24,2021,3,24,2,Wednesday,0,0,11,Ekadashi (Shukla),1,0,0,0,0,0,0,None,0,1,0,0,0,None,48000,2,4.0,1.5,3.5,3.71,19200,211200,LOW
2021-03-25,2021,3,25,3,Thursday,0,0,12,Dwadashi (Shukla),0,0,0,0,0,0,0,None,0,1,0,0,0,None,48000,2,4.0,1.5,3.5,3.71,19200,211200,LOW
2021-03-26,2021,3,26,4,Friday,0,0,13,Trayodashi (Shukla),0,0,0,0,0,0,0,None,0,1,0,0,0,None,48000,2,4.0,1.5,3.5,3.71,19200,211200,LOW
2021-03-27,2021,3,27,5,Saturday,1,0,14,Chaturdashi (Shukla),0,0,0,0,0,0,0,None,0,1,0,0,0,None,48000,2,4.0,1.5,3.5,3.71,19200,211200,LOW
2021-03-28,2021,3,28,6,Sunday,1,0,15,Pournami (Full Moon),0,1,0,0,0,0,0,None,0,1,0,0,0,None,48000,2,4.0,1.5,3.5,3.71,19200,211200,LOW
2021-03-29,2021,3,29,0,Monday,0,0,16,Pratipada (Krishna),0,0,0,0,0,0,0,None,0,1,0,0,0,None,48000,2,4.0,1.5,3.5,3.71,19200,211200,LOW
2021-03-30,2021,3,30,1,Tuesday,0,0,17,Dwitiya (Krishna),0,0,0,0,0,0,0,None,0,1,0,0,0,None,48000,2,4.0,1.5,3.5,3.71,19200,211200,LOW
2021-03-31,2021,3,31,2,Wednesday,0,0,19,Chaturthi (Krishna),0,0,0,0,0,0,0,None,0,1,0,0,0,None,48000,2,4.0,1.5,3.5,3.71,19200,211200,LOW
2021-04-01,2021,4,1,3,Thursday,0,0,20,Panchami (Krishna),0,0,0,0,0,0,0,None,0,1,0,0,0,None,48000,2,4.0,1.5,3.5,3.71,19200,211200,LOW
2021-04-02,2021,4,2,4,Friday,0,0,21,Shasthi (Krishna),0,0,0,0,0,0,0,None,0,1,0,0,0,None,48000,2,4.0,1.5,3.5,3.71,19200,211200,LOW
2021-04-03,2021,4,3,5,Saturday,1,0,22,Saptami (Krishna),0,0,0,0,0,0,0,None,0,1,0,0,0,None,48000,2,4.0,1.5,3.5,3.71,19200,211200,LOW
2021-04-04,2021,4,4,6,Sunday,1,0,23,Ashtami (Krishna),0,0,0,0,0,0,0,None,0,1,0,0,0,None,48000,2,4.0,1.5,3.5,3.71,19200,211200,LOW
2021-04-05,2021,4,5,0,Monday,0,0,24,Navami (Krishna),0,0,0,0,0,0,0,None,0,1,0,0,0,None,48000,2,4.0,1.5,3.5,3.71,19200,211200,LOW
2021-04-06,2021,4,6,1,Tuesday,0,0,25,Dashami (Krishna),0,0,0,0,0,0,0,None,0,1,0,0,0,None,48000,2,4.0,1.5,3.5,3.71,19200,211200,LOW
2021-04-07,2021,4,7,2,Wednesday,0,0,26,Ekadashi (Krishna),1,0,0,0,0,0,0,None,0,1,0,0,0,None,48000,2,4.0,1.5,3.5,3.71,19200,211200,LOW
2021-04-08,2021,4,8,3,Thursday,0,0,27,Dwadashi (Krishna),0,0,0,0,0,0,0,None,0,1,0,0,0,None,48000,2,4.0,1.5,3.5,3.71,19200,211200,LOW
2021-04-09,2021,4,9,4,Friday,0,0,28,Trayodashi (Krishna),0,0,0,0,0,0,0,None,0,1,0,0,0,None,48000,2,4.0,1.5,3.5,3.71,19200,211200,LOW
2021-04-10,2021,4,10,5,Saturday,1,0,29,Chaturdashi (Krishna),0,0,0,0,0,0,0,None,0,1,0,0,0,None,48000,2,4.0,1.5,3.5,3.71,19200,211200,LOW
2021-04-11,2021,4,11,6,Sunday,1,0,30,Amavasya (New Moon),0,0,1,0,0,0,0,None,0,0,0,0,0,None,48000,2,4.0,1.5,3.5,3.71,19200,211200,LOW
2021-04-12,2021,4,12,0,Monday,0,0,1,Pratipada (Shukla),0,0,0,0,0,0,0,None,0,0,0,0,0,None,48000,2,4.0,1.5,3.5,3.71,19200,211200,LOW
2021-04-13,2021,4,13,1,Tuesday,0,0,2,Dwitiya (Shukla),0,0,0,0,0,0,0,Ugadi (Telugu New Year),0,0,0,0,0,None,48000,2,4.0,1.5,3.5,3.71,19200,211200,LOW
2021-04-14,2021,4,14,2,Wednesday,0,0,3,Tritiya (Shukla),0,0,0,0,0,0,0,None,0,0,0,1,1,Dr. B.R. Ambedkar Jayanti / Tamil New Year,48000,2,4.0,1.5,3.5,3.71,19200,211200,LOW
2021-04-15,2021,4,15,3,Thursday,0,0,4,Chaturthi (Shukla),0,0,0,0,0,0,0,None,0,0,1,0,0,None,48000,2,4.0,1.5,3.5,3.71,19200,211200,LOW
2021-04-16,2021,4,16,4,Friday,0,0,5,Panchami (Shukla),0,0,0,0,0,0,0,None,0,0,1,0,0,None,48000,2,4.0,1.5,3.5,3.71,19200,211200,LOW
2021-04-17,2021,4,17,5,Saturday,1,0,6,Shasthi (Shukla),0,0,0,0,0,0,0,None,0,0,1,0,0,None,48000,2,4.0,1.5,3.5,3.71,19200,211200,LOW
2021-04-18,2021,4,18,6,Sunday,1,0,7,Saptami (Shukla),0,0,0,0,0,0,0,None,0,0,1,0,0,None,48000,2,4.0,1.5,3.5,3.71,19200,211200,LOW
2021-04-19,2021,4,19,0,Monday,0,0,8,Ashtami (Shukla),0,0,0,0,0,0,0,None,0,0,1,0,0,None,48000,2,4.0,1.5,3.5,3.71,19200,211200,LOW
2021-04-20,2021,4,20,1,Tuesday,0,0,9,Navami (Shukla),0,0,0,0,0,0,0,None,0,0,1,0,0,None,48000,2,4.0,1.5,3.5,3.71,19200,211200,LOW
2021-04-21,2021,4,21,2,Wednesday,0,0,10,Dashami (Shukla),0,0,0,0,0,0,0,Sri Rama Navami,0,0,1,0,0,None,48000,2,4.0,1.5,3.5,3.71,19200,211200,LOW
2021-04-22,2021,4,22,3,Thursday,0,0,11,Ekadashi (Shukla),1,0,0,0,0,0,0,None,0,0,1,0,0,None,48000,2,4.0,1.5,3.5,3.71,19200,211200,LOW
2021-04-23,2021,4,23,4,Friday,0,0,12,Dwadashi (Shukla),0,0,0,0,0,0,0,None,0,0,1,0,0,None,48000,2,4.0,1.5,3.5,3.71,19200,211200,LOW
2021-04-24,2021,4,24,5,Saturday,1,0,13,Trayodashi (Shukla),0,0,0,0,0,0,0,None,0,0,1,0,0,None,48000,2,4.0,1.5,3.5,3.71,19200,211200,LOW
2021-04-25,2021,4,25,6,Sunday,1,0,14,Chaturdashi (Shukla),0,0,0,0,0,0,0,None,0,0,1,0,0,None,48000,2,4.0,1.5,3.5,3.71,19200,211200,LOW
2021-04-26,2021,4,26,0,Monday,0,0,15,Pournami (Full Moon),0,1,0,0,0,0,0,None,0,0,1,0,0,None,48000,2,4.0,1.5,3.5,3.71,19200,211200,LOW
2021-04-27,2021,4,27,1,Tuesday,0,0,16,Pratipada (Krishna),0,0,0,0,0,0,0,None,0,0,1,0,0,None,48000,2,4.0,1.5,3.5,3.71,19200,211200,LOW
2021-04-28,2021,4,28,2,Wednesday,0,0,17,Dwitiya (Krishna),0,0,0,0,0,0,0,None,0,0,1,0,0,None,48000,2,4.0,1.5,3.5,3.71,19200,211200,LOW
2021-04-29,2021,4,29,3,Thursday,0,0,18,Tritiya (Krishna),0,0,0,0,0,0,0,None,0,0,1,0,0,None,48000,2,4.0,1.5,3.5,3.71,19200,211200,LOW
2021-04-30,2021,4,30,4,Friday,0,0,19,Chaturthi (Krishna),0,0,0,0,0,0,0,None,0,0,1,0,0,None,48000,2,4.0,1.5,3.5,3.71,19200,211200,LOW
2021-05-01,2021,5,1,5,Saturday,1,0,20,Panchami (Krishna),0,0,0,0,0,0,0,None,0,0,1,1,1,May Day / Labour Day,48000,2,4.0,1.5,3.5,3.71,19200,211200,LOW
2021-05-02,2021,5,2,6,Sunday,1,0,21,Shasthi (Krishna),0,0,0,0,0,0,0,None,0,0,1,0,0,None,48000,2,4.0,1.5,3.5,3.71,19200,211200,LOW
2021-05-03,2021,5,3,0,Monday,0,0,22,Saptami (Krishna),0,0,0,0,0,0,0,None,0,0,1,0,0,None,48000,2,4.0,1.5,3.5,3.71,19200,211200,LOW
2021-05-04,2021,5,4,1,Tuesday,0,0,23,Ashtami (Krishna),0,0,0,0,0,0,0,None,0,0,1,0,0,None,48000,2,4.0,1.5,3.5,3.71,19200,211200,LOW
2021-05-05,2021,5,5,2,Wednesday,0,0,24,Navami (Krishna),0,0,0,0,0,0,0,None,0,0,1,0,0,None,48000,2,4.0,1.5,3.5,3.71,19200,211200,LOW
2021-05-06,2021,5,6,3,Thursday,0,0,25,Dashami (Krishna),0,0,0,0,0,0,0,None,0,0,1,0,0,None,48000,2,4.0,1.5,3.5,3.71,19200,211200,LOW
2021-05-07,2021,5,7,4,Friday,0,0,26,Ekadashi (Krishna),1,0,0,0,0,0,0,None,0,0,1,0,0,None,48000,2,4.0,1.5,3.5,3.71,19200,211200,LOW
2021-05-08,2021,5,8,5,Saturday,1,0,27,Dwadashi (Krishna),0,0,0,0,0,0,0,None,0,0,1,0,0,None,48000,2,4.0,1.5,3.5,3.71,19200,211200,LOW
2021-05-09,2021,5,9,6,Sunday,1,0,28,Trayodashi (Krishna),0,0,0,0,0,0,0,None,0,0,1,0,0,None,48000,2,4.0,1.5,3.5,3.71,19200,211200,LOW
2021-05-10,2021,5,10,0,Monday,0,0,29,Chaturdashi (Krishna),0,0,0,0,0,0,0,None,0,0,1,0,0,None,48000,2,4.0,1.5,3.5,3.71,19200,211200,LOW
2021-05-11,2021,5,11,1,Tuesday,0,0,30,Amavasya (New Moon),0,0,1,0,0,0,0,None,0,0,1,0,0,None,48000,2,4.0,1.5,3.5,3.71,19200,211200,LOW
2021-05-12,2021,5,12,2,Wednesday,0,0,1,Pratipada (Shukla),0,0,0,0,0,0,0,None,0,0,1,0,0,None,48000,2,4.0,1.5,3.5,3.71,19200,211200,LOW
2021-05-13,2021,5,13,3,Thursday,0,0,2,Dwitiya (Shukla),0,0,0,0,0,0,0,None,0,0,1,0,0,None,48000,2,4.0,1.5,3.5,3.71,19200,211200,LOW
2021-05-14,2021,5,14,4,Friday,0,0,3,Tritiya (Shukla),0,0,0,0,0,0,0,None,0,0,1,0,0,None,48000,2,4.0,1.5,3.5,3.71,19200,211200,LOW
2021-05-15,2021,5,15,5,Saturday,1,0,4,Chaturthi (Shukla),0,0,0,0,0,0,0,None,0,0,1,0,0,None,48000,2,4.0,1.5,3.5,3.71,19200,211200,LOW
2021-05-16,2021,5,16,6,Sunday,1,0,5,Panchami (Shukla),0,0,0,0,0,0,0,None,0,0,1,0,0,None,48000,2,4.0,1.5,3.5,3.71,19200,211200,LOW
2021-05-17,2021,5,17,0,Monday,0,0,6,Shasthi (Shukla),0,0,0,0,0,0,0,None,0,0,1,0,0,None,48000,2,4.0,1.5,3.5,3.71,19200,211200,LOW
2021-05-18,2021,5,18,1,Tuesday,0,0,7,Saptami (Shukla),0,0,0,0,0,0,0,None,0,0,1,0,0,None,48000,2,4.0,1.5,3.5,3.71,19200,211200,LOW
2021-05-19,2021,5,19,2,Wednesday,0,0,8,Ashtami (Shukla),0,0,0,0,0,0,0,None,0,0,1,0,0,None,48000,2,4.0,1.5,3.5,3.71,19200,211200,LOW
2021-05-20,2021,5,20,3,Thursday,0,0,9,Navami (Shukla),0,0,0,0,0,0,0,None,0,0,1,0,0,None,48000,2,4.0,1.5,3.5,3.71,19200,211200,LOW
2021-05-21,2021,5,21,4,Friday,0,0,10,Dashami (Shukla),0,0,0,0,0,0,0,None,0,0,1,0,0,None,48000,2,4.0,1.5,3.5,3.71,19200,211200,LOW
2021-05-22,2021,5,22,5,Saturday,1,0,11,Ekadashi (Shukla),1,0,0,0,0,0,0,None,0,0,1,0,0,None,48000,2,4.0,1.5,3.5,3.71,19200,211200,LOW
2021-05-23,2021,5,23,6,Sunday,1,0,12,Dwadashi (Shukla),0,0,0,0,0,0,0,None,0,0,1,0,0,None,48000,2,4.0,1.5,3.5,3.71,19200,211200,LOW
2021-05-24,2021,5,24,0,Monday,0,0,13,Trayodashi (Shukla),0,0,0,0,0,0,0,None,0,0,1,0,0,None,48000,2,4.0,1.5,3.5,3.71,19200,211200,LOW
2021-05-25,2021,5,25,1,Tuesday,0,0,14,Chaturdashi (Shukla),0,0,0,0,0,0,0,None,0,0,1,0,0,None,48000,2,4.0,1.5,3.5,3.71,19200,211200,LOW
2021-05-26,2021,5,26,2,Wednesday,0,0,15,Pournami (Full Moon),0,1,0,0,0,0,0,None,0,0,1,0,0,None,48000,2,4.0,1.5,3.5,3.71,19200,211200,LOW
2021-05-27,2021,5,27,3,Thursday,0,0,16,Pratipada (Krishna),0,0,0,0,0,0,0,None,0,0,1,0,0,None,48000,2,4.0,1.5,3.5,3.71,19200,211200,LOW
2021-05-28,2021,5,28,4,Friday,0,0,17,Dwitiya (Krishna),0,0,0,0,0,0,0,None,0,0,1,0,0,None,48000,2,4.0,1.5,3.5,3.71,19200,211200,LOW
2021-05-29,2021,5,29,5,Saturday,1,0,18,Tritiya (Krishna),0,0,0,0,0,0,0,None,0,0,1,0,0,None,48000,2,4.0,1.5,3.5,3.71,19200,211200,LOW
2021-05-30,2021,5,30,6,Sunday,1,0,19,Chaturthi (Krishna),0,0,0,0,0,0,0,None,0,0,1,0,0,None,48000,2,4.0,1.5,3.5,3.71,19200,211200,LOW
2021-05-31,2021,5,31,0,Monday,0,0,20,Panchami (Krishna),0,0,0,0,0,0,0,None,0,0,1,0,0,None,48000,2,4.0,1.5,3.5,3.71,19200,211200,LOW
2021-06-01,2021,6,1,1,Tuesday,0,0,21,Shasthi (Krishna),0,0,0,0,0,0,0,None,0,0,1,0,0,None,48000,2,4.0,1.5,3.5,3.71,19200,211200,LOW
2021-06-02,2021,6,2,2,Wednesday,0,0,23,Ashtami (Krishna),0,0,0,0,0,0,0,None,0,0,1,0,0,None,48000,2,4.0,1.5,3.5,3.71,19200,211200,LOW
2021-06-03,2021,6,3,3,Thursday,0,0,24,Navami (Krishna),0,0,0,0,0,0,0,None,0,0,1,0,0,None,48000,2,4.0,1.5,3.5,3.71,19200,211200,LOW
2021-06-04,2021,6,4,4,Friday,0,0,25,Dashami (Krishna),0,0,0,0,0,0,0,None,0,0,1,0,0,None,48000,2,4.0,1.5,3.5,3.71,19200,211200,LOW
2021-06-05,2021,6,5,5,Saturday,1,0,26,Ekadashi (Krishna),1,0,0,0,0,0,0,None,0,0,1,0,0,None,48000,2,4.0,1.5,3.5,3.71,19200,211200,LOW
2021-06-06,2021,6,6,6,Sunday,1,0,27,Dwadashi (Krishna),0,0,0,0,0,0,0,None,0,0,1,0,0,None,48000,2,4.0,1.5,3.5,3.71,19200,211200,LOW
2021-06-07,2021,6,7,0,Monday,0,0,28,Trayodashi (Krishna),0,0,0,0,0,0,0,None,0,0,1,0,0,None,48000,2,4.0,1.5,3.5,3.71,19200,211200,LOW
2021-06-08,2021,6,8,1,Tuesday,0,0,29,Chaturdashi (Krishna),0,0,0,0,0,0,0,None,0,0,1,0,0,None,48000,2,4.0,1.5,3.5,3.71,19200,211200,LOW
2021-06-09,2021,6,9,2,Wednesday,0,0,30,Amavasya (New Moon),0,0,1,0,0,0,0,None,0,0,1,0,0,None,48000,2,4.0,1.5,3.5,3.71,19200,211200,LOW
2021-06-10,2021,6,10,3,Thursday,0,0,1,Pratipada (Shukla),0,0,0,0,0,0,0,None,0,0,1,0,0,None,48000,2,4.0,1.5,3.5,3.71,19200,211200,LOW
2021-06-11,2021,6,11,4,Friday,0,0,2,Dwitiya (Shukla),0,0,0,0,0,0,0,None,0,0,0,0,0,None,48000,2,4.0,1.5,3.5,3.71,19200,211200,LOW
2021-06-12,2021,6,12,5,Saturday,1,0,3,Tritiya (Shukla),0,0,0,0,0,0,0,None,0,0,0,0,0,None,48000,2,4.0,1.5,3.5,3.71,19200,211200,LOW
2021-06-13,2021,6,13,6,Sunday,1,0,4,Chaturthi (Shukla),0,0,0,0,0,0,0,None,0,0,0,0,0,None,48000,2,4.0,1.5,3.5,3.71,19200,211200,LOW
2021-06-14,2021,6,14,0,Monday,0,0,5,Panchami (Shukla),0,0,0,0,0,0,0,None,0,0,0,0,0,None,48000,2,4.0,1.5,3.5,3.71,19200,211200,LOW
2021-06-15,2021,6,15,1,Tuesday,0,0,6,Shasthi (Shukla),0,0,0,0,0,0,0,None,0,0,0,0,0,None,48000,2,4.0,1.5,3.5,3.71,19200,211200,LOW
2021-06-16,2021,6,16,2,Wednesday,0,0,7,Saptami (Shukla),0,0,0,0,0,0,0,None,0,0,0,0,0,None,48000,2,4.0,1.5,3.5,3.71,19200,211200,LOW
2021-06-17,2021,6,17,3,Thursday,0,0,8,Ashtami (Shukla),0,0,0,0,0,0,0,None,0,0,0,0,0,None,48000,2,4.0,1.5,3.5,3.71,19200,211200,LOW
2021-06-18,2021,6,18,4,Friday,0,0,9,Navami (Shukla),0,0,0,0,0,0,0,None,0,0,0,0,0,None,48000,2,4.0,1.5,3.5,3.71,19200,211200,LOW
2021-06-19,2021,6,19,5,Saturday,1,0,10,Dashami (Shukla),0,0,0,0,0,0,0,None,0,0,0,0,0,None,48000,2,4.0,1.5,3.5,3.71,19200,211200,LOW
2021-06-20,2021,6,20,6,Sunday,1,0,11,Ekadashi (Shukla),1,0,0,0,0,0,0,None,0,0,0,0,0,None,48000,2,4.0,1.5,3.5,3.71,19200,211200,LOW
2021-06-21,2021,6,21,0,Monday,0,0,12,Dwadashi (Shukla),0,0,0,0,0,0,0,None,0,0,0,0,0,None,48000,2,4.0,1.5,3.5,3.71,19200,211200,LOW
2021-06-22,2021,6,22,1,Tuesday,0,0,13,Trayodashi (Shukla),0,0,0,0,0,0,0,None,0,0,0,0,0,None,48000,2,4.0,1.5,3.5,3.71,19200,211200,LOW
2021-06-23,2021,6,23,2,Wednesday,0,0,14,Chaturdashi (Shukla),0,0,0,0,0,0,0,None,0,0,0,0,0,None,48000,2,4.0,1.5,3.5,3.71,19200,211200,LOW
2021-06-24,2021,6,24,3,Thursday,0,0,15,Pournami (Full Moon),0,1,0,0,0,0,0,None,0,0,0,0,0,None,48000,2,4.0,1.5,3.5,3.71,19200,211200,LOW
2021-06-25,2021,6,25,4,Friday,0,0,16,Pratipada (Krishna),0,0,0,0,0,0,0,None,0,0,0,0,0,None,48000,2,4.0,1.5,3.5,3.71,19200,211200,LOW
2021-06-26,2021,6,26,5,Saturday,1,0,17,Dwitiya (Krishna),0,0,0,0,0,0,0,None,0,0,0,0,0,None,48000,2,4.0,1.5,3.5,3.71,19200,211200,LOW
2021-06-27,2021,6,27,6,Sunday,1,0,18,Tritiya (Krishna),0,0,0,0,0,0,0,None,0,0,0,0,0,None,48000,2,4.0,1.5,3.5,3.71,19200,211200,LOW
2021-06-28,2021,6,28,0,Monday,0,0,19,Chaturthi (Krishna),0,0,0,0,0,0,0,None,0,0,0,0,0,None,48000,2,4.0,1.5,3.5,3.71,19200,211200,LOW
2021-06-29,2021,6,29,1,Tuesday,0,0,20,Panchami (Krishna),0,0,0,0,0,0,0,None,0,0,0,0,0,None,48000,2,4.0,1.5,3.5,3.71,19200,211200,LOW
2021-06-30,2021,6,30,2,Wednesday,0,0,21,Shasthi (Krishna),0,0,0,0,0,0,0,None,0,0,0,0,0,None,48000,2,4.0,1.5,3.5,3.71,19200,211200,LOW
2021-07-01,2021,7,1,3,Thursday,0,0,22,Saptami (Krishna),0,0,0,0,0,0,0,None,0,0,0,0,0,None,48000,2,4.0,1.5,3.5,3.71,19200,211200,LOW
2021-07-02,2021,7,2,4,Friday,0,0,23,Ashtami (Krishna),0,0,0,0,0,0,0,None,0,0,0,0,0,None,48000,2,4.0,1.5,3.5,3.71,19200,211200,LOW
2021-07-03,2021,7,3,5,Saturday,1,0,24,Navami (Krishna),0,0,0,0,0,0,0,None,0,0,0,0,0,None,48000,2,4.0,1.5,3.5,3.71,19200,211200,LOW
2021-07-04,2021,7,4,6,Sunday,1,0,25,Dashami (Krishna),0,0,0,0,0,0,0,None,0,0,0,0,0,None,48000,2,4.0,1.5,3.5,3.71,19200,211200,LOW
2021-07-05,2021,7,5,0,Monday,0,0,26,Ekadashi (Krishna),1,0,0,0,0,0,0,None,0,0,0,0,0,None,48000,2,4.0,1.5,3.5,3.71,19200,211200,LOW
2021-07-06,2021,7,6,1,Tuesday,0,0,27,Dwadashi (Krishna),0,0,0,0,0,0,0,None,0,0,0,0,0,None,48000,2,4.0,1.5,3.5,3.71,19200,211200,LOW
2021-07-07,2021,7,7,2,Wednesday,0,0,28,Trayodashi (Krishna),0,0,0,0,0,0,0,None,0,0,0,0,0,None,48000,2,4.0,1.5,3.5,3.71,19200,211200,LOW
2021-07-08,2021,7,8,3,Thursday,0,0,29,Chaturdashi (Krishna),0,0,0,0,0,0,0,None,0,0,0,0,0,None,48000,2,4.0,1.5,3.5,3.71,19200,211200,LOW
2021-07-09,2021,7,9,4,Friday,0,0,30,Amavasya (New Moon),0,0,1,0,0,0,0,None,0,0,0,0,0,None,48000,2,4.0,1.5,3.5,3.71,19200,211200,LOW
2021-07-10,2021,7,10,5,Saturday,1,0,1,Pratipada (Shukla),0,0,0,0,0,0,0,None,0,0,0,0,0,None,48000,2,4.0,1.5,3.5,3.71,19200,211200,LOW
2021-07-11,2021,7,11,6,Sunday,1,0,2,Dwitiya (Shukla),0,0,0,0,0,0,0,None,0,0,0,0,0,None,48000,2,4.0,1.5,3.5,3.71,19200,211200,LOW
2021-07-12,2021,7,12,0,Monday,0,0,3,Tritiya (Shukla),0,0,0,0,0,0,0,None,0,0,0,0,0,None,48000,2,4.0,1.5,3.5,3.71,19200,211200,LOW
2021-07-13,2021,7,13,1,Tuesday,0,0,4,Chaturthi (Shukla),0,0,0,0,0,0,0,None,0,0,0,0,0,None,48000,2,4.0,1.5,3.5,3.71,19200,211200,LOW
2021-07-14,2021,7,14,2,Wednesday,0,0,5,Panchami (Shukla),0,0,0,0,0,0,0,None,0,0,0,0,0,None,48000,2,4.0,1.5,3.5,3.71,19200,211200,LOW
2021-07-15,2021,7,15,3,Thursday,0,0,6,Shasthi (Shukla),0,0,0,0,0,0,0,None,0,0,0,0,0,None,48000,2,4.0,1.5,3.5,3.71,19200,211200,LOW
2021-07-16,2021,7,16,4,Friday,0,0,7,Saptami (Shukla),0,0,0,0,0,0,0,None,0,0,0,0,0,None,48000,2,4.0,1.5,3.5,3.71,19200,211200,LOW
2021-07-17,2021,7,17,5,Saturday,1,0,8,Ashtami (Shukla),0,0,0,0,0,0,0,None,0,0,0,0,0,None,48000,2,4.0,1.5,3.5,3.71,19200,211200,LOW
2021-07-18,2021,7,18,6,Sunday,1,0,9,Navami (Shukla),0,0,0,0,0,0,0,None,0,0,0,0,0,None,48000,2,4.0,1.5,3.5,3.71,19200,211200,LOW
2021-07-19,2021,7,19,0,Monday,0,0,10,Dashami (Shukla),0,0,0,0,0,0,0,None,0,0,0,0,0,None,48000,2,4.0,1.5,3.5,3.71,19200,211200,LOW
2021-07-20,2021,7,20,1,Tuesday,0,0,11,Ekadashi (Shukla),1,0,0,0,0,0,0,None,0,0,0,0,0,None,48000,2,4.0,1.5,3.5,3.71,19200,211200,LOW
2021-07-21,2021,7,21,2,Wednesday,0,0,12,Dwadashi (Shukla),0,0,0,0,0,0,0,None,0,0,0,0,0,None,48000,2,4.0,1.5,3.5,3.71,19200,211200,LOW
2021-07-22,2021,7,22,3,Thursday,0,0,13,Trayodashi (Shukla),0,0,0,0,0,0,0,None,0,0,0,0,0,None,48000,2,4.0,1.5,3.5,3.71,19200,211200,LOW
2021-07-23,2021,7,23,4,Friday,0,0,14,Chaturdashi (Shukla),0,0,0,0,0,0,0,None,0,0,0,0,0,None,48000,2,4.0,1.5,3.5,3.71,19200,211200,LOW
2021-07-24,2021,7,24,5,Saturday,1,0,15,Pournami (Full Moon),0,1,0,0,0,0,0,None,0,0,0,0,0,None,48000,2,4.0,1.5,3.5,3.71,19200,211200,LOW
2021-07-25,2021,7,25,6,Sunday,1,0,16,Pratipada (Krishna),0,0,0,0,0,0,0,None,0,0,0,0,0,None,48000,2,4.0,1.5,3.5,3.71,19200,211200,LOW
2021-07-26,2021,7,26,0,Monday,0,0,17,Dwitiya (Krishna),0,0,0,0,0,0,0,None,0,0,0,0,0,None,48000,2,4.0,1.5,3.5,3.71,19200,211200,LOW
2021-07-27,2021,7,27,1,Tuesday,0,0,18,Tritiya (Krishna),0,0,0,0,0,0,0,None,0,0,0,0,0,None,48000,2,4.0,1.5,3.5,3.71,19200,211200,LOW
2021-07-28,2021,7,28,2,Wednesday,0,0,19,Chaturthi (Krishna),0,0,0,0,0,0,0,None,0,0,0,0,0,None,48000,2,4.0,1.5,3.5,3.71,19200,211200,LOW
2021-07-29,2021,7,29,3,Thursday,0,0,20,Panchami (Krishna),0,0,0,0,0,0,0,None,0,0,0,0,0,None,48000,2,4.0,1.5,3.5,3.71,19200,211200,LOW
2021-07-30,2021,7,30,4,Friday,0,0,21,Shasthi (Krishna),0,0,0,0,0,0,0,None,0,0,0,0,0,None,48000,2,4.0,1.5,3.5,3.71,19200,211200,LOW
2021-07-31,2021,7,31,5,Saturday,1,0,22,Saptami (Krishna),0,0,0,0,0,0,0,None,0,0,0,0,0,None,48000,2,4.0,1.5,3.5,3.71,19200,211200,LOW
2021-08-01,2021,8,1,6,Sunday,1,0,23,Ashtami (Krishna),0,0,0,0,0,0,0,None,0,0,0,0,0,None,48000,2,4.0,1.5,3.5,3.71,19200,211200,LOW
2021-08-02,2021,8,2,0,Monday,0,0,24,Navami (Krishna),0,0,0,0,0,0,0,None,0,0,0,0,0,None,48000,2,4.0,1.5,3.5,3.71,19200,211200,LOW
2021-08-03,2021,8,3,1,Tuesday,0,0,25,Dashami (Krishna),0,0,0,0,0,0,0,None,0,0,0,0,0,None,48000,2,4.0,1.5,3.5,3.71,19200,211200,LOW
2021-08-04,2021,8,4,2,Wednesday,0,0,27,Dwadashi (Krishna),0,0,0,0,0,0,0,None,0,0,0,0,0,None,48000,2,4.0,1.5,3.5,3.71,19200,211200,LOW
2021-08-05,2021,8,5,3,Thursday,0,0,28,Trayodashi (Krishna),0,0,0,0,0,0,0,None,0,0,0,0,0,None,48000,2,4.0,1.5,3.5,3.71,19200,211200,LOW
2021-08-06,2021,8,6,4,Friday,0,0,29,Chaturdashi (Krishna),0,0,0,0,0,0,0,None,0,0,0,0,0,None,48000,2,4.0,1.5,3.5,3.71,19200,211200,LOW
2021-08-07,2021,8,7,5,Saturday,1,0,30,Amavasya (New Moon),0,0,1,0,0,0,0,None,0,0,0,0,0,None,48000,2,4.0,1.5,3.5,3.71,19200,211200,LOW
2021-08-08,2021,8,8,6,Sunday,1,0,1,Pratipada (Shukla),0,0,0,0,0,0,0,None,0,0,0,0,0,None,48000,2,4.0,1.5,3.5,3.71,19200,211200,LOW
2021-08-09,2021,8,9,0,Monday,0,0,2,Dwitiya (Shukla),0,0,0,0,0,0,0,None,0,0,0,0,0,None,48000,2,4.0,1.5,3.5,3.71,19200,211200,LOW
2021-08-10,2021,8,10,1,Tuesday,0,0,3,Tritiya (Shukla),0,0,0,0,0,0,0,None,0,0,0,0,0,None,48000,2,4.0,1.5,3.5,3.71,19200,211200,LOW
2021-08-11,2021,8,11,2,Wednesday,0,0,4,Chaturthi (Shukla),0,0,0,0,0,0,0,None,0,0,0,0,0,None,48000,2,4.0,1.5,3.5,3.71,19200,211200,LOW
2021-08-12,2021,8,12,3,Thursday,0,0,5,Panchami (Shukla),0,0,0,0,0,0,0,None,0,0,0,0,0,None,48000,2,4.0,1.5,3.5,3.71,19200,211200,LOW
2021-08-13,2021,8,13,4,Friday,0,0,6,Shasthi (Shukla),0,0,0,0,0,0,0,None,0,0,0,0,0,None,48000,2,4.0,1.5,3.5,3.71,19200,211200,LOW
2021-08-14,2021,8,14,5,Saturday,1,0,7,Saptami (Shukla),0,0,0,0,0,0,0,None,0,0,0,0,0,None,48000,2,4.0,1.5,3.5,3.71,19200,211200,LOW
2021-08-15,2021,8,15,6,Sunday,1,0,8,Ashtami (Shukla),0,0,0,0,0,0,0,None,0,0,0,1,1,Independence Day,48000,2,4.0,1.5,3.5,3.71,19200,211200,LOW
2021-08-16,2021,8,16,0,Monday,0,0,9,Navami (Shukla),0,0,0,0,0,0,0,None,0,0,0,0,0,None,48000,2,4.0,1.5,3.5,3.71,19200,211200,LOW
2021-08-17,2021,8,17,1,Tuesday,0,0,10,Dashami (Shukla),0,0,0,0,0,0,0,None,0,0,0,0,0,None,48000,2,4.0,1.5,3.5,3.71,19200,211200,LOW
2021-08-18,2021,8,18,2,Wednesday,0,0,11,Ekadashi (Shukla),1,0,0,0,0,0,0,None,0,0,0,0,0,None,48000,2,4.0,1.5,3.5,3.71,19200,211200,LOW
2021-08-19,2021,8,19,3,Thursday,0,0,12,Dwadashi (Shukla),0,0,0,0,0,0,0,None,0,0,0,0,0,None,48000,2,4.0,1.5,3.5,3.71,19200,211200,LOW
2021-08-20,2021,8,20,4,Friday,0,0,13,Trayodashi (Shukla),0,0,0,0,0,0,0,Varalakshmi Vratam,0,0,0,0,0,None,48000,2,4.0,1.5,3.5,3.71,19200,211200,LOW
2021-08-21,2021,8,21,5,Saturday,1,0,14,Chaturdashi (Shukla),0,0,0,0,0,0,0,None,0,0,0,0,0,None,48000,2,4.0,1.5,3.5,3.71,19200,211200,LOW
2021-08-22,2021,8,22,6,Sunday,1,0,15,Pournami (Full Moon),0,1,0,0,0,0,0,None,0,0,0,0,0,None,48000,2,4.0,1.5,3.5,3.71,19200,211200,LOW
2021-08-23,2021,8,23,0,Monday,0,0,16,Pratipada (Krishna),0,0,0,0,0,0,0,None,0,0,0,0,0,None,48000,2,4.0,1.5,3.5,3.71,19200,211200,LOW
2021-08-24,2021,8,24,1,Tuesday,0,0,17,Dwitiya (Krishna),0,0,0,0,0,0,0,None,0,0,0,0,0,None,48000,2,4.0,1.5,3.5,3.71,19200,211200,LOW
2021-08-25,2021,8,25,2,Wednesday,0,0,18,Tritiya (Krishna),0,0,0,0,0,0,0,None,0,0,0,0,0,None,48000,2,4.0,1.5,3.5,3.71,19200,211200,LOW
2021-08-26,2021,8,26,3,Thursday,0,0,19,Chaturthi (Krishna),0,0,0,0,0,0,0,None,0,0,0,0,0,None,48000,2,4.0,1.5,3.5,3.71,19200,211200,LOW
2021-08-27,2021,8,27,4,Friday,0,0,20,Panchami (Krishna),0,0,0,0,0,0,0,None,0,0,0,0,0,None,48000,2,4.0,1.5,3.5,3.71,19200,211200,LOW
2021-08-28,2021,8,28,5,Saturday,1,0,21,Shasthi (Krishna),0,0,0,0,0,0,0,None,0,0,0,0,0,None,48000,2,4.0,1.5,3.5,3.71,19200,211200,LOW
2021-08-29,2021,8,29,6,Sunday,1,0,22,Saptami (Krishna),0,0,0,0,0,0,0,None,0,0,0,0,0,None,48000,2,4.0,1.5,3.5,3.71,19200,211200,LOW
2021-08-30,2021,8,30,0,Monday,0,0,23,Ashtami (Krishna),0,0,0,0,0,0,0,None,0,0,0,0,0,None,48000,2,4.0,1.5,3.5,3.71,19200,211200,LOW
2021-08-31,2021,8,31,1,Tuesday,0,0,24,Navami (Krishna),0,0,0,0,0,0,0,None,0,0,0,0,0,None,48000,2,4.0,1.5,3.5,3.71,19200,211200,LOW
2021-09-01,2021,9,1,2,Wednesday,0,0,25,Dashami (Krishna),0,0,0,0,0,0,0,None,0,0,0,0,0,None,48000,2,4.0,1.5,3.5,3.71,19200,211200,LOW
2021-09-02,2021,9,2,3,Thursday,0,0,26,Ekadashi (Krishna),1,0,0,0,0,0,0,None,0,0,0,0,0,None,48000,2,4.0,1.5,3.5,3.71,19200,211200,LOW
2021-09-03,2021,9,3,4,Friday,0,0,27,Dwadashi (Krishna),0,0,0,0,0,0,0,None,0,0,0,0,0,None,48000,2,4.0,1.5,3.5,3.71,19200,211200,LOW
2021-09-04,2021,9,4,5,Saturday,1,0,28,Trayodashi (Krishna),0,0,0,0,0,0,0,None,0,0,0,0,0,None,48000,2,4.0,1.5,3.5,3.71,19200,211200,LOW
2021-09-05,2021,9,5,6,Sunday,1,0,29,Chaturdashi (Krishna),0,0,0,0,0,0,0,None,0,0,0,0,0,None,48000,2,4.0,1.5,3.5,3.71,19200,211200,LOW
2021-09-06,2021,9,6,0,Monday,0,0,30,Amavasya (New Moon),0,0,1,0,0,0,0,None,0,0,0,0,0,None,48000,2,4.0,1.5,3.5,3.71,19200,211200,LOW
2021-09-07,2021,9,7,1,Tuesday,0,0,1,Pratipada (Shukla),0,0,0,0,0,0,0,None,0,0,0,0,0,None,48000,2,4.0,1.5,3.5,3.71,19200,211200,LOW
2021-09-08,2021,9,8,2,Wednesday,0,0,2,Dwitiya (Shukla),0,0,0,0,0,0,0,None,0,0,0,0,0,None,48000,2,4.0,1.5,3.5,3.71,19200,211200,LOW
2021-09-09,2021,9,9,3,Thursday,0,0,3,Tritiya (Shukla),0,0,0,0,0,0,0,None,0,0,0,0,0,None,48000,2,4.0,1.5,3.5,3.71,19200,211200,LOW
2021-09-10,2021,9,10,4,Friday,0,0,4,Chaturthi (Shukla),0,0,0,0,0,0,0,None,0,0,0,0,0,None,48000,2,4.0,1.5,3.5,3.71,19200,211200,LOW
2021-09-11,2021,9,11,5,Saturday,1,0,5,Panchami (Shukla),0,0,0,0,0,0,0,None,0,0,0,0,0,None,48000,2,4.0,1.5,3.5,3.71,19200,211200,LOW
2021-09-12,2021,9,12,6,Sunday,1,0,6,Shasthi (Shukla),0,0,0,0,0,0,0,None,0,0,0,0,0,None,48000,2,4.0,1.5,3.5,3.71,19200,211200,LOW
2021-09-13,2021,9,13,0,Monday,0,0,7,Saptami (Shukla),0,0,0,0,0,0,0,None,0,0,0,0,0,None,48000,2,4.0,1.5,3.5,3.71,19200,211200,LOW
2021-09-14,2021,9,14,1,Tuesday,0,0,8,Ashtami (Shukla),0,0,0,0,0,0,0,None,0,0,0,0,0,None,48000,2,4.0,1.5,3.5,3.71,19200,211200,LOW
2021-09-15,2021,9,15,2,Wednesday,0,0,9,Navami (Shukla),0,0,0,0,0,0,0,None,0,0,0,0,0,None,48000,2,4.0,1.5,3.5,3.71,19200,211200,LOW
2021-09-16,2021,9,16,3,Thursday,0,0,10,Dashami (Shukla),0,0,0,0,0,0,0,None,0,0,0,0,0,None,48000,2,4.0,1.5,3.5,3.71,19200,211200,LOW
2021-09-17,2021,9,17,4,Friday,0,0,11,Ekadashi (Shukla),1,0,0,1,0,0,0,None,0,0,0,0,0,None,48000,2,4.0,1.5,3.5,3.71,19200,211200,LOW
2021-09-18,2021,9,18,5,Saturday,1,0,12,Dwadashi (Shukla),0,0,0,1,1,0,0,None,0,0,0,0,0,None,48000,2,4.0,1.5,3.5,3.71,19200,211200,LOW
2021-09-19,2021,9,19,6,Sunday,1,0,13,Trayodashi (Shukla),0,0,0,1,0,0,0,None,0,0,0,0,0,None,48000,2,4.0,1.5,3.5,3.71,19200,211200,LOW
2021-09-20,2021,9,20,0,Monday,0,0,14,Chaturdashi (Shukla),0,0,0,1,0,0,0,None,0,0,0,0,0,None,48000,2,4.0,1.5,3.5,3.71,19200,211200,LOW
2021-09-21,2021,9,21,1,Tuesday,0,0,15,Pournami (Full Moon),0,1,0,1,0,0,0,None,0,0,0,0,0,None,48000,2,4.0,1.5,3.5,3.71,19200,211200,LOW
2021-09-22,2021,9,22,2,Wednesday,0,0,16,Pratipada (Krishna),0,0,0,1,0,0,0,None,0,0,0,0,0,None,48000,2,4.0,1.5,3.5,3.71,19200,211200,LOW
2021-09-23,2021,9,23,3,Thursday,0,0,17,Dwitiya (Krishna),0,0,0,1,0,0,0,None,0,0,0,0,0,None,48000,2,4.0,1.5,3.5,3.71,19200,211200,LOW
2021-09-24,2021,9,24,4,Friday,0,0,18,Tritiya (Krishna),0,0,0,1,0,0,0,None,0,0,0,0,0,None,48000,2,4.0,1.5,3.5,3.71,19200,211200,LOW
2021-09-25,2021,9,25,5,Saturday,1,0,19,Chaturthi (Krishna),0,0,0,1,1,0,0,None,0,0,0,0,0,None,48000,2,4.0,1.5,3.5,3.71,19200,211200,LOW
2021-09-26,2021,9,26,6,Sunday,1,0,20,Panchami (Krishna),0,0,0,1,0,0,0,None,0,0,0,0,0,None,48000,2,4.0,1.5,3.5,3.71,19200,211200,LOW
2021-09-27,2021,9,27,0,Monday,0,0,21,Shasthi (Krishna),0,0,0,1,0,0,0,None,0,0,0,0,0,None,48000,2,4.0,1.5,3.5,3.71,19200,211200,LOW
2021-09-28,2021,9,28,1,Tuesday,0,0,22,Saptami (Krishna),0,0,0,1,0,0,0,None,0,0,0,0,0,None,48000,2,4.0,1.5,3.5,3.71,19200,211200,LOW
2021-09-29,2021,9,29,2,Wednesday,0,0,23,Ashtami (Krishna),0,0,0,1,0,0,0,None,0,0,0,0,0,None,48000,2,4.0,1.5,3.5,3.71,19200,211200,LOW
2021-09-30,2021,9,30,3,Thursday,0,0,24,Navami (Krishna),0,0,0,1,0,0,0,None,0,0,0,0,0,None,48000,2,4.0,1.5,3.5,3.71,19200,211200,LOW
2021-10-01,2021,10,1,4,Friday,0,0,25,Dashami (Krishna),0,0,0,1,0,0,0,None,0,0,0,0,0,None,48000,2,4.0,1.5,3.5,3.71,19200,211200,LOW
2021-10-02,2021,10,2,5,Saturday,1,0,26,Ekadashi (Krishna),1,0,0,1,1,0,0,None,0,0,0,1,1,Gandhi Jayanti,48000,2,4.0,1.5,3.5,3.71,19200,211200,LOW
2021-10-03,2021,10,3,6,Sunday,1,0,27,Dwadashi (Krishna),0,0,0,1,0,0,0,None,0,0,0,0,0,None,48000,2,4.0,1.5,3.5,3.71,19200,211200,LOW
2021-10-04,2021,10,4,0,Monday,0,0,28,Trayodashi (Krishna),0,0,0,1,0,0,0,None,0,0,0,0,0,None,48000,2,4.0,1.5,3.5,3.71,19200,211200,LOW
2021-10-05,2021,10,5,1,Tuesday,0,0,29,Chaturdashi (Krishna),0,0,0,1,0,0,0,None,0,0,0,0,0,None,48000,2,4.0,1.5,3.5,3.71,19200,211200,LOW
2021-10-06,2021,10,6,2,Wednesday,0,0,1,Pratipada (Shukla),0,0,0,1,0,0,0,None,0,0,0,0,0,None,48000,2,4.0,1.5,3.5,3.71,19200,211200,LOW
2021-10-07,2021,10,7,3,Thursday,0,0,2,Dwitiya (Shukla),0,0,0,1,0,0,1,Salakatla Brahmotsavam (Day in Festival Window),0,0,0,0,0,None,48000,2,4.0,1.5,3.5,3.71,19200,211200,LOW
2021-10-08,2021,10,8,4,Friday,0,0,3,Tritiya (Shukla),0,0,0,1,0,0,1,Salakatla Brahmotsavam (Day in Festival Window),0,0,0,0,0,None,48000,2,4.0,1.5,3.5,3.71,19200,211200,LOW
2021-10-09,2021,10,9,5,Saturday,1,0,4,Chaturthi (Shukla),0,0,0,1,1,0,1,Salakatla Brahmotsavam (Day in Festival Window),0,0,0,0,0,None,48000,2,4.0,1.5,3.5,3.71,19200,211200,LOW
2021-10-10,2021,10,10,6,Sunday,1,0,5,Panchami (Shukla),0,0,0,1,0,0,1,Salakatla Brahmotsavam (Day in Festival Window),0,0,0,0,0,None,48000,2,4.0,1.5,3.5,3.71,19200,211200,LOW
2021-10-11,2021,10,11,0,Monday,0,0,6,Shasthi (Shukla),0,0,0,1,0,0,1,Salakatla Brahmotsavam (Garuda Seva Day!),0,0,0,0,0,None,48000,2,4.0,1.5,3.5,3.71,19200,211200,LOW
2021-10-12,2021,10,12,1,Tuesday,0,0,7,Saptami (Shukla),0,0,0,1,0,0,1,Salakatla Brahmotsavam (Day in Festival Window),0,0,0,0,0,None,48000,2,4.0,1.5,3.5,3.71,19200,211200,LOW
2021-10-13,2021,10,13,2,Wednesday,0,0,8,Ashtami (Shukla),0,0,0,1,0,0,1,Salakatla Brahmotsavam (Day in Festival Window),0,0,0,0,0,None,48000,2,4.0,1.5,3.5,3.71,19200,211200,LOW
2021-10-14,2021,10,14,3,Thursday,0,0,9,Navami (Shukla),0,0,0,1,0,0,1,Salakatla Brahmotsavam (Day in Festival Window),0,0,0,0,0,None,48000,2,4.0,1.5,3.5,3.71,19200,211200,LOW
2021-10-15,2021,10,15,4,Friday,0,0,10,Dashami (Shukla),0,0,0,1,0,0,1,Salakatla Brahmotsavam (Day in Festival Window),0,0,0,0,0,None,48000,2,4.0,1.5,3.5,3.71,19200,211200,LOW
2021-10-16,2021,10,16,5,Saturday,1,0,11,Ekadashi (Shukla),1,0,0,1,1,0,0,None,0,0,0,0,0,None,48000,2,4.0,1.5,3.5,3.71,19200,211200,LOW
2021-10-17,2021,10,17,6,Sunday,1,0,12,Dwadashi (Shukla),0,0,0,1,0,0,0,None,0,0,0,0,0,None,48000,2,4.0,1.5,3.5,3.71,19200,211200,LOW
2021-10-18,2021,10,18,0,Monday,0,0,13,Trayodashi (Shukla),0,0,0,0,0,0,0,None,0,0,0,0,0,None,48000,2,4.0,1.5,3.5,3.71,19200,211200,LOW
2021-10-19,2021,10,19,1,Tuesday,0,0,14,Chaturdashi (Shukla),0,0,0,0,0,0,0,None,0,0,0,0,0,None,48000,2,4.0,1.5,3.5,3.71,19200,211200,LOW
2021-10-20,2021,10,20,2,Wednesday,0,0,15,Pournami (Full Moon),0,1,0,0,0,0,0,None,0,0,0,0,0,None,48000,2,4.0,1.5,3.5,3.71,19200,211200,LOW
2021-10-21,2021,10,21,3,Thursday,0,0,16,Pratipada (Krishna),0,0,0,0,0,0,0,None,0,0,0,0,0,None,48000,2,4.0,1.5,3.5,3.71,19200,211200,LOW
2021-10-22,2021,10,22,4,Friday,0,0,17,Dwitiya (Krishna),0,0,0,0,0,0,0,None,0,0,0,0,0,None,48000,2,4.0,1.5,3.5,3.71,19200,211200,LOW
2021-10-23,2021,10,23,5,Saturday,1,0,18,Tritiya (Krishna),0,0,0,0,0,0,0,None,0,0,0,0,0,None,48000,2,4.0,1.5,3.5,3.71,19200,211200,LOW
2021-10-24,2021,10,24,6,Sunday,1,0,19,Chaturthi (Krishna),0,0,0,0,0,0,0,None,0,0,0,0,0,None,48000,2,4.0,1.5,3.5,3.71,19200,211200,LOW
2021-10-25,2021,10,25,0,Monday,0,0,20,Panchami (Krishna),0,0,0,0,0,0,0,None,0,0,0,0,0,None,48000,2,4.0,1.5,3.5,3.71,19200,211200,LOW
2021-10-26,2021,10,26,1,Tuesday,0,0,21,Shasthi (Krishna),0,0,0,0,0,0,0,None,0,0,0,0,0,None,48000,2,4.0,1.5,3.5,3.71,19200,211200,LOW
2021-10-27,2021,10,27,2,Wednesday,0,0,22,Saptami (Krishna),0,0,0,0,0,0,0,None,0,0,0,0,0,None,48000,2,4.0,1.5,3.5,3.71,19200,211200,LOW
2021-10-28,2021,10,28,3,Thursday,0,0,23,Ashtami (Krishna),0,0,0,0,0,0,0,None,0,0,0,0,0,None,48000,2,4.0,1.5,3.5,3.71,19200,211200,LOW
2021-10-29,2021,10,29,4,Friday,0,0,24,Navami (Krishna),0,0,0,0,0,0,0,None,0,0,0,0,0,None,48000,2,4.0,1.5,3.5,3.71,19200,211200,LOW
2021-10-30,2021,10,30,5,Saturday,1,1,25,Dashami (Krishna),0,0,0,0,0,0,0,None,0,0,0,0,0,None,48000,2,4.0,1.5,3.5,3.71,19200,211200,LOW
2021-10-31,2021,10,31,6,Sunday,1,1,26,Ekadashi (Krishna),1,0,0,0,0,0,0,None,0,0,0,0,0,None,48000,2,4.0,1.5,3.5,3.71,19200,211200,LOW
2021-11-01,2021,11,1,0,Monday,0,1,27,Dwadashi (Krishna),0,0,0,0,0,0,0,None,0,0,0,1,1,Kannada Rajyotsava / AP Formation Day,76815,24,17.2,4.1,9.5,4.26,30726,337986,HIGH
2021-11-02,2021,11,2,1,Tuesday,0,0,28,Trayodashi (Krishna),0,0,0,0,0,0,0,None,0,0,0,0,0,None,48000,2,4.0,1.5,3.5,3.71,19200,211200,LOW
2021-11-03,2021,11,3,2,Wednesday,0,0,29,Chaturdashi (Krishna),0,0,0,0,0,0,0,None,0,0,0,0,0,None,48000,2,4.0,1.5,3.5,3.71,19200,211200,LOW
2021-11-04,2021,11,4,3,Thursday,0,0,30,Amavasya (New Moon),0,0,1,0,0,0,0,Deepavali / Diwali,0,0,0,0,0,None,64565,14,10.5,2.8,5.8,4.03,25826,284086,MODERATE
2021-11-05,2021,11,5,4,Friday,0,0,1,Pratipada (Shukla),0,0,0,0,0,1,0,None,0,0,0,0,0,None,69313,18,12.8,3.2,7.0,4.12,27725,304977,MODERATE
2021-11-06,2021,11,6,5,Saturday,1,0,2,Dwitiya (Shukla),0,0,0,0,0,1,0,None,0,0,0,0,0,None,77348,24,17.6,4.2,9.7,4.27,30939,340331,HIGH
2021-11-07,2021,11,7,6,Sunday,1,0,3,Tritiya (Shukla),0,0,0,0,0,1,0,None,0,0,0,0,0,None,78050,25,18.0,4.3,9.9,4.28,31220,343420,HIGH
2021-11-08,2021,11,8,0,Monday,0,0,4,Chaturthi (Shukla),0,0,0,0,0,1,0,None,0,0,0,0,0,None,59729,11,8.3,2.3,4.6,3.93,23891,262807,LOW
2021-11-09,2021,11,9,1,Tuesday,0,0,5,Panchami (Shukla),0,0,0,0,0,1,0,None,0,0,0,0,0,None,51163,4,5.1,1.7,3.5,3.77,20465,225117,LOW
2021-11-10,2021,11,10,2,Wednesday,0,0,6,Shasthi (Shukla),0,0,0,0,0,1,0,None,0,0,0,0,0,None,52076,5,5.4,1.8,3.5,3.79,20830,229134,LOW
2021-11-11,2021,11,11,3,Thursday,0,0,7,Saptami (Shukla),0,0,0,0,0,1,0,None,0,0,0,0,0,None,53308,6,5.9,1.9,3.5,3.81,21323,234555,LOW
2021-11-12,2021,11,12,4,Friday,0,0,8,Ashtami (Shukla),0,0,0,0,0,1,0,None,0,0,0,0,0,None,67568,16,11.9,3.1,6.5,4.08,27027,297299,MODERATE
2021-11-13,2021,11,13,5,Saturday,1,0,9,Navami (Shukla),0,0,0,0,0,1,0,None,0,0,0,0,0,None,79381,26,18.9,4.5,10.4,4.31,31752,349276,HIGH
2021-11-14,2021,11,14,6,Sunday,1,0,10,Dashami (Shukla),0,0,0,0,0,1,0,None,0,0,0,0,0,None,76294,23,16.9,4.0,9.3,4.25,30517,335693,HIGH
2021-11-15,2021,11,15,0,Monday,0,0,11,Ekadashi (Shukla),1,0,0,0,0,1,0,None,0,0,0,0,0,None,69648,18,12.9,3.3,7.1,4.12,27859,306451,MODERATE
2021-11-16,2021,11,16,1,Tuesday,0,0,12,Dwadashi (Shukla),0,0,0,0,0,1,0,None,0,0,0,0,0,None,52867,5,5.7,1.8,3.5,3.8,21146,232614,LOW
2021-11-17,2021,11,17,2,Wednesday,0,0,13,Trayodashi (Shukla),0,0,0,0,0,1,0,None,0,0,0,0,0,None,52696,5,5.6,1.8,3.5,3.8,21078,231862,LOW
2021-11-18,2021,11,18,3,Thursday,0,0,14,Chaturdashi (Shukla),0,0,0,0,0,1,0,None,0,0,0,0,0,None,52627,5,5.6,1.8,3.5,3.8,21050,231558,LOW
2021-11-19,2021,11,19,4,Friday,0,0,15,Pournami (Full Moon),0,1,0,0,0,1,0,None,0,0,0,0,0,None,82236,28,20.8,5.0,11.4,4.36,32894,361838,HIGH
2021-11-20,2021,11,20,5,Saturday,1,0,16,Pratipada (Krishna),0,0,0,0,0,1,0,None,0,0,0,0,0,None,79912,26,19.3,4.6,10.6,4.32,31964,351612,HIGH
2021-11-21,2021,11,21,6,Sunday,1,0,17,Dwitiya (Krishna),0,0,0,0,0,1,0,None,0,0,0,0,0,None,75894,23,16.6,4.0,9.1,4.24,30357,333933,HIGH
2021-11-22,2021,11,22,0,Monday,0,0,18,Tritiya (Krishna),0,0,0,0,0,1,0,None,0,0,0,0,0,None,59305,10,8.1,2.3,4.5,3.93,23722,260942,LOW
2021-11-23,2021,11,23,1,Tuesday,0,0,19,Chaturthi (Krishna),0,0,0,0,0,1,0,None,0,0,0,0,0,None,55301,7,6.6,2.0,3.6,3.85,22120,243324,LOW
2021-11-24,2021,11,24,2,Wednesday,0,0,20,Panchami (Krishna),0,0,0,0,0,1,0,None,0,0,0,0,0,None,52238,5,5.5,1.8,3.5,3.79,20895,229847,LOW
2021-11-25,2021,11,25,3,Thursday,0,0,21,Shasthi (Krishna),0,0,0,0,0,1,0,None,0,0,0,0,0,None,53954,6,6.1,1.9,3.5,3.83,21581,237397,LOW
2021-11-26,2021,11,26,4,Friday,0,0,22,Saptami (Krishna),0,0,0,0,0,1,0,None,0,0,0,0,0,None,69385,18,12.8,3.2,7.0,4.12,27754,305294,MODERATE
2021-11-27,2021,11,27,5,Saturday,1,0,23,Ashtami (Krishna),0,0,0,0,0,1,0,None,0,0,0,0,0,None,80205,26,19.5,4.7,10.7,4.32,32082,352902,HIGH
2021-11-28,2021,11,28,6,Sunday,1,0,24,Navami (Krishna),0,0,0,0,0,1,0,None,0,0,0,0,0,None,79004,25,18.7,4.5,10.3,4.3,31601,347617,HIGH
2021-11-29,2021,11,29,0,Monday,0,0,25,Dashami (Krishna),0,0,0,0,0,1,0,None,0,0,0,0,0,None,58102,10,7.5,2.2,4.1,3.9,23240,255648,LOW
2021-11-30,2021,11,30,1,Tuesday,0,0,26,Ekadashi (Krishna),1,0,0,0,0,1,0,None,0,0,0,0,0,None,61395,12,9.1,2.4,5.0,3.97,24558,270138,LOW
2021-12-01,2021,12,1,2,Wednesday,0,0,27,Dwadashi (Krishna),0,0,0,0,0,1,0,None,0,0,0,0,0,None,53213,6,5.8,1.8,3.5,3.81,21285,234137,LOW
2021-12-02,2021,12,2,3,Thursday,0,0,28,Trayodashi (Krishna),0,0,0,0,0,1,0,None,0,0,0,0,0,None,53756,6,6.0,1.9,3.5,3.82,21502,236526,LOW
2021-12-03,2021,12,3,4,Friday,0,0,29,Chaturdashi (Krishna),0,0,0,0,0,1,0,None,0,0,0,0,0,None,70848,19,13.5,3.4,7.4,4.15,28339,311731,MODERATE
2021-12-04,2021,12,4,5,Saturday,1,0,30,Amavasya (New Moon),0,0,1,0,0,1,0,None,0,0,0,0,0,None,80183,26,19.5,4.7,10.7,4.32,32073,352805,HIGH
2021-12-05,2021,12,5,6,Sunday,1,0,1,Pratipada (Shukla),0,0,0,0,0,1,0,None,0,0,0,0,0,None,77711,24,17.8,4.3,9.8,4.28,31084,341928,HIGH
2021-12-06,2021,12,6,0,Monday,0,0,2,Dwitiya (Shukla),0,0,0,0,0,0,0,None,0,0,0,0,0,None,53915,6,6.1,1.9,3.5,3.82,21566,237226,LOW
2021-12-07,2021,12,7,1,Tuesday,0,0,3,Tritiya (Shukla),0,0,0,0,0,0,0,None,0,0,0,0,0,None,48000,2,4.0,1.5,3.5,3.71,19200,211200,LOW
2021-12-08,2021,12,8,2,Wednesday,0,0,5,Panchami (Shukla),0,0,0,0,0,0,0,None,0,0,0,0,0,None,48000,2,4.0,1.5,3.5,3.71,19200,211200,LOW
2021-12-09,2021,12,9,3,Thursday,0,0,6,Shasthi (Shukla),0,0,0,0,0,0,0,None,0,0,0,0,0,None,48778,2,4.3,1.6,3.5,3.73,19511,214623,LOW
2021-12-10,2021,12,10,4,Friday,0,0,7,Saptami (Shukla),0,0,0,0,0,0,0,None,0,0,0,0,0,None,63657,14,10.1,2.7,5.6,4.01,25462,280090,MODERATE
2021-12-11,2021,12,11,5,Saturday,1,0,8,Ashtami (Shukla),0,0,0,0,0,0,0,None,0,0,0,0,0,None,69427,18,12.8,3.2,7.0,4.12,27770,305478,MODERATE
2021-12-12,2021,12,12,6,Sunday,1,0,9,Navami (Shukla),0,0,0,0,0,0,0,None,0,0,0,0,0,None,69007,17,12.6,3.2,6.9,4.11,27602,303630,MODERATE
2021-12-13,2021,12,13,0,Monday,0,0,10,Dashami (Shukla),0,0,0,0,0,0,0,None,0,0,0,0,0,None,52770,5,5.7,1.8,3.5,3.8,21108,232188,LOW
2021-12-14,2021,12,14,1,Tuesday,0,0,11,Ekadashi (Shukla),1,0,0,0,0,0,0,None,0,0,0,0,0,None,57915,9,7.5,2.2,4.1,3.9,23166,254826,LOW
2021-12-15,2021,12,15,2,Wednesday,0,0,12,Dwadashi (Shukla),0,0,0,0,0,0,0,None,0,0,0,0,0,None,48000,2,4.0,1.5,3.5,3.71,19200,211200,LOW
2021-12-16,2021,12,16,3,Thursday,0,0,13,Trayodashi (Shukla),0,0,0,0,0,0,0,None,0,0,0,0,0,None,49811,3,4.6,1.6,3.5,3.75,19924,219168,LOW
2021-12-17,2021,12,17,4,Friday,0,0,14,Chaturdashi (Shukla),0,0,0,0,0,0,0,None,0,0,0,0,0,None,59929,11,8.4,2.3,4.6,3.94,23971,263687,LOW
2021-12-18,2021,12,18,5,Saturday,1,0,15,Pournami (Full Moon),0,1,0,0,0,0,0,None,0,0,0,0,0,None,82575,28,21.1,5.1,11.6,4.37,33030,363330,HIGH
2021-12-19,2021,12,19,6,Sunday,1,0,16,Pratipada (Krishna),0,0,0,0,0,0,0,None,0,0,0,0,0,None,70664,19,13.4,3.4,7.4,4.14,28265,310921,MODERATE
2021-12-20,2021,12,20,0,Monday,0,0,17,Dwitiya (Krishna),0,0,0,0,0,0,0,None,0,0,0,0,0,None,52045,5,5.4,1.8,3.5,3.79,20818,228998,LOW
2021-12-21,2021,12,21,1,Tuesday,0,0,18,Tritiya (Krishna),0,0,0,0,0,0,0,None,0,0,0,0,0,None,48000,2,4.0,1.5,3.5,3.71,19200,211200,LOW
2021-12-22,2021,12,22,2,Wednesday,0,0,19,Chaturthi (Krishna),0,0,0,0,0,0,0,None,0,0,0,0,0,None,48000,2,4.0,1.5,3.5,3.71,19200,211200,LOW
2021-12-23,2021,12,23,3,Thursday,0,0,20,Panchami (Krishna),0,0,0,0,0,0,0,None,0,0,0,0,0,None,48000,2,4.0,1.5,3.5,3.71,19200,211200,LOW
2021-12-24,2021,12,24,4,Friday,0,0,21,Shasthi (Krishna),0,0,0,0,0,0,0,None,0,0,0,0,0,None,64252,14,10.4,2.7,5.7,4.02,25700,282708,MODERATE
2021-12-25,2021,12,25,5,Saturday,1,0,22,Saptami (Krishna),0,0,0,0,0,0,0,None,0,0,0,1,1,Christmas,87245,31,25.2,5.8,13.9,4.46,34898,383878,PEAK
2021-12-26,2021,12,26,6,Sunday,1,0,23,Ashtami (Krishna),0,0,0,0,0,0,0,None,0,0,0,0,0,None,79242,26,18.8,4.5,10.3,4.31,31696,348664,HIGH
2021-12-27,2021,12,27,0,Monday,0,0,24,Navami (Krishna),0,0,0,0,0,0,0,None,0,0,0,0,0,None,53102,6,5.8,1.8,3.5,3.81,21240,233648,LOW
2021-12-28,2021,12,28,1,Tuesday,0,0,25,Dashami (Krishna),0,0,0,0,0,0,0,None,0,0,0,0,0,None,48000,2,4.0,1.5,3.5,3.71,19200,211200,LOW
2021-12-29,2021,12,29,2,Wednesday,0,0,26,Ekadashi (Krishna),1,0,0,0,0,0,0,None,0,0,0,0,0,None,56857,9,7.1,2.1,3.9,3.88,22742,250170,LOW
2021-12-30,2021,12,30,3,Thursday,0,0,27,Dwadashi (Krishna),0,0,0,0,0,0,0,None,0,0,0,0,0,None,48000,2,4.0,1.5,3.5,3.71,19200,211200,LOW
2021-12-31,2021,12,31,4,Friday,0,0,28,Trayodashi (Krishna),0,0,0,0,0,0,0,None,0,0,0,0,0,None,61389,12,9.1,2.4,5.0,3.97,24555,270111,LOW
2022-01-01,2022,1,1,5,Saturday,1,0,29,Chaturdashi (Krishna),0,0,0,0,0,0,1,English New Year,0,0,0,1,1,New Year's Day,98000,31,36.0,7.3,19.8,4.66,39200,431200,PEAK
2022-01-02,2022,1,2,6,Sunday,1,0,30,Amavasya (New Moon),0,0,1,0,0,0,0,None,0,0,0,0,0,None,92242,31,30.2,6.5,16.6,4.55,36896,405864,PEAK
2022-01-03,2022,1,3,0,Monday,0,0,1,Pratipada (Shukla),0,0,0,0,0,0,0,None,0,0,0,0,0,None,67415,16,11.9,3.0,6.5,4.08,26966,296626,MODERATE
2022-01-04,2022,1,4,1,Tuesday,0,0,2,Dwitiya (Shukla),0,0,0,0,0,0,0,None,0,0,0,0,0,None,48000,2,4.0,1.5,3.5,3.71,19200,211200,LOW
2022-01-05,2022,1,5,2,Wednesday,0,0,3,Tritiya (Shukla),0,0,0,0,0,0,0,None,0,0,0,0,0,None,48000,2,4.0,1.5,3.5,3.71,19200,211200,LOW
2022-01-06,2022,1,6,3,Thursday,0,0,4,Chaturthi (Shukla),0,0,0,0,0,0,0,None,0,0,0,0,0,None,50114,3,4.7,1.6,3.5,3.75,20045,220501,LOW
2022-01-07,2022,1,7,4,Friday,0,0,5,Panchami (Shukla),0,0,0,0,0,0,0,None,0,0,0,0,0,None,63308,13,10.0,2.6,5.5,4.0,25323,278555,MODERATE
2022-01-08,2022,1,8,5,Saturday,1,0,6,Shasthi (Shukla),0,0,0,0,0,0,0,None,0,0,0,0,0,None,73530,21,15.0,3.7,8.2,4.2,29412,323532,HIGH
2022-01-09,2022,1,9,6,Sunday,1,0,7,Saptami (Shukla),0,0,0,0,0,0,0,None,0,0,0,0,0,None,66887,16,11.6,3.0,6.4,4.07,26754,294302,MODERATE
2022-01-10,2022,1,10,0,Monday,0,0,8,Ashtami (Shukla),0,0,0,0,0,0,0,None,0,0,0,0,0,None,71403,19,13.7,3.4,7.5,4.16,28561,314173,MODERATE
2022-01-11,2022,1,11,1,Tuesday,0,0,9,Navami (Shukla),0,0,0,0,0,0,0,None,0,0,0,0,0,None,61757,12,9.2,2.5,5.1,3.97,24702,271730,LOW
2022-01-12,2022,1,12,2,Wednesday,0,0,10,Dashami (Shukla),0,0,0,0,0,0,0,None,0,0,0,0,0,None,60360,11,8.6,2.3,4.7,3.95,24144,265584,LOW
2022-01-13,2022,1,13,3,Thursday,0,0,11,Ekadashi (Shukla),1,0,0,0,0,0,1,Vaikunta Ekadashi & Dwara Darshanam (Opening Day / Peak!),0,0,0,0,0,None,98000,31,36.0,7.3,19.8,4.66,39200,431200,PEAK
2022-01-14,2022,1,14,4,Friday,0,1,12,Dwadashi (Shukla),0,0,0,0,0,0,1,Makara Sankranti / Pongal | Vaikunta Ekadashi & Dwara Darshanam (Day in Festival Window),0,0,0,1,1,Makara Sankranti / Pongal,98000,31,36.0,7.3,19.8,4.66,39200,431200,PEAK
2022-01-15,2022,1,15,5,Saturday,1,1,13,Trayodashi (Shukla),0,0,0,0,0,0,1,Makara Sankranti / Pongal | Vaikunta Ekadashi & Dwara Darshanam (Day in Festival Window),0,0,0,1,1,Kanuma / Thiruvalluvar Day,98000,31,36.0,7.3,19.8,4.66,39200,431200,PEAK
2022-01-16,2022,1,16,6,Sunday,1,1,14,Chaturdashi (Shukla),0,0,0,0,0,0,1,Makara Sankranti / Pongal | Vaikunta Ekadashi & Dwara Darshanam (Day in Festival Window),0,0,0,1,1,Mukkanuma / Uzhavar Thirunal,98000,31,36.0,7.3,19.8,4.66,39200,431200,PEAK
2022-01-17,2022,1,17,0,Monday,0,0,15,Pournami (Full Moon),0,1,0,0,0,0,1,Vaikunta Ekadashi & Dwara Darshanam (Day in Festival Window),0,0,0,0,0,None,98000,31,36.0,7.3,19.8,4.66,39200,431200,PEAK
2022-01-18,2022,1,18,1,Tuesday,0,0,16,Pratipada (Krishna),0,0,0,0,0,0,1,Vaikunta Ekadashi & Dwara Darshanam (Day in Festival Window),0,0,0,0,0,None,98000,31,36.0,7.3,19.8,4.66,39200,431200,PEAK
2022-01-19,2022,1,19,2,Wednesday,0,0,17,Dwitiya (Krishna),0,0,0,0,0,0,1,Vaikunta Ekadashi & Dwara Darshanam (Day in Festival Window),0,0,0,0,0,None,98000,31,36.0,7.3,19.8,4.66,39200,431200,PEAK
2022-01-20,2022,1,20,3,Thursday,0,0,18,Tritiya (Krishna),0,0,0,0,0,0,1,Vaikunta Ekadashi & Dwara Darshanam (Day in Festival Window),0,0,0,0,0,None,98000,31,36.0,7.3,19.8,4.66,39200,431200,PEAK
2022-01-21,2022,1,21,4,Friday,0,0,19,Chaturthi (Krishna),0,0,0,0,0,0,1,Vaikunta Ekadashi & Dwara Darshanam (Day in Festival Window),0,0,0,0,0,None,98000,31,36.0,7.3,19.8,4.66,39200,431200,PEAK
2022-01-22,2022,1,22,5,Saturday,1,0,20,Panchami (Krishna),0,0,0,0,0,0,1,Vaikunta Ekadashi & Dwara Darshanam (Day in Festival Window),0,0,0,0,0,None,98000,31,36.0,7.3,19.8,4.66,39200,431200,PEAK
2022-01-23,2022,1,23,6,Sunday,1,0,21,Shasthi (Krishna),0,0,0,0,0,0,0,None,0,0,0,0,0,None,98000,31,36.0,7.3,19.8,4.66,39200,431200,PEAK
2022-01-24,2022,1,24,0,Monday,0,0,22,Saptami (Krishna),0,0,0,0,0,0,0,None,0,0,0,0,0,None,98000,31,36.0,7.3,19.8,4.66,39200,431200,PEAK
2022-01-25,2022,1,25,1,Tuesday,0,0,23,Ashtami (Krishna),0,0,0,0,0,0,0,None,0,0,0,0,0,None,98000,31,36.0,7.3,19.8,4.66,39200,431200,PEAK
2022-01-26,2022,1,26,2,Wednesday,0,0,24,Navami (Krishna),0,0,0,0,0,0,0,None,0,0,0,1,1,Republic Day,98000,31,36.0,7.3,19.8,4.66,39200,431200,PEAK
2022-01-27,2022,1,27,3,Thursday,0,0,25,Dashami (Krishna),0,0,0,0,0,0,0,None,0,0,0,0,0,None,98000,31,36.0,7.3,19.8,4.66,39200,431200,PEAK
2022-01-28,2022,1,28,4,Friday,0,0,26,Ekadashi (Krishna),1,0,0,0,0,0,0,None,0,0,0,0,0,None,98000,31,36.0,7.3,19.8,4.66,39200,431200,PEAK
2022-01-29,2022,1,29,5,Saturday,1,0,27,Dwadashi (Krishna),0,0,0,0,0,0,0,None,0,0,0,0,0,None,98000,31,36.0,7.3,19.8,4.66,39200,431200,PEAK
2022-01-30,2022,1,30,6,Sunday,1,0,28,Trayodashi (Krishna),0,0,0,0,0,0,0,None,0,0,0,0,0,None,98000,31,36.0,7.3,19.8,4.66,39200,431200,PEAK
2022-01-31,2022,1,31,0,Monday,0,0,29,Chaturdashi (Krishna),0,0,0,0,0,0,0,None,0,0,0,0,0,None,98000,31,36.0,7.3,19.8,4.66,39200,431200,PEAK
2022-02-01,2022,2,1,1,Tuesday,0,0,30,Amavasya (New Moon),0,0,1,0,0,0,0,None,0,0,0,0,0,None,98000,31,36.0,7.3,19.8,4.66,39200,431200,PEAK
2022-02-02,2022,2,2,2,Wednesday,0,0,1,Pratipada (Shukla),0,0,0,0,0,0,0,None,0,0,0,0,0,None,98000,31,36.0,7.3,19.8,4.66,39200,431200,PEAK
2022-02-03,2022,2,3,3,Thursday,0,0,2,Dwitiya (Shukla),0,0,0,0,0,0,0,None,0,0,0,0,0,None,98000,31,36.0,7.3,19.8,4.66,39200,431200,PEAK
2022-02-04,2022,2,4,4,Friday,0,0,3,Tritiya (Shukla),0,0,0,0,0,0,0,None,0,0,0,0,0,None,98000,31,36.0,7.3,19.8,4.66,39200,431200,PEAK
2022-02-05,2022,2,5,5,Saturday,1,0,4,Chaturthi (Shukla),0,0,0,0,0,0,0,None,0,0,0,0,0,None,98000,31,36.0,7.3,19.8,4.66,39200,431200,PEAK
2022-02-06,2022,2,6,6,Sunday,1,0,5,Panchami (Shukla),0,0,0,0,0,0,0,None,0,0,0,0,0,None,98000,31,36.0,7.3,19.8,4.66,39200,431200,PEAK
2022-02-07,2022,2,7,0,Monday,0,0,6,Shasthi (Shukla),0,0,0,0,0,0,0,None,0,0,0,0,0,None,82216,28,20.8,5.0,11.4,4.36,32886,361750,HIGH
2022-02-08,2022,2,8,1,Tuesday,0,0,7,Saptami (Shukla),0,0,0,0,0,0,1,Rathasapthami,0,0,0,0,0,None,71473,19,13.8,3.4,7.6,4.16,28589,314481,MODERATE
2022-02-09,2022,2,9,2,Wednesday,0,0,9,Navami (Shukla),0,0,0,0,0,0,0,None,0,0,0,0,0,None,48000,2,4.0,1.5,3.5,3.71,19200,211200,LOW
2022-02-10,2022,2,10,3,Thursday,0,0,10,Dashami (Shukla),0,0,0,0,0,0,0,None,0,0,0,0,0,None,50360,3,4.8,1.7,3.5,3.76,20144,221584,LOW
2022-02-11,2022,2,11,4,Friday,0,0,11,Ekadashi (Shukla),1,0,0,0,0,0,0,None,0,0,0,0,0,None,72390,20,14.3,3.5,7.9,4.18,28956,318516,MODERATE
2022-02-12,2022,2,12,5,Saturday,1,0,12,Dwadashi (Shukla),0,0,0,0,0,0,0,None,0,0,0,0,0,None,71893,19,14.0,3.5,7.7,4.17,28757,316329,MODERATE
2022-02-13,2022,2,13,6,Sunday,1,0,13,Trayodashi (Shukla),0,0,0,0,0,0,0,None,0,0,0,0,0,None,69019,17,12.6,3.2,6.9,4.11,27607,303683,MODERATE
2022-02-14,2022,2,14,0,Monday,0,0,14,Chaturdashi (Shukla),0,0,0,0,0,0,0,None,0,0,0,0,0,None,50950,4,5.0,1.7,3.5,3.77,20380,224180,LOW
2022-02-15,2022,2,15,1,Tuesday,0,0,15,Pournami (Full Moon),0,1,0,0,0,0,0,None,0,1,0,0,0,None,48000,2,4.0,1.5,3.5,3.71,19200,211200,LOW
2022-02-16,2022,2,16,2,Wednesday,0,0,16,Pratipada (Krishna),0,0,0,0,0,0,0,None,0,1,0,0,0,None,48000,2,4.0,1.5,3.5,3.71,19200,211200,LOW
2022-02-17,2022,2,17,3,Thursday,0,0,17,Dwitiya (Krishna),0,0,0,0,0,0,0,None,0,1,0,0,0,None,48000,2,4.0,1.5,3.5,3.71,19200,211200,LOW
2022-02-18,2022,2,18,4,Friday,0,0,18,Tritiya (Krishna),0,0,0,0,0,0,0,None,0,1,0,0,0,None,48000,2,4.0,1.5,3.5,3.71,19200,211200,LOW
2022-02-19,2022,2,19,5,Saturday,1,0,19,Chaturthi (Krishna),0,0,0,0,0,0,0,None,0,1,0,0,0,None,55897,8,6.8,2.0,3.7,3.86,22358,245946,LOW
2022-02-20,2022,2,20,6,Sunday,1,0,20,Panchami (Krishna),0,0,0,0,0,0,0,None,0,1,0,0,0,None,53092,6,5.8,1.8,3.5,3.81,21236,233604,LOW
2022-02-21,2022,2,21,0,Monday,0,0,21,Shasthi (Krishna),0,0,0,0,0,0,0,None,0,1,0,0,0,None,48000,2,4.0,1.5,3.5,3.71,19200,211200,LOW
2022-02-22,2022,2,22,1,Tuesday,0,0,22,Saptami (Krishna),0,0,0,0,0,0,0,None,0,1,0,0,0,None,48000,2,4.0,1.5,3.5,3.71,19200,211200,LOW
2022-02-23,2022,2,23,2,Wednesday,0,0,23,Ashtami (Krishna),0,0,0,0,0,0,0,None,0,1,0,0,0,None,48000,2,4.0,1.5,3.5,3.71,19200,211200,LOW
2022-02-24,2022,2,24,3,Thursday,0,0,24,Navami (Krishna),0,0,0,0,0,0,0,None,0,1,0,0,0,None,48000,2,4.0,1.5,3.5,3.71,19200,211200,LOW
2022-02-25,2022,2,25,4,Friday,0,0,25,Dashami (Krishna),0,0,0,0,0,0,0,None,0,1,0,0,0,None,48724,2,4.3,1.5,3.5,3.73,19489,214385,LOW
2022-02-26,2022,2,26,5,Saturday,1,0,26,Ekadashi (Krishna),1,0,0,0,0,0,0,None,0,1,0,0,0,None,66875,16,11.6,3.0,6.4,4.07,26750,294250,MODERATE
2022-02-27,2022,2,27,6,Sunday,1,0,27,Dwadashi (Krishna),0,0,0,0,0,0,0,None,0,1,0,0,0,None,52220,5,5.5,1.8,3.5,3.79,20888,229768,LOW
2022-02-28,2022,2,28,0,Monday,0,0,28,Trayodashi (Krishna),0,0,0,0,0,0,0,None,0,1,0,0,0,None,48000,2,4.0,1.5,3.5,3.71,19200,211200,LOW
2022-03-01,2022,3,1,1,Tuesday,0,0,29,Chaturdashi (Krishna),0,0,0,0,0,0,0,None,0,1,0,1,1,Maha Shivaratri,48000,2,4.0,1.5,3.5,3.71,19200,211200,LOW
2022-03-02,2022,3,2,2,Wednesday,0,0,30,Amavasya (New Moon),0,0,1,0,0,0,0,None,0,1,0,0,0,None,48000,2,4.0,1.5,3.5,3.71,19200,211200,LOW
2022-03-03,2022,3,3,3,Thursday,0,0,1,Pratipada (Shukla),0,0,0,0,0,0,0,None,0,1,0,0,0,None,48000,2,4.0,1.5,3.5,3.71,19200,211200,LOW
2022-03-04,2022,3,4,4,Friday,0,0,2,Dwitiya (Shukla),0,0,0,0,0,0,0,None,0,1,0,0,0,None,48434,2,4.2,1.5,3.5,3.72,19373,213109,LOW
2022-03-05,2022,3,5,5,Saturday,1,0,3,Tritiya (Shukla),0,0,0,0,0,0,0,None,0,1,0,0,0,None,55095,7,6.5,2.0,3.6,3.85,22038,242418,LOW
2022-03-06,2022,3,6,6,Sunday,1,0,4,Chaturthi (Shukla),0,0,0,0,0,0,0,None,0,1,0,0,0,None,52909,5,5.7,1.8,3.5,3.81,21163,232799,LOW
2022-03-07,2022,3,7,0,Monday,0,0,5,Panchami (Shukla),0,0,0,0,0,0,0,None,0,1,0,0,0,None,48000,2,4.0,1.5,3.5,3.71,19200,211200,LOW
2022-03-08,2022,3,8,1,Tuesday,0,0,6,Shasthi (Shukla),0,0,0,0,0,0,0,None,0,1,0,0,0,None,48000,2,4.0,1.5,3.5,3.71,19200,211200,LOW
2022-03-09,2022,3,9,2,Wednesday,0,0,7,Saptami (Shukla),0,0,0,0,0,0,0,None,0,1,0,0,0,None,48000,2,4.0,1.5,3.5,3.71,19200,211200,LOW
2022-03-10,2022,3,10,3,Thursday,0,0,8,Ashtami (Shukla),0,0,0,0,0,0,0,None,0,1,0,0,0,None,48000,2,4.0,1.5,3.5,3.71,19200,211200,LOW
2022-03-11,2022,3,11,4,Friday,0,0,9,Navami (Shukla),0,0,0,0,0,0,0,None,0,1,0,0,0,None,48000,2,4.0,1.5,3.5,3.71,19200,211200,LOW
2022-03-12,2022,3,12,5,Saturday,1,0,10,Dashami (Shukla),0,0,0,0,0,0,0,None,0,1,0,0,0,None,57450,9,7.3,2.1,4.0,3.89,22980,252780,LOW
2022-03-13,2022,3,13,6,Sunday,1,0,11,Ekadashi (Shukla),1,0,0,0,0,0,0,None,0,1,0,0,0,None,63135,13,9.9,2.6,5.4,4.0,25254,277794,MODERATE
2022-03-14,2022,3,14,0,Monday,0,0,12,Dwadashi (Shukla),0,0,0,0,0,0,0,None,0,1,0,0,0,None,48000,2,4.0,1.5,3.5,3.71,19200,211200,LOW
2022-03-15,2022,3,15,1,Tuesday,0,0,13,Trayodashi (Shukla),0,0,0,0,0,0,0,None,0,1,0,0,0,None,48000,2,4.0,1.5,3.5,3.71,19200,211200,LOW
2022-03-16,2022,3,16,2,Wednesday,0,0,14,Chaturdashi (Shukla),0,0,0,0,0,0,0,None,0,1,0,0,0,None,48000,2,4.0,1.5,3.5,3.71,19200,211200,LOW
2022-03-17,2022,3,17,3,Thursday,0,0,15,Pournami (Full Moon),0,1,0,0,0,0,0,None,0,1,0,0,0,None,48000,2,4.0,1.5,3.5,3.71,19200,211200,LOW
2022-03-18,2022,3,18,4,Friday,0,1,16,Pratipada (Krishna),0,0,0,0,0,0,0,None,0,1,0,1,1,Holi,71132,19,13.6,3.4,7.5,4.15,28452,312980,MODERATE
2022-03-19,2022,3,19,5,Saturday,1,1,17,Dwitiya (Krishna),0,0,0,0,0,0,0,None,0,1,0,0,0,None,67206,16,11.8,3.0,6.5,4.08,26882,295706,MODERATE
2022-03-20,2022,3,20,6,Sunday,1,1,18,Tritiya (Krishna),0,0,0,0,0,0,0,None,0,1,0,0,0,None,66770,16,11.6,3.0,6.4,4.07,26708,293788,MODERATE
2022-03-21,2022,3,21,0,Monday,0,0,19,Chaturthi (Krishna),0,0,0,0,0,0,0,None,0,1,0,0,0,None,48000,2,4.0,1.5,3.5,3.71,19200,211200,LOW
2022-03-22,2022,3,22,1,Tuesday,0,0,20,Panchami (Krishna),0,0,0,0,0,0,0,None,0,1,0,0,0,None,48000,2,4.0,1.5,3.5,3.71,19200,211200,LOW
2022-03-23,2022,3,23,2,Wednesday,0,0,21,Shasthi (Krishna),0,0,0,0,0,0,0,None,0,1,0,0,0,None,48000,2,4.0,1.5,3.5,3.71,19200,211200,LOW
2022-03-24,2022,3,24,3,Thursday,0,0,22,Saptami (Krishna),0,0,0,0,0,0,0,None,0,1,0,0,0,None,48000,2,4.0,1.5,3.5,3.71,19200,211200,LOW
2022-03-25,2022,3,25,4,Friday,0,0,23,Ashtami (Krishna),0,0,0,0,0,0,0,None,0,1,0,0,0,None,48601,2,4.2,1.5,3.5,3.72,19440,213844,LOW
2022-03-26,2022,3,26,5,Saturday,1,0,24,Navami (Krishna),0,0,0,0,0,0,0,None,0,1,0,0,0,None,57338,9,7.3,2.1,4.0,3.89,22935,252287,LOW
2022-03-27,2022,3,27,6,Sunday,1,0,25,Dashami (Krishna),0,0,0,0,0,0,0,None,0,1,0,0,0,None,54129,6,6.1,1.9,3.5,3.83,21651,238167,LOW
2022-03-28,2022,3,28,0,Monday,0,0,26,Ekadashi (Krishna),1,0,0,0,0,0,0,None,0,1,0,0,0,None,50372,3,4.8,1.7,3.5,3.76,20148,221636,LOW
2022-03-29,2022,3,29,1,Tuesday,0,0,27,Dwadashi (Krishna),0,0,0,0,0,0,0,None,0,1,0,0,0,None,48000,2,4.0,1.5,3.5,3.71,19200,211200,LOW
2022-03-30,2022,3,30,2,Wednesday,0,0,28,Trayodashi (Krishna),0,0,0,0,0,0,0,None,0,1,0,0,0,None,48000,2,4.0,1.5,3.5,3.71,19200,211200,LOW
2022-03-31,2022,3,31,3,Thursday,0,0,29,Chaturdashi (Krishna),0,0,0,0,0,0,0,None,0,1,0,0,0,None,48000,2,4.0,1.5,3.5,3.71,19200,211200,LOW
2022-04-01,2022,4,1,4,Friday,0,0,30,Amavasya (New Moon),0,0,1,0,0,0,0,None,0,1,0,0,0,None,48471,2,4.2,1.5,3.5,3.72,19388,213272,LOW
2022-04-02,2022,4,2,5,Saturday,1,0,1,Pratipada (Shukla),0,0,0,0,0,0,0,Ugadi (Telugu New Year),0,1,0,1,1,Ugadi,83883,29,21.9,5.3,12.0,4.39,33553,369085,HIGH
2022-04-03,2022,4,3,6,Sunday,1,0,2,Dwitiya (Shukla),0,0,0,0,0,0,0,None,0,1,0,0,0,None,56382,8,6.9,2.1,3.8,3.87,22552,248080,LOW
2022-04-04,2022,4,4,0,Monday,0,0,3,Tritiya (Shukla),0,0,0,0,0,0,0,None,0,1,0,0,0,None,48000,2,4.0,1.5,3.5,3.71,19200,211200,LOW
2022-04-05,2022,4,5,1,Tuesday,0,0,4,Chaturthi (Shukla),0,0,0,0,0,0,0,None,0,1,0,0,0,None,48000,2,4.0,1.5,3.5,3.71,19200,211200,LOW
2022-04-06,2022,4,6,2,Wednesday,0,0,5,Panchami (Shukla),0,0,0,0,0,0,0,None,0,1,0,0,0,None,48000,2,4.0,1.5,3.5,3.71,19200,211200,LOW
2022-04-07,2022,4,7,3,Thursday,0,0,6,Shasthi (Shukla),0,0,0,0,0,0,0,None,0,1,0,0,0,None,48000,2,4.0,1.5,3.5,3.71,19200,211200,LOW
2022-04-08,2022,4,8,4,Friday,0,0,7,Saptami (Shukla),0,0,0,0,0,0,0,None,0,1,0,0,0,None,48000,2,4.0,1.5,3.5,3.71,19200,211200,LOW
2022-04-09,2022,4,9,5,Saturday,1,0,8,Ashtami (Shukla),0,0,0,0,0,0,0,None,0,1,0,0,0,None,56949,9,7.1,2.1,3.9,3.88,22779,250575,LOW
2022-04-10,2022,4,10,6,Sunday,1,0,9,Navami (Shukla),0,0,0,0,0,0,0,Sri Rama Navami,0,1,0,0,0,None,64075,14,10.3,2.7,5.7,4.02,25630,281930,MODERATE
2022-04-11,2022,4,11,0,Monday,0,0,10,Dashami (Shukla),0,0,0,0,0,0,0,None,0,0,0,0,0,None,53393,6,5.9,1.9,3.5,3.81,21357,234929,LOW
2022-04-12,2022,4,12,1,Tuesday,0,0,12,Dwadashi (Shukla),0,0,0,0,0,0,0,None,0,0,0,0,0,None,48000,2,4.0,1.5,3.5,3.71,19200,211200,LOW
2022-04-13,2022,4,13,2,Wednesday,0,0,13,Trayodashi (Shukla),0,0,0,0,0,0,0,None,0,0,0,0,0,None,48000,2,4.0,1.5,3.5,3.71,19200,211200,LOW
2022-04-14,2022,4,14,3,Thursday,0,0,14,Chaturdashi (Shukla),0,0,0,0,0,0,0,None,0,0,0,1,1,Dr. B.R. Ambedkar Jayanti / Tamil New Year,68232,17,12.3,3.1,6.8,4.1,27292,300220,MODERATE
2022-04-15,2022,4,15,4,Friday,0,1,15,Pournami (Full Moon),0,1,0,0,0,0,0,None,0,0,1,1,1,Good Friday,98000,31,36.0,7.3,19.8,4.66,39200,431200,PEAK
2022-04-16,2022,4,16,5,Saturday,1,1,16,Pratipada (Krishna),0,0,0,0,0,0,0,None,0,0,1,0,0,None,98000,31,36.0,7.3,19.8,4.66,39200,431200,PEAK
2022-04-17,2022,4,17,6,Sunday,1,1,17,Dwitiya (Krishna),0,0,0,0,0,0,0,None,0,0,1,0,0,None,98000,31,36.0,7.3,19.8,4.66,39200,431200,PEAK
2022-04-18,2022,4,18,0,Monday,0,0,18,Tritiya (Krishna),0,0,0,0,0,0,0,None,0,0,1,0,0,None,98000,31,36.0,7.3,19.8,4.66,39200,431200,PEAK
2022-04-19,2022,4,19,1,Tuesday,0,0,19,Chaturthi (Krishna),0,0,0,0,0,0,0,None,0,0,1,0,0,None,98000,31,36.0,7.3,19.8,4.66,39200,431200,PEAK
2022-04-20,2022,4,20,2,Wednesday,0,0,20,Panchami (Krishna),0,0,0,0,0,0,0,None,0,0,1,0,0,None,96570,31,34.6,7.1,19.0,4.63,38628,424908,PEAK
2022-04-21,2022,4,21,3,Thursday,0,0,21,Shasthi (Krishna),0,0,0,0,0,0,0,None,0,0,1,0,0,None,82974,29,21.3,5.2,11.7,4.38,33189,365085,HIGH
2022-04-22,2022,4,22,4,Friday,0,0,22,Saptami (Krishna),0,0,0,0,0,0,0,None,0,0,1,0,0,None,83210,29,21.5,5.2,11.8,4.38,33284,366124,HIGH
2022-04-23,2022,4,23,5,Saturday,1,0,23,Ashtami (Krishna),0,0,0,0,0,0,0,None,0,0,1,0,0,None,89692,31,27.7,6.1,15.2,4.5,35876,394644,PEAK
2022-04-24,2022,4,24,6,Sunday,1,0,24,Navami (Krishna),0,0,0,0,0,0,0,None,0,0,1,0,0,None,89827,31,27.8,6.2,15.3,4.51,35930,395238,PEAK
2022-04-25,2022,4,25,0,Monday,0,0,25,Dashami (Krishna),0,0,0,0,0,0,0,None,0,0,1,0,0,None,82525,28,21.0,5.1,11.6,4.37,33010,363110,HIGH
2022-04-26,2022,4,26,1,Tuesday,0,0,26,Ekadashi (Krishna),1,0,0,0,0,0,0,None,0,0,1,0,0,None,80808,27,19.9,4.8,10.9,4.34,32323,355555,HIGH
2022-04-27,2022,4,27,2,Wednesday,0,0,27,Dwadashi (Krishna),0,0,0,0,0,0,0,None,0,0,1,0,0,None,64627,14,10.6,2.8,5.8,4.03,25850,284358,MODERATE
2022-04-28,2022,4,28,3,Thursday,0,0,28,Trayodashi (Krishna),0,0,0,0,0,0,0,None,0,0,1,0,0,None,63940,14,10.3,2.7,5.7,4.01,25576,281336,MODERATE
2022-04-29,2022,4,29,4,Friday,0,0,29,Chaturdashi (Krishna),0,0,0,0,0,0,0,None,0,0,1,0,0,None,83022,29,21.3,5.2,11.7,4.38,33208,365296,HIGH
2022-04-30,2022,4,30,5,Saturday,1,0,30,Amavasya (New Moon),0,0,1,0,0,0,0,None,0,0,1,0,0,None,88732,31,26.7,6.0,14.7,4.49,35492,390420,PEAK
2022-05-01,2022,5,1,6,Sunday,1,0,1,Pratipada (Shukla),0,0,0,0,0,0,0,None,0,0,1,1,1,May Day / Labour Day,98000,31,36.0,7.3,19.8,4.66,39200,431200,PEAK
2022-05-02,2022,5,2,0,Monday,0,0,2,Dwitiya (Shukla),0,0,0,0,0,0,0,None,0,0,1,0,0,None,92885,31,30.9,6.6,17.0,4.56,37154,408694,PEAK
2022-05-03,2022,5,3,1,Tuesday,0,0,3,Tritiya (Shukla),0,0,0,0,0,0,0,None,0,0,1,1,1,Ramzan / Eid-ul-Fitr,88887,31,26.9,6.0,14.8,4.49,35554,391102,PEAK
2022-05-04,2022,5,4,2,Wednesday,0,0,4,Chaturthi (Shukla),0,0,0,0,0,0,0,None,0,0,1,0,0,None,72060,20,14.0,3.5,7.7,4.17,28824,317064,MODERATE
2022-05-05,2022,5,5,3,Thursday,0,0,5,Panchami (Shukla),0,0,0,0,0,0,0,None,0,0,1,0,0,None,63849,14,10.2,2.7,5.6,4.01,25539,280935,MODERATE
2022-05-06,2022,5,6,4,Friday,0,0,6,Shasthi (Shukla),0,0,0,0,0,0,0,None,0,0,1,0,0,None,81080,27,20.1,4.8,11.1,4.34,32432,356752,HIGH
2022-05-07,2022,5,7,5,Saturday,1,0,7,Saptami (Shukla),0,0,0,0,0,0,0,None,0,0,1,0,0,None,88622,31,26.6,6.0,14.6,4.48,35448,389936,PEAK
2022-05-08,2022,5,8,6,Sunday,1,0,8,Ashtami (Shukla),0,0,0,0,0,0,0,None,0,0,1,0,0,None,89243,31,27.2,6.1,15.0,4.5,35697,392669,PEAK
2022-05-09,2022,5,9,0,Monday,0,0,9,Navami (Shukla),0,0,0,0,0,0,0,None,0,0,1,0,0,None,82366,28,20.9,5.1,11.5,4.36,32946,362410,HIGH
2022-05-10,2022,5,10,1,Tuesday,0,0,10,Dashami (Shukla),0,0,0,0,0,0,0,None,0,0,1,0,0,None,69314,18,12.8,3.2,7.0,4.12,27725,304981,MODERATE
2022-05-11,2022,5,11,2,Wednesday,0,0,11,Ekadashi (Shukla),1,0,0,0,0,0,0,None,0,0,1,0,0,None,77314,24,17.5,4.2,9.6,4.27,30925,340181,HIGH
2022-05-12,2022,5,12,3,Thursday,0,0,12,Dwadashi (Shukla),0,0,0,0,0,0,0,None,0,0,1,0,0,None,64300,14,10.4,2.7,5.7,4.02,25720,282920,MODERATE
2022-05-13,2022,5,13,4,Friday,0,0,13,Trayodashi (Shukla),0,0,0,0,0,0,0,None,0,0,1,0,0,None,82023,28,20.7,5.0,11.4,4.36,32809,360901,HIGH
2022-05-14,2022,5,14,5,Saturday,1,0,14,Chaturdashi (Shukla),0,0,0,0,0,0,0,None,0,0,1,0,0,None,88591,31,26.6,6.0,14.6,4.48,35436,389800,PEAK
2022-05-15,2022,5,15,6,Sunday,1,0,15,Pournami (Full Moon),0,1,0,0,0,0,0,None,0,0,1,0,0,None,95661,31,33.7,7.0,18.5,4.62,38264,420908,PEAK
2022-05-16,2022,5,16,0,Monday,0,0,16,Pratipada (Krishna),0,0,0,0,0,0,0,None,0,0,1,0,0,None,84255,31,22.3,5.4,12.3,4.4,33702,370722,PEAK
2022-05-17,2022,5,17,1,Tuesday,0,0,17,Dwitiya (Krishna),0,0,0,0,0,0,0,None,0,0,1,0,0,None,69770,18,13.0,3.3,7.2,4.13,27908,306988,MODERATE
2022-05-18,2022,5,18,2,Wednesday,0,0,18,Tritiya (Krishna),0,0,0,0,0,0,0,None,0,0,1,0,0,None,62706,13,9.7,2.6,5.3,3.99,25082,275906,MODERATE
2022-05-19,2022,5,19,3,Thursday,0,0,19,Chaturthi (Krishna),0,0,0,0,0,0,0,None,0,0,1,0,0,None,63870,14,10.2,2.7,5.6,4.01,25548,281028,MODERATE
2022-05-20,2022,5,20,4,Friday,0,0,20,Panchami (Krishna),0,0,0,0,0,0,0,None,0,0,1,0,0,None,82948,29,21.3,5.2,11.7,4.38,33179,364971,HIGH
2022-05-21,2022,5,21,5,Saturday,1,0,21,Shasthi (Krishna),0,0,0,0,0,0,0,None,0,0,1,0,0,None,87726,31,25.7,5.9,14.1,4.47,35090,385994,PEAK
2022-05-22,2022,5,22,6,Sunday,1,0,22,Saptami (Krishna),0,0,0,0,0,0,0,None,0,0,1,0,0,None,89776,31,27.8,6.2,15.3,4.51,35910,395014,PEAK
2022-05-23,2022,5,23,0,Monday,0,0,23,Ashtami (Krishna),0,0,0,0,0,0,0,None,0,0,1,0,0,None,82093,28,20.7,5.0,11.4,4.36,32837,361209,HIGH
2022-05-24,2022,5,24,1,Tuesday,0,0,24,Navami (Krishna),0,0,0,0,0,0,0,None,0,0,1,0,0,None,67493,16,11.9,3.0,6.5,4.08,26997,296969,MODERATE
2022-05-25,2022,5,25,2,Wednesday,0,0,25,Dashami (Krishna),0,0,0,0,0,0,0,None,0,0,1,0,0,None,64411,14,10.5,2.7,5.8,4.02,25764,283408,MODERATE
2022-05-26,2022,5,26,3,Thursday,0,0,26,Ekadashi (Krishna),1,0,0,0,0,0,0,None,0,0,1,0,0,None,79132,25,18.8,4.5,10.3,4.3,31652,348180,HIGH
2022-05-27,2022,5,27,4,Friday,0,0,27,Dwadashi (Krishna),0,0,0,0,0,0,0,None,0,0,1,0,0,None,82597,28,21.1,5.1,11.6,4.37,33038,363426,HIGH
2022-05-28,2022,5,28,5,Saturday,1,0,28,Trayodashi (Krishna),0,0,0,0,0,0,0,None,0,0,1,0,0,None,87097,31,25.1,5.8,13.8,4.45,34838,383226,PEAK
2022-05-29,2022,5,29,6,Sunday,1,0,29,Chaturdashi (Krishna),0,0,0,0,0,0,0,None,0,0,1,0,0,None,87418,31,25.4,5.8,14.0,4.46,34967,384639,PEAK
2022-05-30,2022,5,30,0,Monday,0,0,30,Amavasya (New Moon),0,0,1,0,0,0,0,None,0,0,1,0,0,None,80593,27,19.7,4.8,10.8,4.33,32237,354609,HIGH
2022-05-31,2022,5,31,1,Tuesday,0,0,1,Pratipada (Shukla),0,0,0,0,0,0,0,None,0,0,1,0,0,None,65515,15,11.0,2.9,6.1,4.04,26206,288266,MODERATE
2022-06-01,2022,6,1,2,Wednesday,0,0,2,Dwitiya (Shukla),0,0,0,0,0,0,0,None,0,0,1,0,0,None,63451,13,10.0,2.6,5.5,4.01,25380,279184,MODERATE
2022-06-02,2022,6,2,3,Thursday,0,0,3,Tritiya (Shukla),0,0,0,0,0,0,0,None,0,0,1,0,0,None,67011,16,11.7,3.0,6.4,4.07,26804,294848,MODERATE
2022-06-03,2022,6,3,4,Friday,0,0,4,Chaturthi (Shukla),0,0,0,0,0,0,0,None,0,0,1,0,0,None,81364,27,20.2,4.9,11.1,4.35,32545,358001,HIGH
2022-06-04,2022,6,4,5,Saturday,1,0,5,Panchami (Shukla),0,0,0,0,0,0,0,None,0,0,1,0,0,None,88534,31,26.5,6.0,14.6,4.48,35413,389549,PEAK
2022-06-05,2022,6,5,6,Sunday,1,0,6,Shasthi (Shukla),0,0,0,0,0,0,0,None,0,0,1,0,0,None,89693,31,27.7,6.1,15.2,4.5,35877,394649,PEAK
2022-06-06,2022,6,6,0,Monday,0,0,7,Saptami (Shukla),0,0,0,0,0,0,0,None,0,0,1,0,0,None,81806,28,20.5,5.0,11.3,4.35,32722,359946,HIGH
2022-06-07,2022,6,7,1,Tuesday,0,0,8,Ashtami (Shukla),0,0,0,0,0,0,0,None,0,0,1,0,0,None,65525,15,11.0,2.9,6.1,4.04,26210,288310,MODERATE
2022-06-08,2022,6,8,2,Wednesday,0,0,9,Navami (Shukla),0,0,0,0,0,0,0,None,0,0,1,0,0,None,64984,14,10.7,2.8,5.9,4.03,25993,285929,MODERATE
2022-06-09,2022,6,9,3,Thursday,0,0,10,Dashami (Shukla),0,0,0,0,0,0,0,None,0,0,1,0,0,None,65520,15,11.0,2.9,6.1,4.04,26208,288288,MODERATE
2022-06-10,2022,6,10,4,Friday,0,0,11,Ekadashi (Shukla),1,0,0,0,0,0,0,None,0,0,1,0,0,None,90264,31,28.3,6.2,15.6,4.52,36105,397161,PEAK
2022-06-11,2022,6,11,5,Saturday,1,0,12,Dwadashi (Shukla),0,0,0,0,0,0,0,None,0,0,0,0,0,None,82196,28,20.8,5.0,11.4,4.36,32878,361662,HIGH
2022-06-12,2022,6,12,6,Sunday,1,0,13,Trayodashi (Shukla),0,0,0,0,0,0,0,None,0,0,0,0,0,None,69334,18,12.8,3.2,7.0,4.12,27733,305069,MODERATE
2022-06-13,2022,6,13,0,Monday,0,0,14,Chaturdashi (Shukla),0,0,0,0,0,0,0,None,0,0,0,0,0,None,51112,4,5.1,1.7,3.5,3.77,20444,224892,LOW
2022-06-14,2022,6,14,1,Tuesday,0,0,16,Pratipada (Krishna),0,0,0,0,0,0,0,None,0,0,0,0,0,None,48000,2,4.0,1.5,3.5,3.71,19200,211200,LOW
2022-06-15,2022,6,15,2,Wednesday,0,0,17,Dwitiya (Krishna),0,0,0,0,0,0,0,None,0,0,0,0,0,None,48000,2,4.0,1.5,3.5,3.71,19200,211200,LOW
2022-06-16,2022,6,16,3,Thursday,0,0,18,Tritiya (Krishna),0,0,0,0,0,0,0,None,0,0,0,0,0,None,48538,2,4.2,1.5,3.5,3.72,19415,213567,LOW
2022-06-17,2022,6,17,4,Friday,0,0,19,Chaturthi (Krishna),0,0,0,0,0,0,0,None,0,0,0,0,0,None,60629,11,8.7,2.4,4.8,3.95,24251,266767,LOW
2022-06-18,2022,6,18,5,Saturday,1,0,20,Panchami (Krishna),0,0,0,0,0,0,0,None,0,0,0,0,0,None,71888,19,13.9,3.5,7.6,4.17,28755,316307,MODERATE
2022-06-19,2022,6,19,6,Sunday,1,0,21,Shasthi (Krishna),0,0,0,0,0,0,0,None,0,0,0,0,0,None,66487,16,11.4,2.9,6.3,4.06,26594,292542,MODERATE
2022-06-20,2022,6,20,0,Monday,0,0,22,Saptami (Krishna),0,0,0,0,0,0,0,None,0,0,0,0,0,None,53844,6,6.0,1.9,3.5,3.82,21537,236913,LOW
2022-06-21,2022,6,21,1,Tuesday,0,0,23,Ashtami (Krishna),0,0,0,0,0,0,0,None,0,0,0,0,0,None,48410,2,4.1,1.5,3.5,3.72,19364,213004,LOW
2022-06-22,2022,6,22,2,Wednesday,0,0,24,Navami (Krishna),0,0,0,0,0,0,0,None,0,0,0,0,0,None,48000,2,4.0,1.5,3.5,3.71,19200,211200,LOW
2022-06-23,2022,6,23,3,Thursday,0,0,25,Dashami (Krishna),0,0,0,0,0,0,0,None,0,0,0,0,0,None,50448,3,4.9,1.7,3.5,3.76,20179,221971,LOW
2022-06-24,2022,6,24,4,Friday,0,0,26,Ekadashi (Krishna),1,0,0,0,0,0,0,None,0,0,0,0,0,None,72318,20,14.2,3.5,7.8,4.17,28927,318199,MODERATE
2022-06-25,2022,6,25,5,Saturday,1,0,27,Dwadashi (Krishna),0,0,0,0,0,0,0,None,0,0,0,0,0,None,70541,18,13.3,3.4,7.3,4.14,28216,310380,MODERATE
2022-06-26,2022,6,26,6,Sunday,1,0,28,Trayodashi (Krishna),0,0,0,0,0,0,0,None,0,0,0,0,0,None,67832,17,12.1,3.1,6.7,4.09,27132,298460,MODERATE
2022-06-27,2022,6,27,0,Monday,0,0,29,Chaturdashi (Krishna),0,0,0,0,0,0,0,None,0,0,0,0,0,None,52154,5,5.5,1.8,3.5,3.79,20861,229477,LOW
2022-06-28,2022,6,28,1,Tuesday,0,0,30,Amavasya (New Moon),0,0,1,0,0,0,0,None,0,0,0,0,0,None,48000,2,4.0,1.5,3.5,3.71,19200,211200,LOW
2022-06-29,2022,6,29,2,Wednesday,0,0,1,Pratipada (Shukla),0,0,0,0,0,0,0,None,0,0,0,0,0,None,48000,2,4.0,1.5,3.5,3.71,19200,211200,LOW
2022-06-30,2022,6,30,3,Thursday,0,0,2,Dwitiya (Shukla),0,0,0,0,0,0,0,None,0,0,0,0,0,None,48000,2,4.0,1.5,3.5,3.71,19200,211200,LOW
2022-07-01,2022,7,1,4,Friday,0,0,3,Tritiya (Shukla),0,0,0,0,0,0,0,None,0,0,0,0,0,None,60096,11,8.5,2.3,4.7,3.94,24038,264422,LOW
2022-07-02,2022,7,2,5,Saturday,1,0,4,Chaturthi (Shukla),0,0,0,0,0,0,0,None,0,0,0,0,0,None,70083,18,13.1,3.3,7.2,4.13,28033,308365,MODERATE
2022-07-03,2022,7,3,6,Sunday,1,0,5,Panchami (Shukla),0,0,0,0,0,0,0,None,0,0,0,0,0,None,66874,16,11.6,3.0,6.4,4.07,26749,294245,MODERATE
2022-07-04,2022,7,4,0,Monday,0,0,6,Shasthi (Shukla),0,0,0,0,0,0,0,None,0,0,0,0,0,None,53408,6,5.9,1.9,3.5,3.81,21363,234995,LOW
2022-07-05,2022,7,5,1,Tuesday,0,0,7,Saptami (Shukla),0,0,0,0,0,0,0,None,0,0,0,0,0,None,48000,2,4.0,1.5,3.5,3.71,19200,211200,LOW
2022-07-06,2022,7,6,2,Wednesday,0,0,8,Ashtami (Shukla),0,0,0,0,0,0,0,None,0,0,0,0,0,None,48000,2,4.0,1.5,3.5,3.71,19200,211200,LOW
2022-07-07,2022,7,7,3,Thursday,0,0,9,Navami (Shukla),0,0,0,0,0,0,0,None,0,0,0,0,0,None,48000,2,4.0,1.5,3.5,3.71,19200,211200,LOW
2022-07-08,2022,7,8,4,Friday,0,0,10,Dashami (Shukla),0,0,0,0,0,0,0,None,0,0,0,0,0,None,61242,12,9.0,2.4,5.0,3.96,24496,269464,LOW
2022-07-09,2022,7,9,5,Saturday,1,0,11,Ekadashi (Shukla),1,0,0,0,0,0,0,None,0,0,0,0,0,None,82620,28,21.1,5.1,11.6,4.37,33048,363528,HIGH
2022-07-10,2022,7,10,6,Sunday,1,0,12,Dwadashi (Shukla),0,0,0,0,0,0,0,None,0,0,0,1,1,Bakrid / Eid-ul-Adha,85833,31,23.8,5.6,13.1,4.43,34333,377665,PEAK
2022-07-11,2022,7,11,0,Monday,0,0,13,Trayodashi (Shukla),0,0,0,0,0,0,0,None,0,0,0,0,0,None,61406,12,9.1,2.4,5.0,3.97,24562,270186,LOW
2022-07-12,2022,7,12,1,Tuesday,0,0,14,Chaturdashi (Shukla),0,0,0,0,0,0,0,None,0,0,0,0,0,None,48000,2,4.0,1.5,3.5,3.71,19200,211200,LOW
2022-07-13,2022,7,13,2,Wednesday,0,0,15,Pournami (Full Moon),0,1,0,0,0,0,0,None,0,0,0,0,0,None,54863,7,6.4,2.0,3.5,3.84,21945,241397,LOW
2022-07-14,2022,7,14,3,Thursday,0,0,16,Pratipada (Krishna),0,0,0,0,0,0,0,None,0,0,0,0,0,None,48595,2,4.2,1.5,3.5,3.72,19438,213818,LOW
2022-07-15,2022,7,15,4,Friday,0,0,17,Dwitiya (Krishna),0,0,0,0,0,0,0,None,0,0,0,0,0,None,61148,12,9.0,2.4,5.0,3.96,24459,269051,LOW
2022-07-16,2022,7,16,5,Saturday,1,0,18,Tritiya (Krishna),0,0,0,0,0,0,0,None,0,0,0,0,0,None,68560,17,12.4,3.2,6.8,4.1,27424,301664,MODERATE
2022-07-17,2022,7,17,6,Sunday,1,0,19,Chaturthi (Krishna),0,0,0,0,0,0,0,None,0,0,0,0,0,None,69904,18,13.0,3.3,7.2,4.13,27961,307577,MODERATE
2022-07-18,2022,7,18,0,Monday,0,0,20,Panchami (Krishna),0,0,0,0,0,0,0,None,0,0,0,0,0,None,52943,5,5.7,1.8,3.5,3.81,21177,232949,LOW
2022-07-19,2022,7,19,1,Tuesday,0,0,21,Shasthi (Krishna),0,0,0,0,0,0,0,None,0,0,0,0,0,None,49294,3,4.5,1.6,3.5,3.74,19717,216893,LOW
2022-07-20,2022,7,20,2,Wednesday,0,0,22,Saptami (Krishna),0,0,0,0,0,0,0,None,0,0,0,0,0,None,48000,2,4.0,1.5,3.5,3.71,19200,211200,LOW
2022-07-21,2022,7,21,3,Thursday,0,0,23,Ashtami (Krishna),0,0,0,0,0,0,0,None,0,0,0,0,0,None,48028,2,4.0,1.5,3.5,3.71,19211,211323,LOW
2022-07-22,2022,7,22,4,Friday,0,0,24,Navami (Krishna),0,0,0,0,0,0,0,None,0,0,0,0,0,None,59867,11,8.4,2.3,4.6,3.94,23946,263414,LOW
2022-07-23,2022,7,23,5,Saturday,1,0,25,Dashami (Krishna),0,0,0,0,0,0,0,None,0,0,0,0,0,None,71250,19,13.7,3.4,7.5,4.15,28500,313500,MODERATE
2022-07-24,2022,7,24,6,Sunday,1,0,26,Ekadashi (Krishna),1,0,0,0,0,0,0,None,0,0,0,0,0,None,81454,27,20.3,4.9,11.2,4.35,32581,358397,HIGH
2022-07-25,2022,7,25,0,Monday,0,0,27,Dwadashi (Krishna),0,0,0,0,0,0,0,None,0,0,0,0,0,None,55596,8,6.7,2.0,3.7,3.86,22238,244622,LOW
2022-07-26,2022,7,26,1,Tuesday,0,0,28,Trayodashi (Krishna),0,0,0,0,0,0,0,None,0,0,0,0,0,None,48000,2,4.0,1.5,3.5,3.71,19200,211200,LOW
2022-07-27,2022,7,27,2,Wednesday,0,0,29,Chaturdashi (Krishna),0,0,0,0,0,0,0,None,0,0,0,0,0,None,48000,2,4.0,1.5,3.5,3.71,19200,211200,LOW
2022-07-28,2022,7,28,3,Thursday,0,0,30,Amavasya (New Moon),0,0,1,0,0,0,0,None,0,0,0,0,0,None,49949,3,4.7,1.6,3.5,3.75,19979,219775,LOW
2022-07-29,2022,7,29,4,Friday,0,0,1,Pratipada (Shukla),0,0,0,0,0,0,0,None,0,0,0,0,0,None,61756,12,9.2,2.5,5.1,3.97,24702,271726,LOW
2022-07-30,2022,7,30,5,Saturday,1,0,2,Dwitiya (Shukla),0,0,0,0,0,0,0,None,0,0,0,0,0,None,73460,21,15.0,3.6,8.2,4.2,29384,323224,HIGH
2022-07-31,2022,7,31,6,Sunday,1,0,3,Tritiya (Shukla),0,0,0,0,0,0,0,None,0,0,0,0,0,None,68728,17,12.5,3.2,6.9,4.11,27491,302403,MODERATE
2022-08-01,2022,8,1,0,Monday,0,0,4,Chaturthi (Shukla),0,0,0,0,0,0,0,None,0,0,0,0,0,None,54037,6,6.1,1.9,3.5,3.83,21614,237762,LOW
2022-08-02,2022,8,2,1,Tuesday,0,0,5,Panchami (Shukla),0,0,0,0,0,0,0,None,0,0,0,0,0,None,48000,2,4.0,1.5,3.5,3.71,19200,211200,LOW
2022-08-03,2022,8,3,2,Wednesday,0,0,6,Shasthi (Shukla),0,0,0,0,0,0,0,None,0,0,0,0,0,None,48000,2,4.0,1.5,3.5,3.71,19200,211200,LOW
2022-08-04,2022,8,4,3,Thursday,0,0,7,Saptami (Shukla),0,0,0,0,0,0,0,None,0,0,0,0,0,None,48873,2,4.3,1.6,3.5,3.73,19549,215041,LOW
2022-08-05,2022,8,5,4,Friday,0,0,8,Ashtami (Shukla),0,0,0,0,0,0,0,Varalakshmi Vratam,0,0,0,0,0,None,76031,23,16.7,4.0,9.2,4.24,30412,334536,HIGH
2022-08-06,2022,8,6,5,Saturday,1,0,9,Navami (Shukla),0,0,0,0,0,0,0,None,0,0,0,0,0,None,71583,19,13.8,3.5,7.6,4.16,28633,314965,MODERATE
2022-08-07,2022,8,7,6,Sunday,1,0,10,Dashami (Shukla),0,0,0,0,0,0,0,None,0,0,0,0,0,None,65197,15,10.8,2.8,5.9,4.04,26078,286866,MODERATE
2022-08-08,2022,8,8,0,Monday,0,0,11,Ekadashi (Shukla),1,0,0,0,0,0,0,None,0,0,0,0,0,None,63525,13,10.1,2.7,5.6,4.01,25410,279510,MODERATE
2022-08-09,2022,8,9,1,Tuesday,0,0,12,Dwadashi (Shukla),0,0,0,0,0,0,0,None,0,0,0,1,1,Muharram,65508,15,11.0,2.9,6.1,4.04,26203,288235,MODERATE
2022-08-10,2022,8,10,2,Wednesday,0,0,13,Trayodashi (Shukla),0,0,0,0,0,0,0,None,0,0,0,0,0,None,48000,2,4.0,1.5,3.5,3.71,19200,211200,LOW
2022-08-11,2022,8,11,3,Thursday,0,0,14,Chaturdashi (Shukla),0,0,0,0,0,0,0,None,0,0,0,0,0,None,50501,4,4.9,1.7,3.5,3.76,20200,222204,LOW
2022-08-12,2022,8,12,4,Friday,0,0,15,Pournami (Full Moon),0,1,0,0,0,0,0,None,0,0,0,0,0,None,74335,21,15.6,3.7,8.6,4.21,29734,327074,HIGH
2022-08-13,2022,8,13,5,Saturday,1,1,16,Pratipada (Krishna),0,0,0,0,0,0,0,None,0,0,0,0,0,None,82762,28,21.2,5.1,11.7,4.37,33104,364152,HIGH
2022-08-14,2022,8,14,6,Sunday,1,1,17,Dwitiya (Krishna),0,0,0,0,0,0,0,None,0,0,0,0,0,None,84930,31,22.9,5.5,12.6,4.41,33972,373692,PEAK
2022-08-15,2022,8,15,0,Monday,0,1,18,Tritiya (Krishna),0,0,0,0,0,0,0,None,0,0,0,1,1,Independence Day,86556,31,24.6,5.7,13.5,4.44,34622,380846,PEAK
2022-08-16,2022,8,16,1,Tuesday,0,0,20,Panchami (Krishna),0,0,0,0,0,0,0,None,0,0,0,0,0,None,56900,9,7.1,2.1,3.9,3.88,22760,250360,LOW
2022-08-17,2022,8,17,2,Wednesday,0,0,21,Shasthi (Krishna),0,0,0,0,0,0,0,None,0,0,0,0,0,None,48000,2,4.0,1.5,3.5,3.71,19200,211200,LOW
2022-08-18,2022,8,18,3,Thursday,0,0,22,Saptami (Krishna),0,0,0,0,0,0,0,None,0,0,0,0,0,None,50306,3,4.8,1.7,3.5,3.76,20122,221346,LOW
2022-08-19,2022,8,19,4,Friday,0,0,23,Ashtami (Krishna),0,0,0,0,0,0,0,None,0,0,0,0,0,None,63366,13,10.0,2.6,5.5,4.0,25346,278810,MODERATE
2022-08-20,2022,8,20,5,Saturday,1,0,24,Navami (Krishna),0,0,0,0,0,0,0,None,0,0,0,0,0,None,69563,18,12.9,3.3,7.1,4.12,27825,306077,MODERATE
2022-08-21,2022,8,21,6,Sunday,1,0,25,Dashami (Krishna),0,0,0,0,0,0,0,None,0,0,0,0,0,None,67549,16,11.9,3.1,6.5,4.08,27019,297215,MODERATE
2022-08-22,2022,8,22,0,Monday,0,0,26,Ekadashi (Krishna),1,0,0,0,0,0,0,None,0,0,0,0,0,None,63504,13,10.1,2.7,5.6,4.01,25401,279417,MODERATE
2022-08-23,2022,8,23,1,Tuesday,0,0,27,Dwadashi (Krishna),0,0,0,0,0,0,0,None,0,0,0,0,0,None,48000,2,4.0,1.5,3.5,3.71,19200,211200,LOW
2022-08-24,2022,8,24,2,Wednesday,0,0,28,Trayodashi (Krishna),0,0,0,0,0,0,0,None,0,0,0,0,0,None,48000,2,4.0,1.5,3.5,3.71,19200,211200,LOW
2022-08-25,2022,8,25,3,Thursday,0,0,29,Chaturdashi (Krishna),0,0,0,0,0,0,0,None,0,0,0,0,0,None,48000,2,4.0,1.5,3.5,3.71,19200,211200,LOW
2022-08-26,2022,8,26,4,Friday,0,0,30,Amavasya (New Moon),0,0,1,0,0,0,0,None,0,0,0,0,0,None,61969,12,9.3,2.5,5.1,3.98,24787,272663,LOW
2022-08-27,2022,8,27,5,Saturday,1,0,1,Pratipada (Shukla),0,0,0,0,0,0,0,None,0,0,0,0,0,None,71034,19,13.6,3.4,7.5,4.15,28413,312549,MODERATE
2022-08-28,2022,8,28,6,Sunday,1,0,2,Dwitiya (Shukla),0,0,0,0,0,0,0,None,0,0,0,0,0,None,68073,17,12.2,3.1,6.7,4.09,27229,299521,MODERATE
2022-08-29,2022,8,29,0,Monday,0,0,3,Tritiya (Shukla),0,0,0,0,0,0,0,None,0,0,0,0,0,None,52985,5,5.7,1.8,3.5,3.81,21194,233134,LOW
2022-08-30,2022,8,30,1,Tuesday,0,0,4,Chaturthi (Shukla),0,0,0,0,0,0,0,None,0,0,0,0,0,None,48000,2,4.0,1.5,3.5,3.71,19200,211200,LOW
2022-08-31,2022,8,31,2,Wednesday,0,0,5,Panchami (Shukla),0,0,0,0,0,0,0,None,0,0,0,1,1,Vinayaka Chavithi,63261,13,9.9,2.6,5.4,4.0,25304,278348,MODERATE
2022-09-01,2022,9,1,3,Thursday,0,0,6,Shasthi (Shukla),0,0,0,0,0,0,0,None,0,0,0,0,0,None,48000,2,4.0,1.5,3.5,3.71,19200,211200,LOW
2022-09-02,2022,9,2,4,Friday,0,0,7,Saptami (Shukla),0,0,0,0,0,0,0,None,0,0,0,0,0,None,64537,14,10.5,2.8,5.8,4.03,25814,283962,MODERATE
2022-09-03,2022,9,3,5,Saturday,1,0,8,Ashtami (Shukla),0,0,0,0,0,0,0,None,0,0,0,0,0,None,72644,20,14.4,3.6,7.9,4.18,29057,319633,MODERATE
2022-09-04,2022,9,4,6,Sunday,1,0,9,Navami (Shukla),0,0,0,0,0,0,0,None,0,0,0,0,0,None,66415,16,11.4,2.9,6.3,4.06,26566,292226,MODERATE
2022-09-05,2022,9,5,0,Monday,0,0,10,Dashami (Shukla),0,0,0,0,0,0,0,None,0,0,0,0,0,None,52227,5,5.5,1.8,3.5,3.79,20890,229798,LOW
2022-09-06,2022,9,6,1,Tuesday,0,0,11,Ekadashi (Shukla),1,0,0,0,0,0,0,None,0,0,0,0,0,None,58521,10,7.7,2.2,4.2,3.91,23408,257492,LOW
2022-09-07,2022,9,7,2,Wednesday,0,0,12,Dwadashi (Shukla),0,0,0,0,0,0,0,None,0,0,0,0,0,None,48000,2,4.0,1.5,3.5,3.71,19200,211200,LOW
2022-09-08,2022,9,8,3,Thursday,0,0,13,Trayodashi (Shukla),0,0,0,0,0,0,0,None,0,0,0,0,0,None,49411,3,4.5,1.6,3.5,3.74,19764,217408,LOW
2022-09-09,2022,9,9,4,Friday,0,0,14,Chaturdashi (Shukla),0,0,0,0,0,0,0,None,0,0,0,0,0,None,61105,12,8.9,2.4,4.9,3.96,24442,268862,LOW
2022-09-10,2022,9,10,5,Saturday,1,0,15,Pournami (Full Moon),0,1,0,0,0,0,0,None,0,0,0,0,0,None,82695,28,21.1,5.1,11.6,4.37,33078,363858,HIGH
2022-09-11,2022,9,11,6,Sunday,1,0,16,Pratipada (Krishna),0,0,0,0,0,0,0,None,0,0,0,0,0,None,70329,18,13.2,3.3,7.3,4.14,28131,309447,MODERATE
2022-09-12,2022,9,12,0,Monday,0,0,17,Dwitiya (Krishna),0,0,0,0,0,0,0,None,0,0,0,0,0,None,53655,6,6.0,1.9,3.5,3.82,21462,236082,LOW
2022-09-13,2022,9,13,1,Tuesday,0,0,18,Tritiya (Krishna),0,0,0,0,0,0,0,None,0,0,0,0,0,None,49344,3,4.5,1.6,3.5,3.74,19737,217113,LOW
2022-09-14,2022,9,14,2,Wednesday,0,0,19,Chaturthi (Krishna),0,0,0,0,0,0,0,None,0,0,0,0,0,None,48000,2,4.0,1.5,3.5,3.71,19200,211200,LOW
2022-09-15,2022,9,15,3,Thursday,0,0,20,Panchami (Krishna),0,0,0,0,0,0,0,None,0,0,0,0,0,None,49753,3,4.6,1.6,3.5,3.75,19901,218913,LOW
2022-09-16,2022,9,16,4,Friday,0,0,21,Shasthi (Krishna),0,0,0,0,0,0,0,None,0,0,0,0,0,None,63219,13,9.9,2.6,5.4,4.0,25287,278163,MODERATE
2022-09-17,2022,9,17,5,Saturday,1,0,22,Saptami (Krishna),0,0,0,1,1,0,0,None,0,0,0,0,0,None,87844,31,25.8,5.9,14.2,4.47,35137,386513,PEAK
2022-09-18,2022,9,18,6,Sunday,1,0,23,Ashtami (Krishna),0,0,0,1,0,0,0,None,0,0,0,0,0,None,81922,28,20.6,5.0,11.3,4.36,32768,360456,HIGH
2022-09-19,2022,9,19,0,Monday,0,0,24,Navami (Krishna),0,0,0,1,0,0,0,None,0,0,0,0,0,None,55406,7,6.6,2.0,3.6,3.85,22162,243786,LOW
2022-09-20,2022,9,20,1,Tuesday,0,0,25,Dashami (Krishna),0,0,0,1,0,0,0,None,0,0,0,0,0,None,49295,3,4.5,1.6,3.5,3.74,19718,216898,LOW
2022-09-21,2022,9,21,2,Wednesday,0,0,26,Ekadashi (Krishna),1,0,0,1,0,0,0,None,0,0,0,0,0,None,56989,9,7.1,2.1,3.9,3.88,22795,250751,LOW
2022-09-22,2022,9,22,3,Thursday,0,0,27,Dwadashi (Krishna),0,0,0,1,0,0,0,None,0,0,0,0,0,None,49673,3,4.6,1.6,3.5,3.74,19869,218561,LOW
2022-09-23,2022,9,23,4,Friday,0,0,28,Trayodashi (Krishna),0,0,0,1,0,0,0,None,0,0,0,0,0,None,71858,19,13.9,3.5,7.6,4.17,28743,316175,MODERATE
2022-09-24,2022,9,24,5,Saturday,1,0,29,Chaturdashi (Krishna),0,0,0,1,1,0,0,None,0,0,0,0,0,None,87959,31,26.0,5.9,14.3,4.47,35183,387019,PEAK
2022-09-25,2022,9,25,6,Sunday,1,0,30,Amavasya (New Moon),0,0,1,1,0,0,0,None,0,0,0,0,0,None,83542,29,21.7,5.3,11.9,4.39,33416,367584,HIGH
2022-09-26,2022,9,26,0,Monday,0,0,1,Pratipada (Shukla),0,0,0,1,0,0,0,None,0,0,0,0,0,None,56099,8,6.8,2.0,3.7,3.87,22439,246835,LOW
2022-09-27,2022,9,27,1,Tuesday,0,0,2,Dwitiya (Shukla),0,0,0,1,0,0,1,Salakatla Brahmotsavam (Day in Festival Window),0,0,0,0,0,None,70479,18,13.3,3.3,7.3,4.14,28191,310107,MODERATE
2022-09-28,2022,9,28,2,Wednesday,0,0,3,Tritiya (Shukla),0,0,0,1,0,0,1,Salakatla Brahmotsavam (Day in Festival Window),0,0,0,0,0,None,68826,17,12.5,3.2,6.9,4.11,27530,302834,MODERATE
2022-09-29,2022,9,29,3,Thursday,0,0,4,Chaturthi (Shukla),0,0,0,1,0,0,1,Salakatla Brahmotsavam (Day in Festival Window),0,0,0,0,0,None,73292,21,14.9,3.6,8.2,4.19,29316,322484,HIGH
2022-09-30,2022,9,30,4,Friday,0,0,5,Panchami (Shukla),0,0,0,1,0,0,1,Salakatla Brahmotsavam (Day in Festival Window),0,0,0,0,0,None,92866,31,30.9,6.6,17.0,4.56,37146,408610,PEAK
2022-10-01,2022,10,1,5,Saturday,1,0,6,Shasthi (Shukla),0,0,0,1,1,0,1,Salakatla Brahmotsavam (Garuda Seva Day!),0,0,0,0,0,None,98000,31,36.0,7.3,19.8,4.66,39200,431200,PEAK
2022-10-02,2022,10,2,6,Sunday,1,0,7,Saptami (Shukla),0,0,0,1,0,0,1,Salakatla Brahmotsavam (Day in Festival Window),0,0,0,1,1,Gandhi Jayanti,98000,31,36.0,7.3,19.8,4.66,39200,431200,PEAK
2022-10-03,2022,10,3,0,Monday,0,0,8,Ashtami (Shukla),0,0,0,1,0,0,1,Salakatla Brahmotsavam (Day in Festival Window),0,0,0,0,0,None,98000,31,36.0,7.3,19.8,4.66,39200,431200,PEAK
2022-10-04,2022,10,4,1,Tuesday,0,0,9,Navami (Shukla),0,0,0,1,0,0,1,Salakatla Brahmotsavam (Day in Festival Window),0,0,0,1,1,Maha Navami / Ayudha Puja,98000,31,36.0,7.3,19.8,4.66,39200,431200,PEAK
2022-10-05,2022,10,5,2,Wednesday,0,0,10,Dashami (Shukla),0,0,0,1,0,0,1,Salakatla Brahmotsavam (Day in Festival Window),0,0,0,1,1,Vijayadasami / Dussehra,98000,31,36.0,7.3,19.8,4.66,39200,431200,PEAK
2022-10-06,2022,10,6,3,Thursday,0,0,11,Ekadashi (Shukla),1,0,0,1,0,0,0,None,0,0,0,0,0,None,98000,31,36.0,7.3,19.8,4.66,39200,431200,PEAK
2022-10-07,2022,10,7,4,Friday,0,0,12,Dwadashi (Shukla),0,0,0,1,0,0,0,None,0,0,0,0,0,None,98000,31,36.0,7.3,19.8,4.66,39200,431200,PEAK
2022-10-08,2022,10,8,5,Saturday,1,0,13,Trayodashi (Shukla),0,0,0,1,1,0,0,None,0,0,0,0,0,None,98000,31,36.0,7.3,19.8,4.66,39200,431200,PEAK
2022-10-09,2022,10,9,6,Sunday,1,0,14,Chaturdashi (Shukla),0,0,0,1,0,0,0,None,0,0,0,0,0,None,98000,31,36.0,7.3,19.8,4.66,39200,431200,PEAK
2022-10-10,2022,10,10,0,Monday,0,0,15,Pournami (Full Moon),0,1,0,1,0,0,0,None,0,0,0,0,0,None,98000,31,36.0,7.3,19.8,4.66,39200,431200,PEAK
2022-10-11,2022,10,11,1,Tuesday,0,0,16,Pratipada (Krishna),0,0,0,1,0,0,0,None,0,0,0,0,0,None,98000,31,36.0,7.3,19.8,4.66,39200,431200,PEAK
2022-10-12,2022,10,12,2,Wednesday,0,0,17,Dwitiya (Krishna),0,0,0,1,0,0,0,None,0,0,0,0,0,None,98000,31,36.0,7.3,19.8,4.66,39200,431200,PEAK
2022-10-13,2022,10,13,3,Thursday,0,0,18,Tritiya (Krishna),0,0,0,1,0,0,0,None,0,0,0,0,0,None,98000,31,36.0,7.3,19.8,4.66,39200,431200,PEAK
2022-10-14,2022,10,14,4,Friday,0,0,19,Chaturthi (Krishna),0,0,0,1,0,0,0,None,0,0,0,0,0,None,98000,31,36.0,7.3,19.8,4.66,39200,431200,PEAK
2022-10-15,2022,10,15,5,Saturday,1,0,20,Panchami (Krishna),0,0,0,1,1,0,0,None,0,0,0,0,0,None,98000,31,36.0,7.3,19.8,4.66,39200,431200,PEAK
2022-10-16,2022,10,16,6,Sunday,1,0,21,Shasthi (Krishna),0,0,0,1,0,0,0,None,0,0,0,0,0,None,98000,31,36.0,7.3,19.8,4.66,39200,431200,PEAK
2022-10-17,2022,10,17,0,Monday,0,0,22,Saptami (Krishna),0,0,0,1,0,0,0,None,0,0,0,0,0,None,98000,31,36.0,7.3,19.8,4.66,39200,431200,PEAK
2022-10-18,2022,10,18,1,Tuesday,0,0,24,Navami (Krishna),0,0,0,0,0,0,0,None,0,0,0,0,0,None,93804,31,31.8,6.7,17.5,4.58,37521,412737,PEAK
2022-10-19,2022,10,19,2,Wednesday,0,0,25,Dashami (Krishna),0,0,0,0,0,0,0,None,0,0,0,0,0,None,63650,14,10.1,2.7,5.6,4.01,25460,280060,MODERATE
2022-10-20,2022,10,20,3,Thursday,0,0,26,Ekadashi (Krishna),1,0,0,0,0,0,0,None,0,0,0,0,0,None,57451,9,7.3,2.1,4.0,3.89,22980,252784,LOW
2022-10-21,2022,10,21,4,Friday,0,0,27,Dwadashi (Krishna),0,0,0,0,0,0,0,None,0,0,0,0,0,None,60476,11,8.6,2.3,4.7,3.95,24190,266094,LOW
2022-10-22,2022,10,22,5,Saturday,1,1,28,Trayodashi (Krishna),0,0,0,0,0,0,0,None,0,0,0,0,0,None,85306,31,23.3,5.5,12.8,4.42,34122,375346,PEAK
2022-10-23,2022,10,23,6,Sunday,1,1,29,Chaturdashi (Krishna),0,0,0,0,0,0,0,None,0,0,0,0,0,None,84408,31,22.4,5.4,12.3,4.4,33763,371395,PEAK
2022-10-24,2022,10,24,0,Monday,0,1,30,Amavasya (New Moon),0,0,1,0,0,0,0,Deepavali / Diwali,0,0,0,1,1,Deepavali,97978,31,36.0,7.3,19.8,4.66,39191,431103,PEAK
2022-10-25,2022,10,25,1,Tuesday,0,0,1,Pratipada (Shukla),0,0,0,0,0,0,0,None,1,0,0,0,0,None,53778,6,6.0,1.9,3.5,3.82,21511,236623,LOW
2022-10-26,2022,10,26,2,Wednesday,0,0,2,Dwitiya (Shukla),0,0,0,0,0,1,0,None,0,0,0,0,0,None,52932,5,5.7,1.8,3.5,3.81,21172,232900,LOW
2022-10-27,2022,10,27,3,Thursday,0,0,3,Tritiya (Shukla),0,0,0,0,0,1,0,None,0,0,0,0,0,None,55056,7,6.5,2.0,3.6,3.85,22022,242246,LOW
2022-10-28,2022,10,28,4,Friday,0,0,4,Chaturthi (Shukla),0,0,0,0,0,1,0,None,0,0,0,0,0,None,70627,19,13.4,3.4,7.4,4.14,28250,310758,MODERATE
2022-10-29,2022,10,29,5,Saturday,1,0,5,Panchami (Shukla),0,0,0,0,0,1,0,None,0,0,0,0,0,None,80131,26,19.4,4.7,10.7,4.32,32052,352576,HIGH
2022-10-30,2022,10,30,6,Sunday,1,0,6,Shasthi (Shukla),0,0,0,0,0,1,0,None,0,0,0,0,0,None,74143,21,15.4,3.7,8.5,4.21,29657,326229,HIGH
2022-10-31,2022,10,31,0,Monday,0,0,7,Saptami (Shukla),0,0,0,0,0,1,0,None,0,0,0,0,0,None,58068,10,7.5,2.2,4.1,3.9,23227,255499,LOW
2022-11-01,2022,11,1,1,Tuesday,0,0,8,Ashtami (Shukla),0,0,0,0,0,1,0,None,0,0,0,1,1,Kannada Rajyotsava / AP Formation Day,63094,13,9.9,2.6,5.4,4.0,25237,277613,MODERATE
2022-11-02,2022,11,2,2,Wednesday,0,0,9,Navami (Shukla),0,0,0,0,0,1,0,None,0,0,0,0,0,None,50867,4,5.0,1.7,3.5,3.77,20346,223814,LOW
2022-11-03,2022,11,3,3,Thursday,0,0,10,Dashami (Shukla),0,0,0,0,0,1,0,None,0,0,0,0,0,None,56491,8,7.0,2.1,3.9,3.87,22596,248560,LOW
2022-11-04,2022,11,4,4,Friday,0,0,11,Ekadashi (Shukla),1,0,0,0,0,1,0,None,0,0,0,0,0,None,80839,27,19.9,4.8,10.9,4.34,32335,355691,HIGH
2022-11-05,2022,11,5,5,Saturday,1,0,12,Dwadashi (Shukla),0,0,0,0,0,1,0,None,0,0,0,0,0,None,79758,26,19.2,4.6,10.6,4.32,31903,350935,HIGH
2022-11-06,2022,11,6,6,Sunday,1,0,13,Trayodashi (Shukla),0,0,0,0,0,1,0,None,0,0,0,0,0,None,73829,21,15.2,3.7,8.4,4.2,29531,324847,HIGH
2022-11-07,2022,11,7,0,Monday,0,0,14,Chaturdashi (Shukla),0,0,0,0,0,1,0,None,0,0,0,0,0,None,60242,11,8.5,2.3,4.7,3.94,24096,265064,LOW
2022-11-08,2022,11,8,1,Tuesday,0,0,15,Pournami (Full Moon),0,1,0,0,0,1,0,None,1,0,0,0,0,None,48000,2,4.0,1.5,3.5,3.71,19200,211200,LOW
2022-11-09,2022,11,9,2,Wednesday,0,0,16,Pratipada (Krishna),0,0,0,0,0,1,0,None,0,0,0,0,0,None,51383,4,5.2,1.7,3.5,3.78,20553,226085,LOW
2022-11-10,2022,11,10,3,Thursday,0,0,17,Dwitiya (Krishna),0,0,0,0,0,1,0,None,0,0,0,0,0,None,56320,8,6.9,2.1,3.8,3.87,22528,247808,LOW
2022-11-11,2022,11,11,4,Friday,0,0,18,Tritiya (Krishna),0,0,0,0,0,1,0,None,0,0,0,0,0,None,71195,19,13.6,3.4,7.5,4.15,28478,313258,MODERATE
2022-11-12,2022,11,12,5,Saturday,1,0,19,Chaturthi (Krishna),0,0,0,0,0,1,0,None,0,0,0,0,0,None,78386,25,18.3,4.4,10.1,4.29,31354,344898,HIGH
2022-11-13,2022,11,13,6,Sunday,1,0,20,Panchami (Krishna),0,0,0,0,0,1,0,None,0,0,0,0,0,None,73313,21,14.9,3.6,8.2,4.19,29325,322577,HIGH
2022-11-14,2022,11,14,0,Monday,0,0,21,Shasthi (Krishna),0,0,0,0,0,1,0,None,0,0,0,0,0,None,60107,11,8.5,2.3,4.7,3.94,24042,264470,LOW
2022-11-15,2022,11,15,1,Tuesday,0,0,22,Saptami (Krishna),0,0,0,0,0,1,0,None,0,0,0,0,0,None,52710,5,5.6,1.8,3.5,3.8,21084,231924,LOW
2022-11-16,2022,11,16,2,Wednesday,0,0,23,Ashtami (Krishna),0,0,0,0,0,1,0,None,0,0,0,0,0,None,54010,6,6.1,1.9,3.5,3.83,21604,237644,LOW
2022-11-17,2022,11,17,3,Thursday,0,0,24,Navami (Krishna),0,0,0,0,0,1,0,None,0,0,0,0,0,None,55818,8,6.7,2.0,3.7,3.86,22327,245599,LOW
2022-11-18,2022,11,18,4,Friday,0,0,25,Dashami (Krishna),0,0,0,0,0,1,0,None,0,0,0,0,0,None,72081,20,14.1,3.5,7.8,4.17,28832,317156,MODERATE
2022-11-19,2022,11,19,5,Saturday,1,0,26,Ekadashi (Krishna),1,0,0,0,0,1,0,None,0,0,0,0,0,None,88050,31,26.1,5.9,14.4,4.47,35220,387420,PEAK
2022-11-20,2022,11,20,6,Sunday,1,0,27,Dwadashi (Krishna),0,0,0,0,0,1,0,None,0,0,0,0,0,None,81877,28,20.6,5.0,11.3,4.36,32750,360258,HIGH
2022-11-21,2022,11,21,0,Monday,0,0,28,Trayodashi (Krishna),0,0,0,0,0,1,0,None,0,0,0,0,0,None,60802,12,8.8,2.4,4.8,3.96,24320,267528,LOW
2022-11-22,2022,11,22,1,Tuesday,0,0,29,Chaturdashi (Krishna),0,0,0,0,0,1,0,None,0,0,0,0,0,None,54134,6,6.1,1.9,3.5,3.83,21653,238189,LOW
2022-11-23,2022,11,23,2,Wednesday,0,0,30,Amavasya (New Moon),0,0,1,0,0,1,0,None,0,0,0,0,0,None,51373,4,5.2,1.7,3.5,3.78,20549,226041,LOW
2022-11-24,2022,11,24,3,Thursday,0,0,1,Pratipada (Shukla),0,0,0,0,0,1,0,None,0,0,0,0,0,None,54181,6,6.2,1.9,3.5,3.83,21672,238396,LOW
2022-11-25,2022,11,25,4,Friday,0,0,2,Dwitiya (Shukla),0,0,0,0,0,1,0,None,0,0,0,0,0,None,68196,17,12.2,3.1,6.7,4.1,27278,300062,MODERATE
2022-11-26,2022,11,26,5,Saturday,1,0,3,Tritiya (Shukla),0,0,0,0,0,1,0,None,0,0,0,0,0,None,79699,26,19.1,4.6,10.5,4.31,31879,350675,HIGH
2022-11-27,2022,11,27,6,Sunday,1,0,4,Chaturthi (Shukla),0,0,0,0,0,1,0,None,0,0,0,0,0,None,73798,21,15.2,3.7,8.4,4.2,29519,324711,HIGH
2022-11-28,2022,11,28,0,Monday,0,0,5,Panchami (Shukla),0,0,0,0,0,1,0,None,0,0,0,0,0,None,59453,11,8.2,2.3,4.5,3.93,23781,261593,LOW
2022-11-29,2022,11,29,1,Tuesday,0,0,6,Shasthi (Shukla),0,0,0,0,0,1,0,None,0,0,0,0,0,None,55066,7,6.5,2.0,3.6,3.85,22026,242290,LOW
2022-11-30,2022,11,30,2,Wednesday,0,0,7,Saptami (Shukla),0,0,0,0,0,1,0,None,0,0,0,0,0,None,52829,5,5.7,1.8,3.5,3.8,21131,232447,LOW
2022-12-01,2022,12,1,3,Thursday,0,0,8,Ashtami (Shukla),0,0,0,0,0,1,0,None,0,0,0,0,0,None,52852,5,5.7,1.8,3.5,3.8,21140,232548,LOW
2022-12-02,2022,12,2,4,Friday,0,0,9,Navami (Shukla),0,0,0,0,0,1,0,None,0,0,0,0,0,None,70195,18,13.2,3.3,7.3,4.13,28078,308858,MODERATE
2022-12-03,2022,12,3,5,Saturday,1,0,10,Dashami (Shukla),0,0,0,0,0,1,0,None,0,0,0,0,0,None,80064,26,19.4,4.7,10.7,4.32,32025,352281,HIGH
2022-12-04,2022,12,4,6,Sunday,1,0,11,Ekadashi (Shukla),1,0,0,0,0,1,0,None,0,0,0,0,0,None,84018,31,22.0,5.3,12.1,4.4,33607,369679,PEAK
2022-12-05,2022,12,5,0,Monday,0,0,12,Dwadashi (Shukla),0,0,0,0,0,1,0,None,0,0,0,0,0,None,65231,15,10.9,2.8,6.0,4.04,26092,287016,MODERATE
2022-12-06,2022,12,6,1,Tuesday,0,0,13,Trayodashi (Shukla),0,0,0,0,0,0,0,None,0,0,0,0,0,None,48000,2,4.0,1.5,3.5,3.71,19200,211200,LOW
2022-12-07,2022,12,7,2,Wednesday,0,0,14,Chaturdashi (Shukla),0,0,0,0,0,0,0,None,0,0,0,0,0,None,48000,2,4.0,1.5,3.5,3.71,19200,211200,LOW
2022-12-08,2022,12,8,3,Thursday,0,0,15,Pournami (Full Moon),0,1,0,0,0,0,0,None,0,0,0,0,0,None,55294,7,6.6,2.0,3.6,3.85,22117,243293,LOW
2022-12-09,2022,12,9,4,Friday,0,0,16,Pratipada (Krishna),0,0,0,0,0,0,0,None,0,0,0,0,0,None,61669,12,9.2,2.5,5.1,3.97,24667,271343,LOW
2022-12-10,2022,12,10,5,Saturday,1,0,17,Dwitiya (Krishna),0,0,0,0,0,0,0,None,0,0,0,0,0,None,72519,20,14.3,3.6,7.9,4.18,29007,319083,MODERATE
2022-12-11,2022,12,11,6,Sunday,1,0,18,Tritiya (Krishna),0,0,0,0,0,0,0,None,0,0,0,0,0,None,65342,15,10.9,2.8,6.0,4.04,26136,287504,MODERATE
2022-12-12,2022,12,12,0,Monday,0,0,19,Chaturthi (Krishna),0,0,0,0,0,0,0,None,0,0,0,0,0,None,54066,6,6.1,1.9,3.5,3.83,21626,237890,LOW
2022-12-13,2022,12,13,1,Tuesday,0,0,20,Panchami (Krishna),0,0,0,0,0,0,0,None,0,0,0,0,0,None,48000,2,4.0,1.5,3.5,3.71,19200,211200,LOW
2022-12-14,2022,12,14,2,Wednesday,0,0,21,Shasthi (Krishna),0,0,0,0,0,0,0,None,0,0,0,0,0,None,48000,2,4.0,1.5,3.5,3.71,19200,211200,LOW
2022-12-15,2022,12,15,3,Thursday,0,0,22,Saptami (Krishna),0,0,0,0,0,0,0,None,0,0,0,0,0,None,50268,3,4.8,1.7,3.5,3.76,20107,221179,LOW
2022-12-16,2022,12,16,4,Friday,0,0,23,Ashtami (Krishna),0,0,0,0,0,0,0,None,0,0,0,0,0,None,61637,12,9.2,2.5,5.1,3.97,24654,271202,LOW
2022-12-17,2022,12,17,5,Saturday,1,0,24,Navami (Krishna),0,0,0,0,0,0,0,None,0,0,0,0,0,None,73760,21,15.2,3.7,8.4,4.2,29504,324544,HIGH
2022-12-18,2022,12,18,6,Sunday,1,0,25,Dashami (Krishna),0,0,0,0,0,0,0,None,0,0,0,0,0,None,69543,18,12.9,3.3,7.1,4.12,27817,305989,MODERATE
2022-12-19,2022,12,19,0,Monday,0,0,26,Ekadashi (Krishna),1,0,0,0,0,0,0,None,0,0,0,0,0,None,63389,13,10.0,2.6,5.5,4.0,25355,278911,MODERATE
2022-12-20,2022,12,20,1,Tuesday,0,0,28,Trayodashi (Krishna),0,0,0,0,0,0,0,None,0,0,0,0,0,None,48000,2,4.0,1.5,3.5,3.71,19200,211200,LOW
2022-12-21,2022,12,21,2,Wednesday,0,0,29,Chaturdashi (Krishna),0,0,0,0,0,0,0,None,0,0,0,0,0,None,48163,2,4.1,1.5,3.5,3.72,19265,211917,LOW
2022-12-22,2022,12,22,3,Thursday,0,0,30,Amavasya (New Moon),0,0,1,0,0,0,0,None,0,0,0,0,0,None,48000,2,4.0,1.5,3.5,3.71,19200,211200,LOW
2022-12-23,2022,12,23,4,Friday,0,0,1,Pratipada (Shukla),0,0,0,0,0,0,0,None,0,0,0,0,0,None,62824,13,9.7,2.6,5.3,3.99,25129,276425,MODERATE
2022-12-24,2022,12,24,5,Saturday,1,0,2,Dwitiya (Shukla),0,0,0,0,0,0,0,None,0,0,0,0,0,None,73606,21,15.1,3.7,8.3,4.2,29442,323866,HIGH
2022-12-25,2022,12,25,6,Sunday,1,0,3,Tritiya (Shukla),0,0,0,0,0,0,0,None,0,0,0,1,1,Christmas,83549,29,21.7,5.3,11.9,4.39,33419,367615,HIGH
2022-12-26,2022,12,26,0,Monday,0,0,4,Chaturthi (Shukla),0,0,0,0,0,0,0,None,0,0,0,0,0,None,57816,9,7.4,2.2,4.1,3.9,23126,254390,LOW
2022-12-27,2022,12,27,1,Tuesday,0,0,5,Panchami (Shukla),0,0,0,0,0,0,0,None,0,0,0,0,0,None,48000,2,4.0,1.5,3.5,3.71,19200,211200,LOW
2022-12-28,2022,12,28,2,Wednesday,0,0,6,Shasthi (Shukla),0,0,0,0,0,0,0,None,0,0,0,0,0,None,48000,2,4.0,1.5,3.5,3.71,19200,211200,LOW
2022-12-29,2022,12,29,3,Thursday,0,0,7,Saptami (Shukla),0,0,0,0,0,0,0,None,0,0,0,0,0,None,50297,3,4.8,1.7,3.5,3.76,20118,221306,LOW
2022-12-30,2022,12,30,4,Friday,0,0,8,Ashtami (Shukla),0,0,0,0,0,0,0,None,0,0,0,0,0,None,64152,14,10.4,2.7,5.7,4.02,25660,282268,MODERATE
2022-12-31,2022,12,31,5,Saturday,1,0,9,Navami (Shukla),0,0,0,0,0,0,0,None,0,0,0,0,0,None,69427,18,12.8,3.2,7.0,4.12,27770,305478,MODERATE
2023-01-01,2023,1,1,6,Sunday,1,0,10,Dashami (Shukla),0,0,0,0,0,0,1,English New Year,0,0,0,1,1,New Year's Day,98000,31,36.0,7.3,19.8,4.66,39200,431200,PEAK
2023-01-02,2023,1,2,0,Monday,0,0,11,Ekadashi (Shukla),1,0,0,0,0,0,1,Vaikunta Ekadashi & Dwara Darshanam (Opening Day / Peak!),0,0,0,0,0,None,98000,31,36.0,7.3,19.8,4.66,39200,431200,PEAK
2023-01-03,2023,1,3,1,Tuesday,0,0,12,Dwadashi (Shukla),0,0,0,0,0,0,1,Vaikunta Ekadashi & Dwara Darshanam (Day in Festival Window),0,0,0,0,0,None,97110,31,35.1,7.2,19.3,4.65,38844,427284,PEAK
2023-01-04,2023,1,4,2,Wednesday,0,0,13,Trayodashi (Shukla),0,0,0,0,0,0,1,Vaikunta Ekadashi & Dwara Darshanam (Day in Festival Window),0,0,0,0,0,None,87134,31,25.1,5.8,13.8,4.46,34853,383389,PEAK
2023-01-05,2023,1,5,3,Thursday,0,0,14,Chaturdashi (Shukla),0,0,0,0,0,0,1,Vaikunta Ekadashi & Dwara Darshanam (Day in Festival Window),0,0,0,0,0,None,76803,24,17.2,4.1,9.5,4.26,30721,337933,HIGH
2023-01-06,2023,1,6,4,Friday,0,0,15,Pournami (Full Moon),0,1,0,0,0,0,1,Vaikunta Ekadashi & Dwara Darshanam (Day in Festival Window),0,0,0,0,0,None,98000,31,36.0,7.3,19.8,4.66,39200,431200,PEAK
2023-01-07,2023,1,7,5,Saturday,1,0,16,Pratipada (Krishna),0,0,0,0,0,0,1,Vaikunta Ekadashi & Dwara Darshanam (Day in Festival Window),0,0,0,0,0,None,98000,31,36.0,7.3,19.8,4.66,39200,431200,PEAK
2023-01-08,2023,1,8,6,Sunday,1,0,17,Dwitiya (Krishna),0,0,0,0,0,0,1,Vaikunta Ekadashi & Dwara Darshanam (Day in Festival Window),0,0,0,0,0,None,98000,31,36.0,7.3,19.8,4.66,39200,431200,PEAK
2023-01-09,2023,1,9,0,Monday,0,0,18,Tritiya (Krishna),0,0,0,0,0,0,1,Vaikunta Ekadashi & Dwara Darshanam (Day in Festival Window),0,0,0,0,0,None,98000,31,36.0,7.3,19.8,4.66,39200,431200,PEAK
2023-01-10,2023,1,10,1,Tuesday,0,0,19,Chaturthi (Krishna),0,0,0,0,0,0,1,Vaikunta Ekadashi & Dwara Darshanam (Day in Festival Window),0,0,0,0,0,None,98000,31,36.0,7.3,19.8,4.66,39200,431200,PEAK
2023-01-11,2023,1,11,2,Wednesday,0,0,20,Panchami (Krishna),0,0,0,0,0,0,1,Vaikunta Ekadashi & Dwara Darshanam (Day in Festival Window),0,0,0,0,0,None,98000,31,36.0,7.3,19.8,4.66,39200,431200,PEAK
2023-01-12,2023,1,12,3,Thursday,0,0,21,Shasthi (Krishna),0,0,0,0,0,0,0,None,0,0,0,0,0,None,82628,28,21.1,5.1,11.6,4.37,33051,363563,HIGH
2023-01-13,2023,1,13,4,Friday,0,0,22,Saptami (Krishna),0,0,0,0,0,0,0,None,0,0,0,0,0,None,80633,27,19.8,4.8,10.9,4.33,32253,354785,HIGH
2023-01-14,2023,1,14,5,Saturday,1,1,23,Ashtami (Krishna),0,0,0,0,0,0,1,Makara Sankranti / Pongal,0,0,0,1,1,Makara Sankranti / Pongal,98000,31,36.0,7.3,19.8,4.66,39200,431200,PEAK
2023-01-15,2023,1,15,6,Sunday,1,1,24,Navami (Krishna),0,0,0,0,0,0,1,Makara Sankranti / Pongal,0,0,0,1,1,Kanuma / Thiruvalluvar Day,98000,31,36.0,7.3,19.8,4.66,39200,431200,PEAK
2023-01-16,2023,1,16,0,Monday,0,1,25,Dashami (Krishna),0,0,0,0,0,0,1,Makara Sankranti / Pongal,0,0,0,1,1,Mukkanuma / Uzhavar Thirunal,98000,31,36.0,7.3,19.8,4.66,39200,431200,PEAK
2023-01-17,2023,1,17,1,Tuesday,0,0,26,Ekadashi (Krishna),1,0,0,0,0,0,0,None,0,0,0,0,0,None,98000,31,36.0,7.3,19.8,4.66,39200,431200,PEAK
2023-01-18,2023,1,18,2,Wednesday,0,0,27,Dwadashi (Krishna),0,0,0,0,0,0,0,None,0,0,0,0,0,None,98000,31,36.0,7.3,19.8,4.66,39200,431200,PEAK
2023-01-19,2023,1,19,3,Thursday,0,0,28,Trayodashi (Krishna),0,0,0,0,0,0,0,None,0,0,0,0,0,None,98000,31,36.0,7.3,19.8,4.66,39200,431200,PEAK
2023-01-20,2023,1,20,4,Friday,0,0,29,Chaturdashi (Krishna),0,0,0,0,0,0,0,None,0,0,0,0,0,None,98000,31,36.0,7.3,19.8,4.66,39200,431200,PEAK
2023-01-21,2023,1,21,5,Saturday,1,0,30,Amavasya (New Moon),0,0,1,0,0,0,0,None,0,0,0,0,0,None,98000,31,36.0,7.3,19.8,4.66,39200,431200,PEAK
2023-01-22,2023,1,22,6,Sunday,1,0,1,Pratipada (Shukla),0,0,0,0,0,0,0,None,0,0,0,0,0,None,98000,31,36.0,7.3,19.8,4.66,39200,431200,PEAK
2023-01-23,2023,1,23,0,Monday,0,0,2,Dwitiya (Shukla),0,0,0,0,0,0,0,None,0,0,0,0,0,None,95001,31,33.0,6.9,18.2,4.61,38000,418004,PEAK
2023-01-24,2023,1,24,1,Tuesday,0,0,3,Tritiya (Shukla),0,0,0,0,0,0,0,None,0,0,0,0,0,None,64815,14,10.7,2.8,5.9,4.03,25926,285186,MODERATE
2023-01-25,2023,1,25,2,Wednesday,0,0,4,Chaturthi (Shukla),0,0,0,0,0,0,0,None,0,0,0,0,0,None,48000,2,4.0,1.5,3.5,3.71,19200,211200,LOW
2023-01-26,2023,1,26,3,Thursday,0,0,5,Panchami (Shukla),0,0,0,0,0,0,0,None,0,0,0,1,1,Republic Day,64335,14,10.4,2.7,5.7,4.02,25734,283074,MODERATE
2023-01-27,2023,1,27,4,Friday,0,0,6,Shasthi (Shukla),0,0,0,0,0,0,0,None,0,0,0,0,0,None,60541,11,8.7,2.4,4.8,3.95,24216,266380,LOW
2023-01-28,2023,1,28,5,Saturday,1,0,7,Saptami (Shukla),0,0,0,0,0,0,1,Rathasapthami,0,0,0,0,0,None,93042,31,31.0,6.6,17.1,4.57,37216,409384,PEAK
2023-01-29,2023,1,29,6,Sunday,1,0,8,Ashtami (Shukla),0,0,0,0,0,0,0,None,0,0,0,0,0,None,78290,25,18.2,4.4,10.0,4.29,31316,344476,HIGH
2023-01-30,2023,1,30,0,Monday,0,0,9,Navami (Shukla),0,0,0,0,0,0,0,None,0,0,0,0,0,None,53206,6,5.8,1.8,3.5,3.81,21282,234106,LOW
2023-01-31,2023,1,31,1,Tuesday,0,0,10,Dashami (Shukla),0,0,0,0,0,0,0,None,0,0,0,0,0,None,48498,2,4.2,1.5,3.5,3.72,19399,213391,LOW
2023-02-01,2023,2,1,2,Wednesday,0,0,11,Ekadashi (Shukla),1,0,0,0,0,0,0,None,0,0,0,0,0,None,54281,7,6.2,1.9,3.5,3.83,21712,238836,LOW
2023-02-02,2023,2,2,3,Thursday,0,0,12,Dwadashi (Shukla),0,0,0,0,0,0,0,None,0,0,0,0,0,None,49984,3,4.7,1.6,3.5,3.75,19993,219929,LOW
2023-02-03,2023,2,3,4,Friday,0,0,13,Trayodashi (Shukla),0,0,0,0,0,0,0,None,0,0,0,0,0,None,64072,14,10.3,2.7,5.7,4.02,25628,281916,MODERATE
2023-02-04,2023,2,4,5,Saturday,1,0,14,Chaturdashi (Shukla),0,0,0,0,0,0,0,None,0,0,0,0,0,None,73144,20,14.8,3.6,8.1,4.19,29257,321833,HIGH
2023-02-05,2023,2,5,6,Sunday,1,0,15,Pournami (Full Moon),0,1,0,0,0,0,0,None,0,0,0,0,0,None,79747,26,19.2,4.6,10.6,4.32,31898,350886,HIGH
2023-02-06,2023,2,6,0,Monday,0,0,16,Pratipada (Krishna),0,0,0,0,0,0,0,None,0,0,0,0,0,None,51170,4,5.1,1.7,3.5,3.77,20468,225148,LOW
2023-02-07,2023,2,7,1,Tuesday,0,0,17,Dwitiya (Krishna),0,0,0,0,0,0,0,None,0,0,0,0,0,None,48163,2,4.1,1.5,3.5,3.72,19265,211917,LOW
2023-02-08,2023,2,8,2,Wednesday,0,0,18,Tritiya (Krishna),0,0,0,0,0,0,0,None,0,0,0,0,0,None,48000,2,4.0,1.5,3.5,3.71,19200,211200,LOW
2023-02-09,2023,2,9,3,Thursday,0,0,19,Chaturthi (Krishna),0,0,0,0,0,0,0,None,0,0,0,0,0,None,48000,2,4.0,1.5,3.5,3.71,19200,211200,LOW
2023-02-10,2023,2,10,4,Friday,0,0,20,Panchami (Krishna),0,0,0,0,0,0,0,None,0,0,0,0,0,None,61223,12,9.0,2.4,5.0,3.96,24489,269381,LOW
2023-02-11,2023,2,11,5,Saturday,1,0,21,Shasthi (Krishna),0,0,0,0,0,0,0,None,0,0,0,0,0,None,69843,18,13.0,3.3,7.2,4.13,27937,307309,MODERATE
2023-02-12,2023,2,12,6,Sunday,1,0,22,Saptami (Krishna),0,0,0,0,0,0,0,None,0,0,0,0,0,None,66208,15,11.3,2.9,6.2,4.06,26483,291315,MODERATE
2023-02-13,2023,2,13,0,Monday,0,0,23,Ashtami (Krishna),0,0,0,0,0,0,0,None,0,0,0,0,0,None,51800,5,5.3,1.8,3.5,3.78,20720,227920,LOW
2023-02-14,2023,2,14,1,Tuesday,0,0,24,Navami (Krishna),0,0,0,0,0,0,0,None,0,0,0,0,0,None,48484,2,4.2,1.5,3.5,3.72,19393,213329,LOW
2023-02-15,2023,2,15,2,Wednesday,0,0,25,Dashami (Krishna),0,0,0,0,0,0,0,None,0,1,0,0,0,None,48000,2,4.0,1.5,3.5,3.71,19200,211200,LOW
2023-02-16,2023,2,16,3,Thursday,0,0,26,Ekadashi (Krishna),1,0,0,0,0,0,0,None,0,1,0,0,0,None,48000,2,4.0,1.5,3.5,3.71,19200,211200,LOW
2023-02-17,2023,2,17,4,Friday,0,0,27,Dwadashi (Krishna),0,0,0,0,0,0,0,None,0,1,0,0,0,None,49301,3,4.5,1.6,3.5,3.74,19720,216924,LOW
2023-02-18,2023,2,18,5,Saturday,1,0,28,Trayodashi (Krishna),0,0,0,0,0,0,0,None,0,1,0,1,1,Maha Shivaratri,67850,17,12.1,3.1,6.7,4.09,27140,298540,MODERATE
2023-02-19,2023,2,19,6,Sunday,1,0,29,Chaturdashi (Krishna),0,0,0,0,0,0,0,None,0,1,0,0,0,None,53297,6,5.9,1.9,3.5,3.81,21318,234506,LOW
2023-02-20,2023,2,20,0,Monday,0,0,30,Amavasya (New Moon),0,0,1,0,0,0,0,None,0,1,0,0,0,None,48000,2,4.0,1.5,3.5,3.71,19200,211200,LOW
2023-02-21,2023,2,21,1,Tuesday,0,0,2,Dwitiya (Shukla),0,0,0,0,0,0,0,None,0,1,0,0,0,None,48000,2,4.0,1.5,3.5,3.71,19200,211200,LOW
2023-02-22,2023,2,22,2,Wednesday,0,0,3,Tritiya (Shukla),0,0,0,0,0,0,0,None,0,1,0,0,0,None,48000,2,4.0,1.5,3.5,3.71,19200,211200,LOW
2023-02-23,2023,2,23,3,Thursday,0,0,4,Chaturthi (Shukla),0,0,0,0,0,0,0,None,0,1,0,0,0,None,48000,2,4.0,1.5,3.5,3.71,19200,211200,LOW
2023-02-24,2023,2,24,4,Friday,0,0,5,Panchami (Shukla),0,0,0,0,0,0,0,None,0,1,0,0,0,None,48071,2,4.0,1.5,3.5,3.71,19228,211512,LOW
2023-02-25,2023,2,25,5,Saturday,1,0,6,Shasthi (Shukla),0,0,0,0,0,0,0,None,0,1,0,0,0,None,55609,8,6.7,2.0,3.7,3.86,22243,244679,LOW
2023-02-26,2023,2,26,6,Sunday,1,0,7,Saptami (Shukla),0,0,0,0,0,0,0,None,0,1,0,0,0,None,54314,7,6.2,1.9,3.5,3.83,21725,238981,LOW
2023-02-27,2023,2,27,0,Monday,0,0,8,Ashtami (Shukla),0,0,0,0,0,0,0,None,0,1,0,0,0,None,48000,2,4.0,1.5,3.5,3.71,19200,211200,LOW
2023-02-28,2023,2,28,1,Tuesday,0,0,9,Navami (Shukla),0,0,0,0,0,0,0,None,0,1,0,0,0,None,48000,2,4.0,1.5,3.5,3.71,19200,211200,LOW
2023-03-01,2023,3,1,2,Wednesday,0,0,10,Dashami (Shukla),0,0,0,0,0,0,0,None,0,1,0,0,0,None,48000,2,4.0,1.5,3.5,3.71,19200,211200,LOW
2023-03-02,2023,3,2,3,Thursday,0,0,11,Ekadashi (Shukla),1,0,0,0,0,0,0,None,0,1,0,0,0,None,48000,2,4.0,1.5,3.5,3.71,19200,211200,LOW
2023-03-03,2023,3,3,4,Friday,0,0,12,Dwadashi (Shukla),0,0,0,0,0,0,0,None,0,1,0,0,0,None,48000,2,4.0,1.5,3.5,3.71,19200,211200,LOW
2023-03-04,2023,3,4,5,Saturday,1,0,13,Trayodashi (Shukla),0,0,0,0,0,0,0,None,0,1,0,0,0,None,56108,8,6.8,2.0,3.7,3.87,22443,246875,LOW
2023-03-05,2023,3,5,6,Sunday,1,0,14,Chaturdashi (Shukla),0,0,0,0,0,0,0,None,0,1,0,0,0,None,51466,4,5.2,1.7,3.5,3.78,20586,226450,LOW
2023-03-06,2023,3,6,0,Monday,0,0,15,Pournami (Full Moon),0,1,0,0,0,0,0,None,0,1,0,0,0,None,48000,2,4.0,1.5,3.5,3.71,19200,211200,LOW
2023-03-07,2023,3,7,1,Tuesday,0,0,16,Pratipada (Krishna),0,0,0,0,0,0,0,None,0,1,0,0,0,None,48000,2,4.0,1.5,3.5,3.71,19200,211200,LOW
2023-03-08,2023,3,8,2,Wednesday,0,0,17,Dwitiya (Krishna),0,0,0,0,0,0,0,None,0,1,0,1,1,Holi,48000,2,4.0,1.5,3.5,3.71,19200,211200,LOW
2023-03-09,2023,3,9,3,Thursday,0,0,18,Tritiya (Krishna),0,0,0,0,0,0,0,None,0,1,0,0,0,None,48000,2,4.0,1.5,3.5,3.71,19200,211200,LOW
2023-03-10,2023,3,10,4,Friday,0,0,19,Chaturthi (Krishna),0,0,0,0,0,0,0,None,0,1,0,0,0,None,48111,2,4.0,1.5,3.5,3.71,19244,211688,LOW
2023-03-11,2023,3,11,5,Saturday,1,0,20,Panchami (Krishna),0,0,0,0,0,0,0,None,0,1,0,0,0,None,55817,8,6.7,2.0,3.7,3.86,22326,245594,LOW
2023-03-12,2023,3,12,6,Sunday,1,0,21,Shasthi (Krishna),0,0,0,0,0,0,0,None,0,1,0,0,0,None,52527,5,5.6,1.8,3.5,3.8,21010,231118,LOW
2023-03-13,2023,3,13,0,Monday,0,0,22,Saptami (Krishna),0,0,0,0,0,0,0,None,0,1,0,0,0,None,48000,2,4.0,1.5,3.5,3.71,19200,211200,LOW
2023-03-14,2023,3,14,1,Tuesday,0,0,23,Ashtami (Krishna),0,0,0,0,0,0,0,None,0,1,0,0,0,None,48000,2,4.0,1.5,3.5,3.71,19200,211200,LOW
2023-03-15,2023,3,15,2,Wednesday,0,0,24,Navami (Krishna),0,0,0,0,0,0,0,None,0,1,0,0,0,None,48000,2,4.0,1.5,3.5,3.71,19200,211200,LOW
2023-03-16,2023,3,16,3,Thursday,0,0,25,Dashami (Krishna),0,0,0,0,0,0,0,None,0,1,0,0,0,None,48000,2,4.0,1.5,3.5,3.71,19200,211200,LOW
2023-03-17,2023,3,17,4,Friday,0,0,26,Ekadashi (Krishna),1,0,0,0,0,0,0,None,0,1,0,0,0,None,59310,10,8.1,2.3,4.5,3.93,23724,260964,LOW
2023-03-18,2023,3,18,5,Saturday,1,0,27,Dwadashi (Krishna),0,0,0,0,0,0,0,None,0,1,0,0,0,None,57258,9,7.2,2.1,4.0,3.89,22903,251935,LOW
2023-03-19,2023,3,19,6,Sunday,1,0,28,Trayodashi (Krishna),0,0,0,0,0,0,0,None,0,1,0,0,0,None,50888,4,5.0,1.7,3.5,3.77,20355,223907,LOW
2023-03-20,2023,3,20,0,Monday,0,0,29,Chaturdashi (Krishna),0,0,0,0,0,0,0,None,0,1,0,0,0,None,48000,2,4.0,1.5,3.5,3.71,19200,211200,LOW
2023-03-21,2023,3,21,1,Tuesday,0,0,30,Amavasya (New Moon),0,0,1,0,0,0,0,None,0,1,0,0,0,None,48000,2,4.0,1.5,3.5,3.71,19200,211200,LOW
2023-03-22,2023,3,22,2,Wednesday,0,0,1,Pratipada (Shukla),0,0,0,0,0,0,0,Ugadi (Telugu New Year),0,1,0,1,1,Ugadi,57697,9,7.4,2.1,4.1,3.9,23078,253866,LOW
2023-03-23,2023,3,23,3,Thursday,0,0,2,Dwitiya (Shukla),0,0,0,0,0,0,0,None,0,1,0,0,0,None,48000,2,4.0,1.5,3.5,3.71,19200,211200,LOW
2023-03-24,2023,3,24,4,Friday,0,0,3,Tritiya (Shukla),0,0,0,0,0,0,0,None,0,1,0,0,0,None,48000,2,4.0,1.5,3.5,3.71,19200,211200,LOW
2023-03-25,2023,3,25,5,Saturday,1,0,4,Chaturthi (Shukla),0,0,0,0,0,0,0,None,0,1,0,0,0,None,55810,8,6.7,2.0,3.7,3.86,22324,245564,LOW
2023-03-26,2023,3,26,6,Sunday,1,0,5,Panchami (Shukla),0,0,0,0,0,0,0,None,0,1,0,0,0,None,52673,5,5.6,1.8,3.5,3.8,21069,231761,LOW
2023-03-27,2023,3,27,0,Monday,0,0,6,Shasthi (Shukla),0,0,0,0,0,0,0,None,0,1,0,0,0,None,48000,2,4.0,1.5,3.5,3.71,19200,211200,LOW
2023-03-28,2023,3,28,1,Tuesday,0,0,7,Saptami (Shukla),0,0,0,0,0,0,0,None,0,1,0,0,0,None,48000,2,4.0,1.5,3.5,3.71,19200,211200,LOW
2023-03-29,2023,3,29,2,Wednesday,0,0,8,Ashtami (Shukla),0,0,0,0,0,0,0,None,0,1,0,0,0,None,48000,2,4.0,1.5,3.5,3.71,19200,211200,LOW
2023-03-30,2023,3,30,3,Thursday,0,0,9,Navami (Shukla),0,0,0,0,0,0,0,Sri Rama Navami,0,1,0,0,0,None,48000,2,4.0,1.5,3.5,3.71,19200,211200,LOW
2023-03-31,2023,3,31,4,Friday,0,0,10,Dashami (Shukla),0,0,0,0,0,0,0,None,0,1,0,0,0,None,48000,2,4.0,1.5,3.5,3.71,19200,211200,LOW
2023-04-01,2023,4,1,5,Saturday,1,0,11,Ekadashi (Shukla),1,0,0,0,0,0,0,None,0,1,0,0,0,None,65145,15,10.8,2.8,5.9,4.04,26058,286638,MODERATE
2023-04-02,2023,4,2,6,Sunday,1,0,12,Dwadashi (Shukla),0,0,0,0,0,0,0,None,0,1,0,0,0,None,53000,6,5.8,1.8,3.5,3.81,21200,233200,LOW
2023-04-03,2023,4,3,0,Monday,0,0,13,Trayodashi (Shukla),0,0,0,0,0,0,0,None,0,1,0,0,0,None,48000,2,4.0,1.5,3.5,3.71,19200,211200,LOW
2023-04-04,2023,4,4,1,Tuesday,0,0,14,Chaturdashi (Shukla),0,0,0,0,0,0,0,None,0,1,0,0,0,None,48000,2,4.0,1.5,3.5,3.71,19200,211200,LOW
2023-04-05,2023,4,5,2,Wednesday,0,0,15,Pournami (Full Moon),0,1,0,0,0,0,0,None,0,1,0,0,0,None,48000,2,4.0,1.5,3.5,3.71,19200,211200,LOW
2023-04-06,2023,4,6,3,Thursday,0,0,16,Pratipada (Krishna),0,0,0,0,0,0,0,None,0,1,0,0,0,None,48000,2,4.0,1.5,3.5,3.71,19200,211200,LOW
2023-04-07,2023,4,7,4,Friday,0,1,17,Dwitiya (Krishna),0,0,0,0,0,0,0,None,0,1,0,1,1,Good Friday,80711,27,19.8,4.8,10.9,4.33,32284,355128,HIGH
2023-04-08,2023,4,8,5,Saturday,1,1,18,Tritiya (Krishna),0,0,0,0,0,0,0,None,0,1,0,0,0,None,70371,18,13.2,3.3,7.3,4.14,28148,309632,MODERATE
2023-04-09,2023,4,9,6,Sunday,1,1,19,Chaturthi (Krishna),0,0,0,0,0,0,0,None,0,1,0,0,0,None,63483,13,10.0,2.6,5.5,4.01,25393,279325,MODERATE
2023-04-10,2023,4,10,0,Monday,0,0,20,Panchami (Krishna),0,0,0,0,0,0,0,None,0,1,0,0,0,None,48000,2,4.0,1.5,3.5,3.71,19200,211200,LOW
2023-04-11,2023,4,11,1,Tuesday,0,0,21,Shasthi (Krishna),0,0,0,0,0,0,0,None,0,0,0,0,0,None,48686,2,4.2,1.5,3.5,3.73,19474,214218,LOW
2023-04-12,2023,4,12,2,Wednesday,0,0,22,Saptami (Krishna),0,0,0,0,0,0,0,None,0,0,0,0,0,None,48000,2,4.0,1.5,3.5,3.71,19200,211200,LOW
2023-04-13,2023,4,13,3,Thursday,0,0,23,Ashtami (Krishna),0,0,0,0,0,0,0,None,0,0,0,0,0,None,48195,2,4.1,1.5,3.5,3.72,19278,212058,LOW
2023-04-14,2023,4,14,4,Friday,0,1,24,Navami (Krishna),0,0,0,0,0,0,0,None,0,0,0,1,1,Dr. B.R. Ambedkar Jayanti / Tamil New Year,92241,31,30.2,6.5,16.6,4.55,36896,405860,PEAK
2023-04-15,2023,4,15,5,Saturday,1,1,25,Dashami (Krishna),0,0,0,0,0,0,0,None,0,0,1,0,0,None,98000,31,36.0,7.3,19.8,4.66,39200,431200,PEAK
2023-04-16,2023,4,16,6,Sunday,1,1,26,Ekadashi (Krishna),1,0,0,0,0,0,0,None,0,0,1,0,0,None,98000,31,36.0,7.3,19.8,4.66,39200,431200,PEAK
2023-04-17,2023,4,17,0,Monday,0,0,27,Dwadashi (Krishna),0,0,0,0,0,0,0,None,0,0,1,0,0,None,98000,31,36.0,7.3,19.8,4.66,39200,431200,PEAK
2023-04-18,2023,4,18,1,Tuesday,0,0,28,Trayodashi (Krishna),0,0,0,0,0,0,0,None,0,0,1,0,0,None,95007,31,33.0,6.9,18.2,4.61,38002,418030,PEAK
2023-04-19,2023,4,19,2,Wednesday,0,0,29,Chaturdashi (Krishna),0,0,0,0,0,0,0,None,0,0,1,0,0,None,79094,25,18.7,4.5,10.3,4.3,31637,348013,HIGH
2023-04-20,2023,4,20,3,Thursday,0,0,30,Amavasya (New Moon),0,0,1,0,0,0,0,None,0,0,1,0,0,None,68203,17,12.2,3.1,6.7,4.1,27281,300093,MODERATE
2023-04-21,2023,4,21,4,Friday,0,0,1,Pratipada (Shukla),0,0,0,0,0,0,0,None,0,0,1,0,0,None,82927,29,21.3,5.1,11.7,4.38,33170,364878,HIGH
2023-04-22,2023,4,22,5,Saturday,1,0,2,Dwitiya (Shukla),0,0,0,0,0,0,0,None,0,0,1,1,1,Ramzan / Eid-ul-Fitr,98000,31,36.0,7.3,19.8,4.66,39200,431200,PEAK
2023-04-23,2023,4,23,6,Sunday,1,0,3,Tritiya (Shukla),0,0,0,0,0,0,0,None,0,0,1,0,0,None,98000,31,36.0,7.3,19.8,4.66,39200,431200,PEAK
2023-04-24,2023,4,24,0,Monday,0,0,4,Chaturthi (Shukla),0,0,0,0,0,0,0,None,0,0,1,0,0,None,87226,31,25.2,5.8,13.9,4.46,34890,383794,PEAK
2023-04-25,2023,4,25,1,Tuesday,0,0,6,Shasthi (Shukla),0,0,0,0,0,0,0,None,0,0,1,0,0,None,72760,20,14.5,3.6,8.0,4.18,29104,320144,MODERATE
2023-04-26,2023,4,26,2,Wednesday,0,0,7,Saptami (Shukla),0,0,0,0,0,0,0,None,0,0,1,0,0,None,64043,14,10.3,2.7,5.7,4.02,25617,281789,MODERATE
2023-04-27,2023,4,27,3,Thursday,0,0,8,Ashtami (Shukla),0,0,0,0,0,0,0,None,0,0,1,0,0,None,67005,16,11.7,3.0,6.4,4.07,26802,294822,MODERATE
2023-04-28,2023,4,28,4,Friday,0,0,9,Navami (Shukla),0,0,0,0,0,0,0,None,0,0,1,0,0,None,83059,29,21.4,5.2,11.8,4.38,33223,365459,HIGH
2023-04-29,2023,4,29,5,Saturday,1,1,10,Dashami (Shukla),0,0,0,0,0,0,0,None,0,0,1,0,0,None,98000,31,36.0,7.3,19.8,4.66,39200,431200,PEAK
2023-04-30,2023,4,30,6,Sunday,1,1,11,Ekadashi (Shukla),1,0,0,0,0,0,0,None,0,0,1,0,0,None,98000,31,36.0,7.3,19.8,4.66,39200,431200,PEAK
2023-05-01,2023,5,1,0,Monday,0,1,12,Dwadashi (Shukla),0,0,0,0,0,0,0,None,0,0,1,1,1,May Day / Labour Day,98000,31,36.0,7.3,19.8,4.66,39200,431200,PEAK
2023-05-02,2023,5,2,1,Tuesday,0,0,13,Trayodashi (Shukla),0,0,0,0,0,0,0,None,0,0,1,0,0,None,98000,31,36.0,7.3,19.8,4.66,39200,431200,PEAK
2023-05-03,2023,5,3,2,Wednesday,0,0,14,Chaturdashi (Shukla),0,0,0,0,0,0,0,None,0,0,1,0,0,None,98000,31,36.0,7.3,19.8,4.66,39200,431200,PEAK
2023-05-04,2023,5,4,3,Thursday,0,0,15,Pournami (Full Moon),0,1,0,0,0,0,0,None,0,0,1,0,0,None,91064,31,29.1,6.3,16.0,4.53,36425,400681,PEAK
2023-05-05,2023,5,5,4,Friday,0,0,16,Pratipada (Krishna),0,0,0,0,0,0,0,None,0,0,1,0,0,None,87436,31,25.4,5.8,14.0,4.46,34974,384718,PEAK
2023-05-06,2023,5,6,5,Saturday,1,0,17,Dwitiya (Krishna),0,0,0,0,0,0,0,None,0,0,1,0,0,None,92025,31,30.0,6.5,16.5,4.55,36810,404910,PEAK
2023-05-07,2023,5,7,6,Sunday,1,0,18,Tritiya (Krishna),0,0,0,0,0,0,0,None,0,0,1,0,0,None,92150,31,30.1,6.5,16.6,4.55,36860,405460,PEAK
2023-05-08,2023,5,8,0,Monday,0,0,19,Chaturthi (Krishna),0,0,0,0,0,0,0,None,0,0,1,0,0,None,82933,29,21.3,5.1,11.7,4.38,33173,364905,HIGH
2023-05-09,2023,5,9,1,Tuesday,0,0,20,Panchami (Krishna),0,0,0,0,0,0,0,None,0,0,1,0,0,None,68768,17,12.5,3.2,6.9,4.11,27507,302579,MODERATE
2023-05-10,2023,5,10,2,Wednesday,0,0,21,Shasthi (Krishna),0,0,0,0,0,0,0,None,0,0,1,0,0,None,61930,12,9.3,2.5,5.1,3.98,24772,272492,LOW
2023-05-11,2023,5,11,3,Thursday,0,0,22,Saptami (Krishna),0,0,0,0,0,0,0,None,0,0,1,0,0,None,63922,14,10.2,2.7,5.6,4.01,25568,281256,MODERATE
2023-05-12,2023,5,12,4,Friday,0,0,23,Ashtami (Krishna),0,0,0,0,0,0,0,None,0,0,1,0,0,None,81728,28,20.5,4.9,11.3,4.35,32691,359603,HIGH
2023-05-13,2023,5,13,5,Saturday,1,0,24,Navami (Krishna),0,0,0,0,0,0,0,None,0,0,1,0,0,None,88352,31,26.4,6.0,14.5,4.48,35340,388748,PEAK
2023-05-14,2023,5,14,6,Sunday,1,0,25,Dashami (Krishna),0,0,0,0,0,0,0,None,0,0,1,0,0,None,90348,31,28.3,6.2,15.6,4.52,36139,397531,PEAK
2023-05-15,2023,5,15,0,Monday,0,0,26,Ekadashi (Krishna),1,0,0,0,0,0,0,None,0,0,1,0,0,None,87414,31,25.4,5.8,14.0,4.46,34965,384621,PEAK
2023-05-16,2023,5,16,1,Tuesday,0,0,27,Dwadashi (Krishna),0,0,0,0,0,0,0,None,0,0,1,0,0,None,70909,19,13.5,3.4,7.4,4.15,28363,311999,MODERATE
2023-05-17,2023,5,17,2,Wednesday,0,0,28,Trayodashi (Krishna),0,0,0,0,0,0,0,None,0,0,1,0,0,None,60300,11,8.6,2.3,4.7,3.95,24120,265320,LOW
2023-05-18,2023,5,18,3,Thursday,0,0,29,Chaturdashi (Krishna),0,0,0,0,0,0,0,None,0,0,1,0,0,None,64551,14,10.5,2.8,5.8,4.03,25820,284024,MODERATE
2023-05-19,2023,5,19,4,Friday,0,0,30,Amavasya (New Moon),0,0,1,0,0,0,0,None,0,0,1,0,0,None,82139,28,20.8,5.0,11.4,4.36,32855,361411,HIGH
2023-05-20,2023,5,20,5,Saturday,1,0,1,Pratipada (Shukla),0,0,0,0,0,0,0,None,0,0,1,0,0,None,88633,31,26.6,6.0,14.6,4.48,35453,389985,PEAK
2023-05-21,2023,5,21,6,Sunday,1,0,2,Dwitiya (Shukla),0,0,0,0,0,0,0,None,0,0,1,0,0,None,89859,31,27.9,6.2,15.3,4.51,35943,395379,PEAK
2023-05-22,2023,5,22,0,Monday,0,0,3,Tritiya (Shukla),0,0,0,0,0,0,0,None,0,0,1,0,0,None,82402,28,20.9,5.1,11.5,4.37,32960,362568,HIGH
2023-05-23,2023,5,23,1,Tuesday,0,0,4,Chaturthi (Shukla),0,0,0,0,0,0,0,None,0,0,1,0,0,None,66038,15,11.2,2.9,6.2,4.05,26415,290567,MODERATE
2023-05-24,2023,5,24,2,Wednesday,0,0,5,Panchami (Shukla),0,0,0,0,0,0,0,None,0,0,1,0,0,None,61922,12,9.3,2.5,5.1,3.98,24768,272456,LOW
2023-05-25,2023,5,25,3,Thursday,0,0,6,Shasthi (Shukla),0,0,0,0,0,0,0,None,0,0,1,0,0,None,64432,14,10.5,2.7,5.8,4.02,25772,283500,MODERATE
2023-05-26,2023,5,26,4,Friday,0,0,7,Saptami (Shukla),0,0,0,0,0,0,0,None,0,0,1,0,0,None,82935,29,21.3,5.1,11.7,4.38,33174,364914,HIGH
2023-05-27,2023,5,27,5,Saturday,1,0,8,Ashtami (Shukla),0,0,0,0,0,0,0,None,0,0,1,0,0,None,89696,31,27.7,6.2,15.2,4.5,35878,394662,PEAK
2023-05-28,2023,5,28,6,Sunday,1,0,9,Navami (Shukla),0,0,0,0,0,0,0,None,0,0,1,0,0,None,89069,31,27.1,6.1,14.9,4.49,35627,391903,PEAK
2023-05-29,2023,5,29,0,Monday,0,0,10,Dashami (Shukla),0,0,0,0,0,0,0,None,0,0,1,0,0,None,81933,28,20.6,5.0,11.3,4.36,32773,360505,HIGH
2023-05-30,2023,5,30,1,Tuesday,0,0,11,Ekadashi (Shukla),1,0,0,0,0,0,0,None,0,0,1,0,0,None,79092,25,18.7,4.5,10.3,4.3,31636,348004,HIGH
2023-05-31,2023,5,31,2,Wednesday,0,0,12,Dwadashi (Shukla),0,0,0,0,0,0,0,None,0,0,1,0,0,None,64028,14,10.3,2.7,5.7,4.02,25611,281723,MODERATE
2023-06-01,2023,6,1,3,Thursday,0,0,13,Trayodashi (Shukla),0,0,0,0,0,0,0,None,0,0,1,0,0,None,67624,16,12.0,3.1,6.6,4.08,27049,297545,MODERATE
2023-06-02,2023,6,2,4,Friday,0,0,14,Chaturdashi (Shukla),0,0,0,0,0,0,0,None,0,0,1,0,0,None,80153,26,19.4,4.7,10.7,4.32,32061,352673,HIGH
2023-06-03,2023,6,3,5,Saturday,1,0,15,Pournami (Full Moon),0,1,0,0,0,0,0,None,0,0,1,0,0,None,93980,31,32.0,6.7,17.6,4.59,37592,413512,PEAK
2023-06-04,2023,6,4,6,Sunday,1,0,16,Pratipada (Krishna),0,0,0,0,0,0,0,None,0,0,1,0,0,None,91386,31,29.4,6.4,16.2,4.54,36554,402098,PEAK
2023-06-05,2023,6,5,0,Monday,0,0,17,Dwitiya (Krishna),0,0,0,0,0,0,0,None,0,0,1,0,0,None,81211,27,20.1,4.9,11.1,4.34,32484,357328,HIGH
2023-06-06,2023,6,6,1,Tuesday,0,0,18,Tritiya (Krishna),0,0,0,0,0,0,0,None,0,0,1,0,0,None,66379,15,11.4,2.9,6.3,4.06,26551,292067,MODERATE
2023-06-07,2023,6,7,2,Wednesday,0,0,19,Chaturthi (Krishna),0,0,0,0,0,0,0,None,0,0,1,0,0,None,63713,14,10.2,2.7,5.6,4.01,25485,280337,MODERATE
2023-06-08,2023,6,8,3,Thursday,0,0,20,Panchami (Krishna),0,0,0,0,0,0,0,None,0,0,1,0,0,None,63241,13,9.9,2.6,5.4,4.0,25296,278260,MODERATE
2023-06-09,2023,6,9,4,Friday,0,0,21,Shasthi (Krishna),0,0,0,0,0,0,0,None,0,0,1,0,0,None,82341,28,20.9,5.0,11.5,4.36,32936,362300,HIGH
2023-06-10,2023,6,10,5,Saturday,1,0,22,Saptami (Krishna),0,0,0,0,0,0,0,None,0,0,1,0,0,None,88252,31,26.3,6.0,14.5,4.48,35300,388308,PEAK
2023-06-11,2023,6,11,6,Sunday,1,0,23,Ashtami (Krishna),0,0,0,0,0,0,0,None,0,0,0,0,0,None,76395,23,16.9,4.0,9.3,4.25,30558,336138,HIGH
2023-06-12,2023,6,12,0,Monday,0,0,24,Navami (Krishna),0,0,0,0,0,0,0,None,0,0,0,0,0,None,51723,4,5.3,1.7,3.5,3.78,20689,227581,LOW
2023-06-13,2023,6,13,1,Tuesday,0,0,25,Dashami (Krishna),0,0,0,0,0,0,0,None,0,0,0,0,0,None,48902,2,4.3,1.6,3.5,3.73,19560,215168,LOW
2023-06-14,2023,6,14,2,Wednesday,0,0,26,Ekadashi (Krishna),1,0,0,0,0,0,0,None,0,0,0,0,0,None,53750,6,6.0,1.9,3.5,3.82,21500,236500,LOW
2023-06-15,2023,6,15,3,Thursday,0,0,27,Dwadashi (Krishna),0,0,0,0,0,0,0,None,0,0,0,0,0,None,48615,2,4.2,1.5,3.5,3.72,19446,213906,LOW
2023-06-16,2023,6,16,4,Friday,0,0,28,Trayodashi (Krishna),0,0,0,0,0,0,0,None,0,0,0,0,0,None,61053,12,8.9,2.4,4.9,3.96,24421,268633,LOW
2023-06-17,2023,6,17,5,Saturday,1,0,29,Chaturdashi (Krishna),0,0,0,0,0,0,0,None,0,0,0,0,0,None,73080,20,14.7,3.6,8.1,4.19,29232,321552,HIGH
2023-06-18,2023,6,18,6,Sunday,1,0,30,Amavasya (New Moon),0,0,1,0,0,0,0,None,0,0,0,0,0,None,68750,17,12.5,3.2,6.9,4.11,27500,302500,MODERATE
2023-06-19,2023,6,19,0,Monday,0,0,1,Pratipada (Shukla),0,0,0,0,0,0,0,None,0,0,0,0,0,None,52153,5,5.5,1.8,3.5,3.79,20861,229473,LOW
2023-06-20,2023,6,20,1,Tuesday,0,0,2,Dwitiya (Shukla),0,0,0,0,0,0,0,None,0,0,0,0,0,None,48000,2,4.0,1.5,3.5,3.71,19200,211200,LOW
2023-06-21,2023,6,21,2,Wednesday,0,0,3,Tritiya (Shukla),0,0,0,0,0,0,0,None,0,0,0,0,0,None,48000,2,4.0,1.5,3.5,3.71,19200,211200,LOW
2023-06-22,2023,6,22,3,Thursday,0,0,4,Chaturthi (Shukla),0,0,0,0,0,0,0,None,0,0,0,0,0,None,48000,2,4.0,1.5,3.5,3.71,19200,211200,LOW
2023-06-23,2023,6,23,4,Friday,0,0,5,Panchami (Shukla),0,0,0,0,0,0,0,None,0,0,0,0,0,None,61115,12,8.9,2.4,4.9,3.96,24446,268906,LOW
2023-06-24,2023,6,24,5,Saturday,1,0,6,Shasthi (Shukla),0,0,0,0,0,0,0,None,0,0,0,0,0,None,69245,18,12.7,3.2,7.0,4.12,27698,304678,MODERATE
2023-06-25,2023,6,25,6,Sunday,1,0,7,Saptami (Shukla),0,0,0,0,0,0,0,None,0,0,0,0,0,None,68365,17,12.3,3.1,6.8,4.1,27346,300806,MODERATE
2023-06-26,2023,6,26,0,Monday,0,0,8,Ashtami (Shukla),0,0,0,0,0,0,0,None,0,0,0,0,0,None,51739,4,5.3,1.7,3.5,3.78,20695,227651,LOW
2023-06-27,2023,6,27,1,Tuesday,0,0,10,Dashami (Shukla),0,0,0,0,0,0,0,None,0,0,0,0,0,None,48000,2,4.0,1.5,3.5,3.71,19200,211200,LOW
2023-06-28,2023,6,28,2,Wednesday,0,0,11,Ekadashi (Shukla),1,0,0,0,0,0,0,None,0,0,0,0,0,None,53770,6,6.0,1.9,3.5,3.82,21508,236588,LOW
2023-06-29,2023,6,29,3,Thursday,0,0,12,Dwadashi (Shukla),0,0,0,0,0,0,0,None,0,0,0,1,1,Bakrid,67964,17,12.1,3.1,6.7,4.09,27185,299041,MODERATE
2023-06-30,2023,6,30,4,Friday,0,0,13,Trayodashi (Shukla),0,0,0,0,0,0,0,None,0,0,0,0,0,None,63986,14,10.3,2.7,5.7,4.02,25594,281538,MODERATE
2023-07-01,2023,7,1,5,Saturday,1,0,14,Chaturdashi (Shukla),0,0,0,0,0,0,0,None,0,0,0,0,0,None,73626,21,15.1,3.7,8.3,4.2,29450,323954,HIGH
2023-07-02,2023,7,2,6,Sunday,1,0,15,Pournami (Full Moon),0,1,0,0,0,0,0,None,0,0,0,0,0,None,80093,26,19.4,4.7,10.7,4.32,32037,352409,HIGH
2023-07-03,2023,7,3,0,Monday,0,0,16,Pratipada (Krishna),0,0,0,0,0,0,0,None,0,0,0,0,0,None,52970,5,5.7,1.8,3.5,3.81,21188,233068,LOW
2023-07-04,2023,7,4,1,Tuesday,0,0,17,Dwitiya (Krishna),0,0,0,0,0,0,0,None,0,0,0,0,0,None,48000,2,4.0,1.5,3.5,3.71,19200,211200,LOW
2023-07-05,2023,7,5,2,Wednesday,0,0,18,Tritiya (Krishna),0,0,0,0,0,0,0,None,0,0,0,0,0,None,48194,2,4.1,1.5,3.5,3.72,19277,212053,LOW
2023-07-06,2023,7,6,3,Thursday,0,0,19,Chaturthi (Krishna),0,0,0,0,0,0,0,None,0,0,0,0,0,None,50316,3,4.8,1.7,3.5,3.76,20126,221390,LOW
2023-07-07,2023,7,7,4,Friday,0,0,20,Panchami (Krishna),0,0,0,0,0,0,0,None,0,0,0,0,0,None,62951,13,9.8,2.6,5.4,4.0,25180,276984,MODERATE
2023-07-08,2023,7,8,5,Saturday,1,0,21,Shasthi (Krishna),0,0,0,0,0,0,0,None,0,0,0,0,0,None,72909,20,14.6,3.6,8.0,4.19,29163,320799,MODERATE
2023-07-09,2023,7,9,6,Sunday,1,0,22,Saptami (Krishna),0,0,0,0,0,0,0,None,0,0,0,0,0,None,66521,16,11.5,3.0,6.3,4.06,26608,292692,MODERATE
2023-07-10,2023,7,10,0,Monday,0,0,23,Ashtami (Krishna),0,0,0,0,0,0,0,None,0,0,0,0,0,None,52565,5,5.6,1.8,3.5,3.8,21026,231286,LOW
2023-07-11,2023,7,11,1,Tuesday,0,0,24,Navami (Krishna),0,0,0,0,0,0,0,None,0,0,0,0,0,None,48000,2,4.0,1.5,3.5,3.71,19200,211200,LOW
2023-07-12,2023,7,12,2,Wednesday,0,0,25,Dashami (Krishna),0,0,0,0,0,0,0,None,0,0,0,0,0,None,48000,2,4.0,1.5,3.5,3.71,19200,211200,LOW
2023-07-13,2023,7,13,3,Thursday,0,0,26,Ekadashi (Krishna),1,0,0,0,0,0,0,None,0,0,0,0,0,None,59507,11,8.2,2.3,4.5,3.93,23802,261830,LOW
2023-07-14,2023,7,14,4,Friday,0,0,27,Dwadashi (Krishna),0,0,0,0,0,0,0,None,0,0,0,0,0,None,61968,12,9.3,2.5,5.1,3.98,24787,272659,LOW
2023-07-15,2023,7,15,5,Saturday,1,0,28,Trayodashi (Krishna),0,0,0,0,0,0,0,None,0,0,0,0,0,None,73272,21,14.8,3.6,8.1,4.19,29308,322396,HIGH
2023-07-16,2023,7,16,6,Sunday,1,0,29,Chaturdashi (Krishna),0,0,0,0,0,0,0,None,0,0,0,0,0,None,66423,16,11.4,2.9,6.3,4.06,26569,292261,MODERATE
2023-07-17,2023,7,17,0,Monday,0,0,30,Amavasya (New Moon),0,0,1,0,0,0,0,None,0,0,0,0,0,None,53798,6,6.0,1.9,3.5,3.82,21519,236711,LOW
2023-07-18,2023,7,18,1,Tuesday,0,0,1,Pratipada (Shukla),0,0,0,0,0,0,0,None,0,0,0,0,0,None,48682,2,4.2,1.5,3.5,3.72,19472,214200,LOW
2023-07-19,2023,7,19,2,Wednesday,0,0,2,Dwitiya (Shukla),0,0,0,0,0,0,0,None,0,0,0,0,0,None,48000,2,4.0,1.5,3.5,3.71,19200,211200,LOW
2023-07-20,2023,7,20,3,Thursday,0,0,3,Tritiya (Shukla),0,0,0,0,0,0,0,None,0,0,0,0,0,None,48842,2,4.3,1.6,3.5,3.73,19536,214904,LOW
2023-07-21,2023,7,21,4,Friday,0,0,4,Chaturthi (Shukla),0,0,0,0,0,0,0,None,0,0,0,0,0,None,64423,14,10.5,2.7,5.8,4.02,25769,283461,MODERATE
2023-07-22,2023,7,22,5,Saturday,1,0,5,Panchami (Shukla),0,0,0,0,0,0,0,None,0,0,0,0,0,None,71606,19,13.8,3.5,7.6,4.16,28642,315066,MODERATE
2023-07-23,2023,7,23,6,Sunday,1,0,6,Shasthi (Shukla),0,0,0,0,0,0,0,None,0,0,0,0,0,None,65524,15,11.0,2.9,6.1,4.04,26209,288305,MODERATE
2023-07-24,2023,7,24,0,Monday,0,0,7,Saptami (Shukla),0,0,0,0,0,0,0,None,0,0,0,0,0,None,51831,5,5.3,1.8,3.5,3.78,20732,228056,LOW
2023-07-25,2023,7,25,1,Tuesday,0,0,8,Ashtami (Shukla),0,0,0,0,0,0,0,None,0,0,0,0,0,None,48000,2,4.0,1.5,3.5,3.71,19200,211200,LOW
2023-07-26,2023,7,26,2,Wednesday,0,0,9,Navami (Shukla),0,0,0,0,0,0,0,None,0,0,0,0,0,None,48000,2,4.0,1.5,3.5,3.71,19200,211200,LOW
2023-07-27,2023,7,27,3,Thursday,0,0,10,Dashami (Shukla),0,0,0,0,0,0,0,None,0,0,0,0,0,None,50241,3,4.8,1.6,3.5,3.75,20096,221060,LOW
2023-07-28,2023,7,28,4,Friday,0,0,11,Ekadashi (Shukla),1,0,0,0,0,0,0,None,0,0,0,0,0,None,76589,23,17.1,4.1,9.4,4.26,30635,336991,HIGH
2023-07-29,2023,7,29,5,Saturday,1,0,12,Dwadashi (Shukla),0,0,0,0,0,0,0,None,0,0,0,1,1,Muharram,85780,31,23.8,5.6,13.1,4.43,34312,377432,PEAK
2023-07-30,2023,7,30,6,Sunday,1,0,13,Trayodashi (Shukla),0,0,0,0,0,0,0,None,0,0,0,0,0,None,76022,23,16.7,4.0,9.2,4.24,30408,334496,HIGH
2023-07-31,2023,7,31,0,Monday,0,0,14,Chaturdashi (Shukla),0,0,0,0,0,0,0,None,0,0,0,0,0,None,51609,4,5.3,1.7,3.5,3.78,20643,227079,LOW
2023-08-01,2023,8,1,1,Tuesday,0,0,15,Pournami (Full Moon),0,1,0,0,0,0,0,None,0,0,0,0,0,None,55034,7,6.5,2.0,3.6,3.85,22013,242149,LOW
2023-08-02,2023,8,2,2,Wednesday,0,0,16,Pratipada (Krishna),0,0,0,0,0,0,0,None,0,0,0,0,0,None,48000,2,4.0,1.5,3.5,3.71,19200,211200,LOW
2023-08-03,2023,8,3,3,Thursday,0,0,17,Dwitiya (Krishna),0,0,0,0,0,0,0,None,0,0,0,0,0,None,49000,2,4.3,1.6,3.5,3.73,19600,215600,LOW
2023-08-04,2023,8,4,4,Friday,0,0,18,Tritiya (Krishna),0,0,0,0,0,0,0,None,0,0,0,0,0,None,63956,14,10.3,2.7,5.7,4.02,25582,281406,MODERATE
2023-08-05,2023,8,5,5,Saturday,1,0,19,Chaturthi (Krishna),0,0,0,0,0,0,0,None,0,0,0,0,0,None,69501,18,12.8,3.3,7.0,4.12,27800,305804,MODERATE
2023-08-06,2023,8,6,6,Sunday,1,0,20,Panchami (Krishna),0,0,0,0,0,0,0,None,0,0,0,0,0,None,68913,17,12.6,3.2,6.9,4.11,27565,303217,MODERATE
2023-08-07,2023,8,7,0,Monday,0,0,21,Shasthi (Krishna),0,0,0,0,0,0,0,None,0,0,0,0,0,None,53869,6,6.1,1.9,3.5,3.82,21547,237023,LOW
2023-08-08,2023,8,8,1,Tuesday,0,0,22,Saptami (Krishna),0,0,0,0,0,0,0,None,0,0,0,0,0,None,48000,2,4.0,1.5,3.5,3.71,19200,211200,LOW
2023-08-09,2023,8,9,2,Wednesday,0,0,23,Ashtami (Krishna),0,0,0,0,0,0,0,None,0,0,0,0,0,None,48000,2,4.0,1.5,3.5,3.71,19200,211200,LOW
2023-08-10,2023,8,10,3,Thursday,0,0,24,Navami (Krishna),0,0,0,0,0,0,0,None,0,0,0,0,0,None,50036,3,4.7,1.6,3.5,3.75,20014,220158,LOW
2023-08-11,2023,8,11,4,Friday,0,0,25,Dashami (Krishna),0,0,0,0,0,0,0,None,0,0,0,0,0,None,61270,12,9.0,2.4,5.0,3.96,24508,269588,LOW
2023-08-12,2023,8,12,5,Saturday,1,0,26,Ekadashi (Krishna),1,0,0,0,0,0,0,None,0,0,0,0,0,None,83788,29,21.9,5.3,12.0,4.39,33515,368667,HIGH
2023-08-13,2023,8,13,6,Sunday,1,0,27,Dwadashi (Krishna),0,0,0,0,0,0,0,None,0,0,0,0,0,None,69757,18,13.0,3.3,7.2,4.13,27902,306930,MODERATE
2023-08-14,2023,8,14,0,Monday,0,0,28,Trayodashi (Krishna),0,0,0,0,0,0,0,None,0,0,0,0,0,None,54770,7,6.4,2.0,3.5,3.84,21908,240988,LOW
2023-08-15,2023,8,15,1,Tuesday,0,0,29,Chaturdashi (Krishna),0,0,0,0,0,0,0,None,0,0,0,1,1,Independence Day,66523,16,11.5,3.0,6.3,4.06,26609,292701,MODERATE
2023-08-16,2023,8,16,2,Wednesday,0,0,30,Amavasya (New Moon),0,0,1,0,0,0,0,None,0,0,0,0,0,None,48000,2,4.0,1.5,3.5,3.71,19200,211200,LOW
2023-08-17,2023,8,17,3,Thursday,0,0,1,Pratipada (Shukla),0,0,0,0,0,0,0,None,0,0,0,0,0,None,50542,4,4.9,1.7,3.5,3.76,20216,222384,LOW
2023-08-18,2023,8,18,4,Friday,0,0,2,Dwitiya (Shukla),0,0,0,0,0,0,0,None,0,0,0,0,0,None,61995,12,9.4,2.5,5.2,3.98,24798,272778,LOW
2023-08-19,2023,8,19,5,Saturday,1,0,3,Tritiya (Shukla),0,0,0,0,0,0,0,None,0,0,0,0,0,None,69812,18,13.0,3.3,7.2,4.13,27924,307172,MODERATE
2023-08-20,2023,8,20,6,Sunday,1,0,4,Chaturthi (Shukla),0,0,0,0,0,0,0,None,0,0,0,0,0,None,68063,17,12.2,3.1,6.7,4.09,27225,299477,MODERATE
2023-08-21,2023,8,21,0,Monday,0,0,5,Panchami (Shukla),0,0,0,0,0,0,0,None,0,0,0,0,0,None,51669,4,5.3,1.7,3.5,3.78,20667,227343,LOW
2023-08-22,2023,8,22,1,Tuesday,0,0,6,Shasthi (Shukla),0,0,0,0,0,0,0,None,0,0,0,0,0,None,49098,2,4.4,1.6,3.5,3.73,19639,216031,LOW
2023-08-23,2023,8,23,2,Wednesday,0,0,7,Saptami (Shukla),0,0,0,0,0,0,0,None,0,0,0,0,0,None,48000,2,4.0,1.5,3.5,3.71,19200,211200,LOW
2023-08-24,2023,8,24,3,Thursday,0,0,8,Ashtami (Shukla),0,0,0,0,0,0,0,None,0,0,0,0,0,None,49671,3,4.6,1.6,3.5,3.74,19868,218552,LOW
2023-08-25,2023,8,25,4,Friday,0,0,9,Navami (Shukla),0,0,0,0,0,0,0,Varalakshmi Vratam,0,0,0,0,0,None,77191,24,17.5,4.2,9.6,4.27,30876,339640,HIGH
2023-08-26,2023,8,26,5,Saturday,1,0,10,Dashami (Shukla),0,0,0,0,0,0,0,None,0,0,0,0,0,None,71471,19,13.8,3.4,7.6,4.16,28588,314472,MODERATE
2023-08-27,2023,8,27,6,Sunday,1,0,11,Ekadashi (Shukla),1,0,0,0,0,0,0,None,0,0,0,0,0,None,79929,26,19.3,4.6,10.6,4.32,31971,351687,HIGH
2023-08-28,2023,8,28,0,Monday,0,0,12,Dwadashi (Shukla),0,0,0,0,0,0,0,None,0,0,0,0,0,None,52069,5,5.4,1.8,3.5,3.79,20827,229103,LOW
2023-08-29,2023,8,29,1,Tuesday,0,0,14,Chaturdashi (Shukla),0,0,0,0,0,0,0,None,0,0,0,0,0,None,48000,2,4.0,1.5,3.5,3.71,19200,211200,LOW
2023-08-30,2023,8,30,2,Wednesday,0,0,15,Pournami (Full Moon),0,1,0,0,0,0,0,None,0,0,0,0,0,None,54787,7,6.4,2.0,3.5,3.84,21914,241062,LOW
2023-08-31,2023,8,31,3,Thursday,0,0,16,Pratipada (Krishna),0,0,0,0,0,0,0,None,0,0,0,0,0,None,48000,2,4.0,1.5,3.5,3.71,19200,211200,LOW
2023-09-01,2023,9,1,4,Friday,0,0,17,Dwitiya (Krishna),0,0,0,0,0,0,0,None,0,0,0,0,0,None,64491,14,10.5,2.7,5.8,4.03,25796,283760,MODERATE
2023-09-02,2023,9,2,5,Saturday,1,0,18,Tritiya (Krishna),0,0,0,0,0,0,0,None,0,0,0,0,0,None,71106,19,13.6,3.4,7.5,4.15,28442,312866,MODERATE
2023-09-03,2023,9,3,6,Sunday,1,0,19,Chaturthi (Krishna),0,0,0,0,0,0,0,None,0,0,0,0,0,None,69334,18,12.8,3.2,7.0,4.12,27733,305069,MODERATE
2023-09-04,2023,9,4,0,Monday,0,0,20,Panchami (Krishna),0,0,0,0,0,0,0,None,0,0,0,0,0,None,54674,7,6.3,1.9,3.5,3.84,21869,240565,LOW
2023-09-05,2023,9,5,1,Tuesday,0,0,21,Shasthi (Krishna),0,0,0,0,0,0,0,None,0,0,0,0,0,None,48000,2,4.0,1.5,3.5,3.71,19200,211200,LOW
2023-09-06,2023,9,6,2,Wednesday,0,0,22,Saptami (Krishna),0,0,0,0,0,0,0,None,0,0,0,0,0,None,48000,2,4.0,1.5,3.5,3.71,19200,211200,LOW
2023-09-07,2023,9,7,3,Thursday,0,0,23,Ashtami (Krishna),0,0,0,0,0,0,0,None,0,0,0,0,0,None,48843,2,4.3,1.6,3.5,3.73,19537,214909,LOW
2023-09-08,2023,9,8,4,Friday,0,0,24,Navami (Krishna),0,0,0,0,0,0,0,None,0,0,0,0,0,None,60715,11,8.8,2.4,4.8,3.95,24286,267146,LOW
2023-09-09,2023,9,9,5,Saturday,1,0,25,Dashami (Krishna),0,0,0,0,0,0,0,None,0,0,0,0,0,None,69260,18,12.7,3.2,7.0,4.12,27704,304744,MODERATE
2023-09-10,2023,9,10,6,Sunday,1,0,26,Ekadashi (Krishna),1,0,0,0,0,0,0,None,0,0,0,0,0,None,79449,26,19.0,4.6,10.5,4.31,31779,349575,HIGH
2023-09-11,2023,9,11,0,Monday,0,0,27,Dwadashi (Krishna),0,0,0,0,0,0,0,None,0,0,0,0,0,None,54760,7,6.4,2.0,3.5,3.84,21904,240944,LOW
2023-09-12,2023,9,12,1,Tuesday,0,0,28,Trayodashi (Krishna),0,0,0,0,0,0,0,None,0,0,0,0,0,None,48000,2,4.0,1.5,3.5,3.71,19200,211200,LOW
2023-09-13,2023,9,13,2,Wednesday,0,0,29,Chaturdashi (Krishna),0,0,0,0,0,0,0,None,0,0,0,0,0,None,48000,2,4.0,1.5,3.5,3.71,19200,211200,LOW
2023-09-14,2023,9,14,3,Thursday,0,0,30,Amavasya (New Moon),0,0,1,0,0,0,0,None,0,0,0,0,0,None,48000,2,4.0,1.5,3.5,3.71,19200,211200,LOW
2023-09-15,2023,9,15,4,Friday,0,0,1,Pratipada (Shukla),0,0,0,0,0,0,0,None,0,0,0,0,0,None,61254,12,9.0,2.4,5.0,3.96,24501,269517,LOW
2023-09-16,2023,9,16,5,Saturday,1,0,2,Dwitiya (Shukla),0,0,0,0,0,0,0,None,0,0,0,0,0,None,70594,18,13.3,3.4,7.3,4.14,28237,310613,MODERATE
2023-09-17,2023,9,17,6,Sunday,1,0,3,Tritiya (Shukla),0,0,0,1,0,0,0,None,0,0,0,0,0,None,79695,26,19.1,4.6,10.5,4.31,31878,350658,HIGH
2023-09-18,2023,9,18,0,Monday,0,0,4,Chaturthi (Shukla),0,0,0,1,0,0,1,Salakatla Brahmotsavam (Day in Festival Window),0,0,0,0,0,None,77682,24,17.8,4.3,9.8,4.28,31072,341800,HIGH
2023-09-19,2023,9,19,1,Tuesday,0,0,5,Panchami (Shukla),0,0,0,1,0,0,1,Salakatla Brahmotsavam (Day in Festival Window),0,0,0,1,1,Ganesh Chaturthi,89927,31,27.9,6.2,15.3,4.51,35970,395678,PEAK
2023-09-20,2023,9,20,2,Wednesday,0,0,6,Shasthi (Shukla),0,0,0,1,0,0,1,Salakatla Brahmotsavam (Day in Festival Window),0,0,0,0,0,None,74594,22,15.7,3.8,8.6,4.22,29837,328213,HIGH
2023-09-21,2023,9,21,3,Thursday,0,0,7,Saptami (Shukla),0,0,0,1,0,0,1,Salakatla Brahmotsavam (Day in Festival Window),0,0,0,0,0,None,69959,18,13.1,3.3,7.2,4.13,27983,307819,MODERATE
2023-09-22,2023,9,22,4,Friday,0,0,8,Ashtami (Shukla),0,0,0,1,0,0,1,Salakatla Brahmotsavam (Garuda Seva Day!),0,0,0,0,0,None,98000,31,36.0,7.3,19.8,4.66,39200,431200,PEAK
2023-09-23,2023,9,23,5,Saturday,1,0,9,Navami (Shukla),0,0,0,1,1,0,1,Salakatla Brahmotsavam (Day in Festival Window),0,0,0,0,0,None,98000,31,36.0,7.3,19.8,4.66,39200,431200,PEAK
2023-09-24,2023,9,24,6,Sunday,1,0,10,Dashami (Shukla),0,0,0,1,0,0,1,Salakatla Brahmotsavam (Day in Festival Window),0,0,0,0,0,None,98000,31,36.0,7.3,19.8,4.66,39200,431200,PEAK
2023-09-25,2023,9,25,0,Monday,0,0,11,Ekadashi (Shukla),1,0,0,1,0,0,1,Salakatla Brahmotsavam (Day in Festival Window),0,0,0,0,0,None,98000,31,36.0,7.3,19.8,4.66,39200,431200,PEAK
2023-09-26,2023,9,26,1,Tuesday,0,0,12,Dwadashi (Shukla),0,0,0,1,0,0,1,Salakatla Brahmotsavam (Day in Festival Window),0,0,0,0,0,None,98000,31,36.0,7.3,19.8,4.66,39200,431200,PEAK
2023-09-27,2023,9,27,2,Wednesday,0,0,13,Trayodashi (Shukla),0,0,0,1,0,0,0,None,0,0,0,0,0,None,87581,31,25.6,5.9,14.1,4.46,35032,385356,PEAK
2023-09-28,2023,9,28,3,Thursday,0,0,14,Chaturdashi (Shukla),0,0,0,1,0,0,0,None,0,0,0,1,1,Milad-un-Nabi,73384,21,14.9,3.6,8.2,4.19,29353,322889,HIGH
2023-09-29,2023,9,29,4,Friday,0,0,15,Pournami (Full Moon),0,1,0,1,0,0,0,None,0,0,0,0,0,None,82479,28,21.0,5.1,11.6,4.37,32991,362907,HIGH
2023-09-30,2023,9,30,5,Saturday,1,1,16,Pratipada (Krishna),0,0,0,1,1,0,0,None,0,0,0,0,0,None,98000,31,36.0,7.3,19.8,4.66,39200,431200,PEAK
2023-10-01,2023,10,1,6,Sunday,1,1,17,Dwitiya (Krishna),0,0,0,1,0,0,0,None,0,0,0,0,0,None,98000,31,36.0,7.3,19.8,4.66,39200,431200,PEAK
2023-10-02,2023,10,2,0,Monday,0,1,18,Tritiya (Krishna),0,0,0,1,0,0,0,None,0,0,0,1,1,Gandhi Jayanti,98000,31,36.0,7.3,19.8,4.66,39200,431200,PEAK
2023-10-03,2023,10,3,1,Tuesday,0,0,19,Chaturthi (Krishna),0,0,0,1,0,0,0,None,0,0,0,0,0,None,98000,31,36.0,7.3,19.8,4.66,39200,431200,PEAK
2023-10-04,2023,10,4,2,Wednesday,0,0,20,Panchami (Krishna),0,0,0,1,0,0,0,None,0,0,0,0,0,None,82076,28,20.7,5.0,11.4,4.36,32830,361134,HIGH
2023-10-05,2023,10,5,3,Thursday,0,0,21,Shasthi (Krishna),0,0,0,1,0,0,0,None,0,0,0,0,0,None,61266,12,9.0,2.4,5.0,3.96,24506,269570,LOW
2023-10-06,2023,10,6,4,Friday,0,0,22,Saptami (Krishna),0,0,0,1,0,0,0,None,0,0,0,0,0,None,85175,31,23.2,5.5,12.8,4.42,34070,374770,PEAK
2023-10-07,2023,10,7,5,Saturday,1,0,23,Ashtami (Krishna),0,0,0,1,1,0,0,None,0,0,0,0,0,None,98000,31,36.0,7.3,19.8,4.66,39200,431200,PEAK
2023-10-08,2023,10,8,6,Sunday,1,0,24,Navami (Krishna),0,0,0,1,0,0,0,None,0,0,0,0,0,None,98000,31,36.0,7.3,19.8,4.66,39200,431200,PEAK
2023-10-09,2023,10,9,0,Monday,0,0,25,Dashami (Krishna),0,0,0,1,0,0,0,None,0,0,0,0,0,None,89350,31,27.4,6.1,15.1,4.5,35740,393140,PEAK
2023-10-10,2023,10,10,1,Tuesday,0,0,26,Ekadashi (Krishna),1,0,0,1,0,0,0,None,0,0,0,0,0,None,80993,27,20.0,4.8,11.0,4.34,32397,356369,HIGH
2023-10-11,2023,10,11,2,Wednesday,0,0,27,Dwadashi (Krishna),0,0,0,1,0,0,0,None,0,0,0,0,0,None,61099,12,8.9,2.4,4.9,3.96,24439,268835,LOW
2023-10-12,2023,10,12,3,Thursday,0,0,28,Trayodashi (Krishna),0,0,0,1,0,0,0,None,0,0,0,0,0,None,59444,11,8.2,2.3,4.5,3.93,23777,261553,LOW
2023-10-13,2023,10,13,4,Friday,0,0,29,Chaturdashi (Krishna),0,0,0,1,0,0,0,None,0,0,0,0,0,None,84726,31,22.7,5.5,12.5,4.41,33890,372794,PEAK
2023-10-14,2023,10,14,5,Saturday,1,0,30,Amavasya (New Moon),0,0,1,1,1,0,0,None,0,0,0,0,0,None,98000,31,36.0,7.3,19.8,4.66,39200,431200,PEAK
2023-10-15,2023,10,15,6,Sunday,1,0,1,Pratipada (Shukla),0,0,0,1,0,0,1,Navaratri Brahmotsavam (Day in Festival Window),0,0,0,0,0,None,98000,31,36.0,7.3,19.8,4.66,39200,431200,PEAK
2023-10-16,2023,10,16,0,Monday,0,0,2,Dwitiya (Shukla),0,0,0,1,0,0,1,Navaratri Brahmotsavam (Day in Festival Window),0,0,0,0,0,None,98000,31,36.0,7.3,19.8,4.66,39200,431200,PEAK
2023-10-17,2023,10,17,1,Tuesday,0,0,3,Tritiya (Shukla),0,0,0,1,0,0,1,Navaratri Brahmotsavam (Day in Festival Window),0,0,0,0,0,None,98000,31,36.0,7.3,19.8,4.66,39200,431200,PEAK
2023-10-18,2023,10,18,2,Wednesday,0,0,4,Chaturthi (Shukla),0,0,0,0,0,0,1,Navaratri Brahmotsavam (Day in Festival Window),0,0,0,0,0,None,98000,31,36.0,7.3,19.8,4.66,39200,431200,PEAK
2023-10-19,2023,10,19,3,Thursday,0,0,5,Panchami (Shukla),0,0,0,0,0,0,1,Navaratri Brahmotsavam (Garuda Seva Day!),0,0,0,0,0,None,95913,31,33.9,7.0,18.6,4.62,38365,422017,PEAK
2023-10-20,2023,10,20,4,Friday,0,0,6,Shasthi (Shukla),0,0,0,0,0,0,1,Navaratri Brahmotsavam (Day in Festival Window),0,0,0,0,0,None,92520,31,30.5,6.5,16.8,4.56,37008,407088,PEAK
2023-10-21,2023,10,21,5,Saturday,1,1,7,Saptami (Shukla),0,0,0,0,0,0,1,Navaratri Brahmotsavam (Day in Festival Window),0,0,0,0,0,None,98000,31,36.0,7.3,19.8,4.66,39200,431200,PEAK
2023-10-22,2023,10,22,6,Sunday,1,1,8,Ashtami (Shukla),0,0,0,0,0,0,1,Navaratri Brahmotsavam (Day in Festival Window),0,0,0,0,0,None,98000,31,36.0,7.3,19.8,4.66,39200,431200,PEAK
2023-10-23,2023,10,23,0,Monday,0,1,9,Navami (Shukla),0,0,0,0,0,0,1,Navaratri Brahmotsavam (Day in Festival Window),0,0,0,1,1,Maha Navami / Ayudha Puja,98000,31,36.0,7.3,19.8,4.66,39200,431200,PEAK
2023-10-24,2023,10,24,1,Tuesday,0,0,10,Dashami (Shukla),0,0,0,0,0,0,0,None,0,0,0,1,1,Vijayadasami / Dussehra,98000,31,36.0,7.3,19.8,4.66,39200,431200,PEAK
2023-10-25,2023,10,25,2,Wednesday,0,0,11,Ekadashi (Shukla),1,0,0,0,0,0,0,None,0,0,0,0,0,None,90779,31,28.8,6.3,15.8,4.52,36311,399427,PEAK
2023-10-26,2023,10,26,3,Thursday,0,0,12,Dwadashi (Shukla),0,0,0,0,0,0,0,None,0,0,0,0,0,None,61143,12,9.0,2.4,5.0,3.96,24457,269029,LOW
2023-10-27,2023,10,27,4,Friday,0,0,13,Trayodashi (Shukla),0,0,0,0,0,0,0,None,0,0,0,0,0,None,64472,14,10.5,2.7,5.8,4.02,25788,283676,MODERATE
2023-10-28,2023,10,28,5,Saturday,1,0,14,Chaturdashi (Shukla),0,0,0,0,0,0,0,None,1,0,0,0,0,None,48000,2,4.0,1.5,3.5,3.71,19200,211200,LOW
2023-10-29,2023,10,29,6,Sunday,1,0,15,Pournami (Full Moon),0,1,0,0,0,0,0,None,0,0,0,0,0,None,80630,27,19.8,4.8,10.9,4.33,32252,354772,HIGH
2023-10-30,2023,10,30,0,Monday,0,0,16,Pratipada (Krishna),0,0,0,0,0,0,0,None,0,0,0,0,0,None,54671,7,6.3,1.9,3.5,3.84,21868,240552,LOW
2023-10-31,2023,10,31,1,Tuesday,0,0,18,Tritiya (Krishna),0,0,0,0,0,0,0,None,0,0,0,0,0,None,48683,2,4.2,1.5,3.5,3.72,19473,214205,LOW
2023-11-01,2023,11,1,2,Wednesday,0,0,19,Chaturthi (Krishna),0,0,0,0,0,0,0,None,0,0,0,1,1,Kannada Rajyotsava / AP Formation Day,56595,8,7.0,2.1,3.9,3.88,22638,249018,LOW
2023-11-02,2023,11,2,3,Thursday,0,0,20,Panchami (Krishna),0,0,0,0,0,0,0,None,0,0,0,0,0,None,48000,2,4.0,1.5,3.5,3.71,19200,211200,LOW
2023-11-03,2023,11,3,4,Friday,0,0,21,Shasthi (Krishna),0,0,0,0,0,0,0,None,0,0,0,0,0,None,60094,11,8.5,2.3,4.7,3.94,24037,264413,LOW
2023-11-04,2023,11,4,5,Saturday,1,0,22,Saptami (Krishna),0,0,0,0,0,0,0,None,0,0,0,0,0,None,69277,18,12.7,3.2,7.0,4.12,27710,304818,MODERATE
2023-11-05,2023,11,5,6,Sunday,1,0,23,Ashtami (Krishna),0,0,0,0,0,1,0,None,0,0,0,0,0,None,73736,21,15.2,3.7,8.4,4.2,29494,324438,HIGH
2023-11-06,2023,11,6,0,Monday,0,0,24,Navami (Krishna),0,0,0,0,0,1,0,None,0,0,0,0,0,None,59395,10,8.1,2.3,4.5,3.93,23758,261338,LOW
2023-11-07,2023,11,7,1,Tuesday,0,0,25,Dashami (Krishna),0,0,0,0,0,1,0,None,0,0,0,0,0,None,54564,7,6.3,1.9,3.5,3.84,21825,240081,LOW
2023-11-08,2023,11,8,2,Wednesday,0,0,26,Ekadashi (Krishna),1,0,0,0,0,1,0,None,0,0,0,0,0,None,61253,12,9.0,2.4,5.0,3.96,24501,269513,LOW
2023-11-09,2023,11,9,3,Thursday,0,0,27,Dwadashi (Krishna),0,0,0,0,0,1,0,None,0,0,0,0,0,None,53983,6,6.1,1.9,3.5,3.83,21593,237525,LOW
2023-11-10,2023,11,10,4,Friday,0,0,28,Trayodashi (Krishna),0,0,0,0,0,1,0,None,0,0,0,0,0,None,68845,17,12.5,3.2,6.9,4.11,27538,302918,MODERATE
2023-11-11,2023,11,11,5,Saturday,1,0,29,Chaturdashi (Krishna),0,0,0,0,0,1,0,None,0,0,0,0,0,None,79233,26,18.8,4.5,10.3,4.31,31693,348625,HIGH
2023-11-12,2023,11,12,6,Sunday,1,0,30,Amavasya (New Moon),0,0,1,0,0,1,0,Deepavali / Diwali,0,0,0,1,1,Deepavali,98000,31,36.0,7.3,19.8,4.66,39200,431200,PEAK
2023-11-13,2023,11,13,0,Monday,0,0,1,Pratipada (Shukla),0,0,0,0,0,1,0,None,0,0,0,0,0,None,87399,31,25.4,5.8,14.0,4.46,34959,384555,PEAK
2023-11-14,2023,11,14,1,Tuesday,0,0,2,Dwitiya (Shukla),0,0,0,0,0,1,0,None,0,0,0,0,0,None,61343,12,9.1,2.4,5.0,3.97,24537,269909,LOW
2023-11-15,2023,11,15,2,Wednesday,0,0,3,Tritiya (Shukla),0,0,0,0,0,1,0,None,0,0,0,0,0,None,52778,5,5.7,1.8,3.5,3.8,21111,232223,LOW
2023-11-16,2023,11,16,3,Thursday,0,0,4,Chaturthi (Shukla),0,0,0,0,0,1,0,None,0,0,0,0,0,None,55946,8,6.8,2.0,3.7,3.86,22378,246162,LOW
2023-11-17,2023,11,17,4,Friday,0,0,5,Panchami (Shukla),0,0,0,0,0,1,0,None,0,0,0,0,0,None,70407,18,13.3,3.3,7.3,4.14,28162,309790,MODERATE
2023-11-18,2023,11,18,5,Saturday,1,0,6,Shasthi (Shukla),0,0,0,0,0,1,0,None,0,0,0,0,0,None,80844,27,19.9,4.8,10.9,4.34,32337,355713,HIGH
2023-11-19,2023,11,19,6,Sunday,1,0,7,Saptami (Shukla),0,0,0,0,0,1,0,None,0,0,0,0,0,None,78446,25,18.3,4.4,10.1,4.29,31378,345162,HIGH
2023-11-20,2023,11,20,0,Monday,0,0,8,Ashtami (Shukla),0,0,0,0,0,1,0,None,0,0,0,0,0,None,57342,9,7.3,2.1,4.0,3.89,22936,252304,LOW
2023-11-21,2023,11,21,1,Tuesday,0,0,9,Navami (Shukla),0,0,0,0,0,1,0,None,0,0,0,0,0,None,52708,5,5.6,1.8,3.5,3.8,21083,231915,LOW
2023-11-22,2023,11,22,2,Wednesday,0,0,10,Dashami (Shukla),0,0,0,0,0,1,0,None,0,0,0,0,0,None,52232,5,5.5,1.8,3.5,3.79,20892,229820,LOW
2023-11-23,2023,11,23,3,Thursday,0,0,11,Ekadashi (Shukla),1,0,0,0,0,1,0,None,0,0,0,0,0,None,62998,13,9.8,2.6,5.4,4.0,25199,277191,MODERATE
2023-11-24,2023,11,24,4,Friday,0,0,12,Dwadashi (Shukla),0,0,0,0,0,1,0,None,0,0,0,0,0,None,66822,16,11.6,3.0,6.4,4.07,26728,294016,MODERATE
2023-11-25,2023,11,25,5,Saturday,1,0,13,Trayodashi (Shukla),0,0,0,0,0,1,0,None,0,0,0,0,0,None,77734,24,17.8,4.3,9.8,4.28,31093,342029,HIGH
2023-11-26,2023,11,26,6,Sunday,1,0,14,Chaturdashi (Shukla),0,0,0,0,0,1,0,None,0,0,0,0,0,None,75599,22,16.4,3.9,9.0,4.24,30239,332635,HIGH
2023-11-27,2023,11,27,0,Monday,0,0,15,Pournami (Full Moon),0,1,0,0,0,1,0,None,0,0,0,0,0,None,69590,18,12.9,3.3,7.1,4.12,27836,306196,MODERATE
2023-11-28,2023,11,28,1,Tuesday,0,0,16,Pratipada (Krishna),0,0,0,0,0,1,0,None,0,0,0,0,0,None,54433,7,6.3,1.9,3.5,3.83,21773,239505,LOW
2023-11-29,2023,11,29,2,Wednesday,0,0,17,Dwitiya (Krishna),0,0,0,0,0,1,0,None,0,0,0,0,0,None,52286,5,5.5,1.8,3.5,3.79,20914,230058,LOW
2023-11-30,2023,11,30,3,Thursday,0,0,18,Tritiya (Krishna),0,0,0,0,0,1,0,None,0,0,0,0,0,None,55990,8,6.8,2.0,3.7,3.86,22396,246356,LOW
2023-12-01,2023,12,1,4,Friday,0,0,19,Chaturthi (Krishna),0,0,0,0,0,1,0,None,0,0,0,0,0,None,67300,16,11.8,3.0,6.5,4.08,26920,296120,MODERATE
2023-12-02,2023,12,2,5,Saturday,1,0,20,Panchami (Krishna),0,0,0,0,0,1,0,None,0,0,0,0,0,None,79896,26,19.3,4.6,10.6,4.32,31958,351542,HIGH
2023-12-03,2023,12,3,6,Sunday,1,0,21,Shasthi (Krishna),0,0,0,0,0,1,0,None,0,0,0,0,0,None,72950,20,14.6,3.6,8.0,4.19,29180,320980,MODERATE
2023-12-04,2023,12,4,0,Monday,0,0,22,Saptami (Krishna),0,0,0,0,0,1,0,None,0,0,0,0,0,None,57902,9,7.5,2.2,4.1,3.9,23160,254768,LOW
2023-12-05,2023,12,5,1,Tuesday,0,0,23,Ashtami (Krishna),0,0,0,0,0,1,0,None,0,0,0,0,0,None,54789,7,6.4,2.0,3.5,3.84,21915,241071,LOW
2023-12-06,2023,12,6,2,Wednesday,0,0,24,Navami (Krishna),0,0,0,0,0,1,0,None,0,0,0,0,0,None,53625,6,6.0,1.9,3.5,3.82,21450,235950,LOW
2023-12-07,2023,12,7,3,Thursday,0,0,25,Dashami (Krishna),0,0,0,0,0,1,0,None,0,0,0,0,0,None,54325,7,6.2,1.9,3.5,3.83,21730,239030,LOW
2023-12-08,2023,12,8,4,Friday,0,0,26,Ekadashi (Krishna),1,0,0,0,0,1,0,None,0,0,0,0,0,None,80085,26,19.4,4.7,10.7,4.32,32034,352374,HIGH
2023-12-09,2023,12,9,5,Saturday,1,0,27,Dwadashi (Krishna),0,0,0,0,0,1,0,None,0,0,0,0,0,None,77464,24,17.6,4.2,9.7,4.27,30985,340841,HIGH
2023-12-10,2023,12,10,6,Sunday,1,0,28,Trayodashi (Krishna),0,0,0,0,0,1,0,None,0,0,0,0,0,None,78173,25,18.1,4.3,10.0,4.29,31269,343961,HIGH
2023-12-11,2023,12,11,0,Monday,0,0,29,Chaturdashi (Krishna),0,0,0,0,0,1,0,None,0,0,0,0,0,None,61163,12,9.0,2.4,5.0,3.96,24465,269117,LOW
2023-12-12,2023,12,12,1,Tuesday,0,0,30,Amavasya (New Moon),0,0,1,0,0,1,0,None,0,0,0,0,0,None,53492,6,5.9,1.9,3.5,3.82,21396,235364,LOW
2023-12-13,2023,12,13,2,Wednesday,0,0,1,Pratipada (Shukla),0,0,0,0,0,0,0,None,0,0,0,0,0,None,48000,2,4.0,1.5,3.5,3.71,19200,211200,LOW
2023-12-14,2023,12,14,3,Thursday,0,0,2,Dwitiya (Shukla),0,0,0,0,0,0,0,None,0,0,0,0,0,None,50267,3,4.8,1.7,3.5,3.76,20106,221174,LOW
2023-12-15,2023,12,15,4,Friday,0,0,3,Tritiya (Shukla),0,0,0,0,0,0,0,None,0,0,0,0,0,None,61178,12,9.0,2.4,5.0,3.96,24471,269183,LOW
2023-12-16,2023,12,16,5,Saturday,1,0,4,Chaturthi (Shukla),0,0,0,0,0,0,0,None,0,0,0,0,0,None,73911,21,15.3,3.7,8.4,4.2,29564,325208,HIGH
2023-12-17,2023,12,17,6,Sunday,1,0,5,Panchami (Shukla),0,0,0,0,0,0,0,None,0,0,0,0,0,None,67969,17,12.1,3.1,6.7,4.09,27187,299063,MODERATE
2023-12-18,2023,12,18,0,Monday,0,0,6,Shasthi (Shukla),0,0,0,0,0,0,0,None,0,0,0,0,0,None,53987,6,6.1,1.9,3.5,3.83,21594,237542,LOW
2023-12-19,2023,12,19,1,Tuesday,0,0,7,Saptami (Shukla),0,0,0,0,0,0,0,None,0,0,0,0,0,None,48328,2,4.1,1.5,3.5,3.72,19331,212643,LOW
2023-12-20,2023,12,20,2,Wednesday,0,0,8,Ashtami (Shukla),0,0,0,0,0,0,0,None,0,0,0,0,0,None,48000,2,4.0,1.5,3.5,3.71,19200,211200,LOW
2023-12-21,2023,12,21,3,Thursday,0,0,9,Navami (Shukla),0,0,0,0,0,0,0,None,0,0,0,0,0,None,48000,2,4.0,1.5,3.5,3.71,19200,211200,LOW
2023-12-22,2023,12,22,4,Friday,0,0,10,Dashami (Shukla),0,0,0,0,0,0,0,None,0,0,0,0,0,None,60423,11,8.6,2.3,4.7,3.95,24169,265861,LOW
2023-12-23,2023,12,23,5,Saturday,1,1,11,Ekadashi (Shukla),1,0,0,0,0,0,1,Vaikunta Ekadashi & Dwara Darshanam (Opening Day / Peak!),0,0,0,0,0,None,98000,31,36.0,7.3,19.8,4.66,39200,431200,PEAK
2023-12-24,2023,12,24,6,Sunday,1,1,12,Dwadashi (Shukla),0,0,0,0,0,0,1,Vaikunta Ekadashi & Dwara Darshanam (Day in Festival Window),0,0,0,0,0,None,98000,31,36.0,7.3,19.8,4.66,39200,431200,PEAK
2023-12-25,2023,12,25,0,Monday,0,1,13,Trayodashi (Shukla),0,0,0,0,0,0,1,Vaikunta Ekadashi & Dwara Darshanam (Day in Festival Window),0,0,0,1,1,Christmas,98000,31,36.0,7.3,19.8,4.66,39200,431200,PEAK
2023-12-26,2023,12,26,1,Tuesday,0,0,14,Chaturdashi (Shukla),0,0,0,0,0,0,1,Vaikunta Ekadashi & Dwara Darshanam (Day in Festival Window),0,0,0,0,0,None,98000,31,36.0,7.3,19.8,4.66,39200,431200,PEAK
2023-12-27,2023,12,27,2,Wednesday,0,0,15,Pournami (Full Moon),0,1,0,0,0,0,1,Vaikunta Ekadashi & Dwara Darshanam (Day in Festival Window),0,0,0,0,0,None,98000,31,36.0,7.3,19.8,4.66,39200,431200,PEAK
2023-12-28,2023,12,28,3,Thursday,0,0,16,Pratipada (Krishna),0,0,0,0,0,0,1,Vaikunta Ekadashi & Dwara Darshanam (Day in Festival Window),0,0,0,0,0,None,98000,31,36.0,7.3,19.8,4.66,39200,431200,PEAK
2023-12-29,2023,12,29,4,Friday,0,0,17,Dwitiya (Krishna),0,0,0,0,0,0,1,Vaikunta Ekadashi & Dwara Darshanam (Day in Festival Window),0,0,0,0,0,None,98000,31,36.0,7.3,19.8,4.66,39200,431200,PEAK
2023-12-30,2023,12,30,5,Saturday,1,1,18,Tritiya (Krishna),0,0,0,0,0,0,1,Vaikunta Ekadashi & Dwara Darshanam (Day in Festival Window),0,0,0,0,0,None,98000,31,36.0,7.3,19.8,4.66,39200,431200,PEAK
2023-12-31,2023,12,31,6,Sunday,1,1,19,Chaturthi (Krishna),0,0,0,0,0,0,1,Vaikunta Ekadashi & Dwara Darshanam (Day in Festival Window),0,0,0,0,0,None,98000,31,36.0,7.3,19.8,4.66,39200,431200,PEAK
2024-01-01,2024,1,1,0,Monday,0,1,20,Panchami (Krishna),0,0,0,0,0,0,1,English New Year | Vaikunta Ekadashi & Dwara Darshanam (Day in Festival Window),0,0,0,1,1,New Year's Day,98000,31,36.0,7.3,19.8,4.66,39200,431200,PEAK
2024-01-02,2024,1,2,1,Tuesday,0,0,22,Saptami (Krishna),0,0,0,0,0,0,0,None,0,0,0,0,0,None,98000,31,36.0,7.3,19.8,4.66,39200,431200,PEAK
2024-01-03,2024,1,3,2,Wednesday,0,0,23,Ashtami (Krishna),0,0,0,0,0,0,0,None,0,0,0,0,0,None,98000,31,36.0,7.3,19.8,4.66,39200,431200,PEAK
2024-01-04,2024,1,4,3,Thursday,0,0,24,Navami (Krishna),0,0,0,0,0,0,0,None,0,0,0,0,0,None,98000,31,36.0,7.3,19.8,4.66,39200,431200,PEAK
2024-01-05,2024,1,5,4,Friday,0,0,25,Dashami (Krishna),0,0,0,0,0,0,0,None,0,0,0,0,0,None,98000,31,36.0,7.3,19.8,4.66,39200,431200,PEAK
2024-01-06,2024,1,6,5,Saturday,1,0,26,Ekadashi (Krishna),1,0,0,0,0,0,0,None,0,0,0,0,0,None,98000,31,36.0,7.3,19.8,4.66,39200,431200,PEAK
2024-01-07,2024,1,7,6,Sunday,1,0,27,Dwadashi (Krishna),0,0,0,0,0,0,0,None,0,0,0,0,0,None,98000,31,36.0,7.3,19.8,4.66,39200,431200,PEAK
2024-01-08,2024,1,8,0,Monday,0,0,28,Trayodashi (Krishna),0,0,0,0,0,0,0,None,0,0,0,0,0,None,83934,29,22.0,5.3,12.1,4.39,33573,369309,HIGH
2024-01-09,2024,1,9,1,Tuesday,0,0,29,Chaturdashi (Krishna),0,0,0,0,0,0,0,None,0,0,0,0,0,None,52179,5,5.5,1.8,3.5,3.79,20871,229587,LOW
2024-01-10,2024,1,10,2,Wednesday,0,0,30,Amavasya (New Moon),0,0,1,0,0,0,0,None,0,0,0,0,0,None,61693,12,9.2,2.5,5.1,3.97,24677,271449,LOW
2024-01-11,2024,1,11,3,Thursday,0,0,1,Pratipada (Shukla),0,0,0,0,0,0,0,None,0,0,0,0,0,None,60802,12,8.8,2.4,4.8,3.96,24320,267528,LOW
2024-01-12,2024,1,12,4,Friday,0,0,2,Dwitiya (Shukla),0,0,0,0,0,0,0,None,0,0,0,0,0,None,79266,26,18.8,4.5,10.3,4.31,31706,348770,HIGH
2024-01-13,2024,1,13,5,Saturday,1,1,3,Tritiya (Shukla),0,0,0,0,0,0,0,None,0,0,0,0,0,None,98000,31,36.0,7.3,19.8,4.66,39200,431200,PEAK
2024-01-14,2024,1,14,6,Sunday,1,1,4,Chaturthi (Shukla),0,0,0,0,0,0,1,Makara Sankranti / Pongal,0,0,0,1,1,Makara Sankranti / Pongal,98000,31,36.0,7.3,19.8,4.66,39200,431200,PEAK
2024-01-15,2024,1,15,0,Monday,0,1,5,Panchami (Shukla),0,0,0,0,0,0,1,Makara Sankranti / Pongal,0,0,0,1,1,Kanuma / Thiruvalluvar Day,98000,31,36.0,7.3,19.8,4.66,39200,431200,PEAK
2024-01-16,2024,1,16,1,Tuesday,0,0,6,Shasthi (Shukla),0,0,0,0,0,0,1,Makara Sankranti / Pongal,0,0,0,1,1,Mukkanuma / Uzhavar Thirunal,98000,31,36.0,7.3,19.8,4.66,39200,431200,PEAK
2024-01-17,2024,1,17,2,Wednesday,0,0,7,Saptami (Shukla),0,0,0,0,0,0,0,None,0,0,0,0,0,None,98000,31,36.0,7.3,19.8,4.66,39200,431200,PEAK
2024-01-18,2024,1,18,3,Thursday,0,0,8,Ashtami (Shukla),0,0,0,0,0,0,0,None,0,0,0,0,0,None,98000,31,36.0,7.3,19.8,4.66,39200,431200,PEAK
2024-01-19,2024,1,19,4,Friday,0,0,9,Navami (Shukla),0,0,0,0,0,0,0,None,0,0,0,0,0,None,98000,31,36.0,7.3,19.8,4.66,39200,431200,PEAK
2024-01-20,2024,1,20,5,Saturday,1,0,10,Dashami (Shukla),0,0,0,0,0,0,0,None,0,0,0,0,0,None,98000,31,36.0,7.3,19.8,4.66,39200,431200,PEAK
2024-01-21,2024,1,21,6,Sunday,1,0,11,Ekadashi (Shukla),1,0,0,0,0,0,0,None,0,0,0,0,0,None,98000,31,36.0,7.3,19.8,4.66,39200,431200,PEAK
2024-01-22,2024,1,22,0,Monday,0,0,12,Dwadashi (Shukla),0,0,0,0,0,0,0,None,0,0,0,0,0,None,85838,31,23.8,5.6,13.1,4.43,34335,377687,PEAK
2024-01-23,2024,1,23,1,Tuesday,0,0,13,Trayodashi (Shukla),0,0,0,0,0,0,0,None,0,0,0,0,0,None,55709,8,6.7,2.0,3.7,3.86,22283,245119,LOW
2024-01-24,2024,1,24,2,Wednesday,0,0,14,Chaturdashi (Shukla),0,0,0,0,0,0,0,None,0,0,0,0,0,None,48000,2,4.0,1.5,3.5,3.71,19200,211200,LOW
2024-01-25,2024,1,25,3,Thursday,0,0,15,Pournami (Full Moon),0,1,0,0,0,0,0,None,0,0,0,0,0,None,55761,8,6.7,2.0,3.7,3.86,22304,245348,LOW
2024-01-26,2024,1,26,4,Friday,0,1,16,Pratipada (Krishna),0,0,0,0,0,0,0,None,0,0,0,1,1,Republic Day,91845,31,29.8,6.4,16.4,4.55,36738,404118,PEAK
2024-01-27,2024,1,27,5,Saturday,1,1,17,Dwitiya (Krishna),0,0,0,0,0,0,0,None,0,0,0,0,0,None,91039,31,29.0,6.3,16.0,4.53,36415,400571,PEAK
2024-01-28,2024,1,28,6,Sunday,1,1,18,Tritiya (Krishna),0,0,0,0,0,0,0,None,0,0,0,0,0,None,88768,31,26.8,6.0,14.7,4.49,35507,390579,PEAK
2024-01-29,2024,1,29,0,Monday,0,0,19,Chaturthi (Krishna),0,0,0,0,0,0,0,None,0,0,0,0,0,None,63105,13,9.9,2.6,5.4,4.0,25242,277662,MODERATE
2024-01-30,2024,1,30,1,Tuesday,0,0,20,Panchami (Krishna),0,0,0,0,0,0,0,None,0,0,0,0,0,None,48000,2,4.0,1.5,3.5,3.71,19200,211200,LOW
2024-01-31,2024,1,31,2,Wednesday,0,0,21,Shasthi (Krishna),0,0,0,0,0,0,0,None,0,0,0,0,0,None,48000,2,4.0,1.5,3.5,3.71,19200,211200,LOW
2024-02-01,2024,2,1,3,Thursday,0,0,22,Saptami (Krishna),0,0,0,0,0,0,0,None,0,0,0,0,0,None,48000,2,4.0,1.5,3.5,3.71,19200,211200,LOW
2024-02-02,2024,2,2,4,Friday,0,0,23,Ashtami (Krishna),0,0,0,0,0,0,0,None,0,0,0,0,0,None,61404,12,9.1,2.4,5.0,3.97,24561,270177,LOW
2024-02-03,2024,2,3,5,Saturday,1,0,24,Navami (Krishna),0,0,0,0,0,0,0,None,0,0,0,0,0,None,69967,18,13.1,3.3,7.2,4.13,27986,307854,MODERATE
2024-02-04,2024,2,4,6,Sunday,1,0,25,Dashami (Krishna),0,0,0,0,0,0,0,None,0,0,0,0,0,None,65515,15,11.0,2.9,6.1,4.04,26206,288266,MODERATE
2024-02-05,2024,2,5,0,Monday,0,0,26,Ekadashi (Krishna),1,0,0,0,0,0,0,None,0,0,0,0,0,None,61915,12,9.3,2.5,5.1,3.98,24766,272426,LOW
2024-02-06,2024,2,6,1,Tuesday,0,0,27,Dwadashi (Krishna),0,0,0,0,0,0,0,None,0,0,0,0,0,None,48000,2,4.0,1.5,3.5,3.71,19200,211200,LOW
2024-02-07,2024,2,7,2,Wednesday,0,0,28,Trayodashi (Krishna),0,0,0,0,0,0,0,None,0,0,0,0,0,None,48000,2,4.0,1.5,3.5,3.71,19200,211200,LOW
2024-02-08,2024,2,8,3,Thursday,0,0,29,Chaturdashi (Krishna),0,0,0,0,0,0,0,None,0,0,0,0,0,None,48242,2,4.1,1.5,3.5,3.72,19296,212264,LOW
2024-02-09,2024,2,9,4,Friday,0,0,30,Amavasya (New Moon),0,0,1,0,0,0,0,None,0,0,0,0,0,None,59746,11,8.3,2.3,4.6,3.94,23898,262882,LOW
2024-02-10,2024,2,10,5,Saturday,1,0,1,Pratipada (Shukla),0,0,0,0,0,0,0,None,0,0,0,0,0,None,70446,18,13.3,3.3,7.3,4.14,28178,309962,MODERATE
2024-02-11,2024,2,11,6,Sunday,1,0,2,Dwitiya (Shukla),0,0,0,0,0,0,0,None,0,0,0,0,0,None,65302,15,10.9,2.8,6.0,4.04,26120,287328,MODERATE
2024-02-12,2024,2,12,0,Monday,0,0,3,Tritiya (Shukla),0,0,0,0,0,0,0,None,0,0,0,0,0,None,53335,6,5.9,1.9,3.5,3.81,21334,234674,LOW
2024-02-13,2024,2,13,1,Tuesday,0,0,4,Chaturthi (Shukla),0,0,0,0,0,0,0,None,0,0,0,0,0,None,48000,2,4.0,1.5,3.5,3.71,19200,211200,LOW
2024-02-14,2024,2,14,2,Wednesday,0,0,5,Panchami (Shukla),0,0,0,0,0,0,0,None,0,0,0,0,0,None,48000,2,4.0,1.5,3.5,3.71,19200,211200,LOW
2024-02-15,2024,2,15,3,Thursday,0,0,6,Shasthi (Shukla),0,0,0,0,0,0,0,None,0,1,0,0,0,None,48000,2,4.0,1.5,3.5,3.71,19200,211200,LOW
2024-02-16,2024,2,16,4,Friday,0,0,7,Saptami (Shukla),0,0,0,0,0,0,1,Rathasapthami,0,1,0,0,0,None,67588,16,12.0,3.1,6.6,4.08,27035,297387,MODERATE
2024-02-17,2024,2,17,5,Saturday,1,0,8,Ashtami (Shukla),0,0,0,0,0,0,0,None,0,1,0,0,0,None,53751,6,6.0,1.9,3.5,3.82,21500,236504,LOW
2024-02-18,2024,2,18,6,Sunday,1,0,9,Navami (Shukla),0,0,0,0,0,0,0,None,0,1,0,0,0,None,54339,7,6.2,1.9,3.5,3.83,21735,239091,LOW
2024-02-19,2024,2,19,0,Monday,0,0,10,Dashami (Shukla),0,0,0,0,0,0,0,None,0,1,0,0,0,None,48000,2,4.0,1.5,3.5,3.71,19200,211200,LOW
2024-02-20,2024,2,20,1,Tuesday,0,0,11,Ekadashi (Shukla),1,0,0,0,0,0,0,None,0,1,0,0,0,None,48000,2,4.0,1.5,3.5,3.71,19200,211200,LOW
2024-02-21,2024,2,21,2,Wednesday,0,0,12,Dwadashi (Shukla),0,0,0,0,0,0,0,None,0,1,0,0,0,None,48000,2,4.0,1.5,3.5,3.71,19200,211200,LOW
2024-02-22,2024,2,22,3,Thursday,0,0,13,Trayodashi (Shukla),0,0,0,0,0,0,0,None,0,1,0,0,0,None,48000,2,4.0,1.5,3.5,3.71,19200,211200,LOW
2024-02-23,2024,2,23,4,Friday,0,0,14,Chaturdashi (Shukla),0,0,0,0,0,0,0,None,0,1,0,0,0,None,48000,2,4.0,1.5,3.5,3.71,19200,211200,LOW
2024-02-24,2024,2,24,5,Saturday,1,0,15,Pournami (Full Moon),0,1,0,0,0,0,0,None,0,1,0,0,0,None,63710,14,10.2,2.7,5.6,4.01,25484,280324,MODERATE
2024-02-25,2024,2,25,6,Sunday,1,0,16,Pratipada (Krishna),0,0,0,0,0,0,0,None,0,1,0,0,0,None,51812,5,5.3,1.8,3.5,3.78,20724,227972,LOW
2024-02-26,2024,2,26,0,Monday,0,0,17,Dwitiya (Krishna),0,0,0,0,0,0,0,None,0,1,0,0,0,None,48000,2,4.0,1.5,3.5,3.71,19200,211200,LOW
2024-02-27,2024,2,27,1,Tuesday,0,0,18,Tritiya (Krishna),0,0,0,0,0,0,0,None,0,1,0,0,0,None,48000,2,4.0,1.5,3.5,3.71,19200,211200,LOW
2024-02-28,2024,2,28,2,Wednesday,0,0,19,Chaturthi (Krishna),0,0,0,0,0,0,0,None,0,1,0,0,0,None,48000,2,4.0,1.5,3.5,3.71,19200,211200,LOW
2024-02-29,2024,2,29,3,Thursday,0,0,20,Panchami (Krishna),0,0,0,0,0,0,0,None,0,1,0,0,0,None,48000,2,4.0,1.5,3.5,3.71,19200,211200,LOW
2024-03-01,2024,3,1,4,Friday,0,0,21,Shasthi (Krishna),0,0,0,0,0,0,0,None,0,1,0,0,0,None,48376,2,4.1,1.5,3.5,3.72,19350,212854,LOW
2024-03-02,2024,3,2,5,Saturday,1,0,22,Saptami (Krishna),0,0,0,0,0,0,0,None,0,1,0,0,0,None,53716,6,6.0,1.9,3.5,3.82,21486,236350,LOW
2024-03-03,2024,3,3,6,Sunday,1,0,23,Ashtami (Krishna),0,0,0,0,0,0,0,None,0,1,0,0,0,None,51604,4,5.3,1.7,3.5,3.78,20641,227057,LOW
2024-03-04,2024,3,4,0,Monday,0,0,25,Dashami (Krishna),0,0,0,0,0,0,0,None,0,1,0,0,0,None,48000,2,4.0,1.5,3.5,3.71,19200,211200,LOW
2024-03-05,2024,3,5,1,Tuesday,0,0,26,Ekadashi (Krishna),1,0,0,0,0,0,0,None,0,1,0,0,0,None,48000,2,4.0,1.5,3.5,3.71,19200,211200,LOW
2024-03-06,2024,3,6,2,Wednesday,0,0,27,Dwadashi (Krishna),0,0,0,0,0,0,0,None,0,1,0,0,0,None,48000,2,4.0,1.5,3.5,3.71,19200,211200,LOW
2024-03-07,2024,3,7,3,Thursday,0,0,28,Trayodashi (Krishna),0,0,0,0,0,0,0,None,0,1,0,0,0,None,48000,2,4.0,1.5,3.5,3.71,19200,211200,LOW
2024-03-08,2024,3,8,4,Friday,0,1,29,Chaturdashi (Krishna),0,0,0,0,0,0,0,None,0,1,0,1,1,Maha Shivaratri,74477,22,15.7,3.7,8.6,4.22,29790,327698,HIGH
2024-03-09,2024,3,9,5,Saturday,1,1,30,Amavasya (New Moon),0,0,1,0,0,0,0,None,0,1,0,0,0,None,68411,17,12.3,3.1,6.8,4.1,27364,301008,MODERATE
2024-03-10,2024,3,10,6,Sunday,1,1,1,Pratipada (Shukla),0,0,0,0,0,0,0,None,0,1,0,0,0,None,68175,17,12.2,3.1,6.7,4.1,27270,299970,MODERATE
2024-03-11,2024,3,11,0,Monday,0,0,2,Dwitiya (Shukla),0,0,0,0,0,0,0,None,0,1,0,0,0,None,48000,2,4.0,1.5,3.5,3.71,19200,211200,LOW
2024-03-12,2024,3,12,1,Tuesday,0,0,3,Tritiya (Shukla),0,0,0,0,0,0,0,None,0,1,0,0,0,None,48000,2,4.0,1.5,3.5,3.71,19200,211200,LOW
2024-03-13,2024,3,13,2,Wednesday,0,0,4,Chaturthi (Shukla),0,0,0,0,0,0,0,None,0,1,0,0,0,None,48000,2,4.0,1.5,3.5,3.71,19200,211200,LOW
2024-03-14,2024,3,14,3,Thursday,0,0,5,Panchami (Shukla),0,0,0,0,0,0,0,None,0,1,0,0,0,None,48000,2,4.0,1.5,3.5,3.71,19200,211200,LOW
2024-03-15,2024,3,15,4,Friday,0,0,6,Shasthi (Shukla),0,0,0,0,0,0,0,None,0,1,0,0,0,None,48000,2,4.0,1.5,3.5,3.71,19200,211200,LOW
2024-03-16,2024,3,16,5,Saturday,1,0,7,Saptami (Shukla),0,0,0,0,0,0,0,None,0,1,0,0,0,None,57001,9,7.2,2.1,4.0,3.88,22800,250804,LOW
2024-03-17,2024,3,17,6,Sunday,1,0,8,Ashtami (Shukla),0,0,0,0,0,0,0,None,0,1,0,0,0,None,54164,6,6.2,1.9,3.5,3.83,21665,238321,LOW
2024-03-18,2024,3,18,0,Monday,0,0,9,Navami (Shukla),0,0,0,0,0,0,0,None,0,1,0,0,0,None,48000,2,4.0,1.5,3.5,3.71,19200,211200,LOW
2024-03-19,2024,3,19,1,Tuesday,0,0,10,Dashami (Shukla),0,0,0,0,0,0,0,None,0,1,0,0,0,None,48000,2,4.0,1.5,3.5,3.71,19200,211200,LOW
2024-03-20,2024,3,20,2,Wednesday,0,0,11,Ekadashi (Shukla),1,0,0,0,0,0,0,None,0,1,0,0,0,None,48000,2,4.0,1.5,3.5,3.71,19200,211200,LOW
2024-03-21,2024,3,21,3,Thursday,0,0,12,Dwadashi (Shukla),0,0,0,0,0,0,0,None,0,1,0,0,0,None,48000,2,4.0,1.5,3.5,3.71,19200,211200,LOW
2024-03-22,2024,3,22,4,Friday,0,0,13,Trayodashi (Shukla),0,0,0,0,0,0,0,None,0,1,0,0,0,None,48000,2,4.0,1.5,3.5,3.71,19200,211200,LOW
2024-03-23,2024,3,23,5,Saturday,1,1,14,Chaturdashi (Shukla),0,0,0,0,0,0,0,None,0,1,0,0,0,None,68464,17,12.4,3.1,6.8,4.1,27385,301241,MODERATE
2024-03-24,2024,3,24,6,Sunday,1,1,15,Pournami (Full Moon),0,1,0,0,0,0,0,None,0,1,0,0,0,None,80135,26,19.4,4.7,10.7,4.32,32054,352594,HIGH
2024-03-25,2024,3,25,0,Monday,0,1,16,Pratipada (Krishna),0,0,0,0,0,0,0,None,0,1,0,1,1,Holi,63577,13,10.1,2.7,5.6,4.01,25430,279738,MODERATE
2024-03-26,2024,3,26,1,Tuesday,0,0,17,Dwitiya (Krishna),0,0,0,0,0,0,0,None,0,1,0,0,0,None,48000,2,4.0,1.5,3.5,3.71,19200,211200,LOW
2024-03-27,2024,3,27,2,Wednesday,0,0,18,Tritiya (Krishna),0,0,0,0,0,0,0,None,0,1,0,0,0,None,48000,2,4.0,1.5,3.5,3.71,19200,211200,LOW
2024-03-28,2024,3,28,3,Thursday,0,0,19,Chaturthi (Krishna),0,0,0,0,0,0,0,None,0,1,0,0,0,None,48000,2,4.0,1.5,3.5,3.71,19200,211200,LOW
2024-03-29,2024,3,29,4,Friday,0,1,20,Panchami (Krishna),0,0,0,0,0,0,0,None,0,1,0,1,1,Good Friday,80895,27,19.9,4.8,10.9,4.34,32358,355938,HIGH
2024-03-30,2024,3,30,5,Saturday,1,1,21,Shasthi (Krishna),0,0,0,0,0,0,0,None,0,1,0,0,0,None,69405,18,12.8,3.2,7.0,4.12,27762,305382,MODERATE
2024-03-31,2024,3,31,6,Sunday,1,1,22,Saptami (Krishna),0,0,0,0,0,0,0,None,0,1,0,0,0,None,65159,15,10.8,2.8,5.9,4.04,26063,286699,MODERATE
2024-04-01,2024,4,1,0,Monday,0,0,23,Ashtami (Krishna),0,0,0,0,0,0,0,None,0,1,0,0,0,None,48000,2,4.0,1.5,3.5,3.71,19200,211200,LOW
2024-04-02,2024,4,2,1,Tuesday,0,0,24,Navami (Krishna),0,0,0,0,0,0,0,None,0,1,0,0,0,None,48000,2,4.0,1.5,3.5,3.71,19200,211200,LOW
2024-04-03,2024,4,3,2,Wednesday,0,0,25,Dashami (Krishna),0,0,0,0,0,0,0,None,0,1,0,0,0,None,48000,2,4.0,1.5,3.5,3.71,19200,211200,LOW
2024-04-04,2024,4,4,3,Thursday,0,0,26,Ekadashi (Krishna),1,0,0,0,0,0,0,None,0,1,0,0,0,None,48000,2,4.0,1.5,3.5,3.71,19200,211200,LOW
2024-04-05,2024,4,5,4,Friday,0,0,27,Dwadashi (Krishna),0,0,0,0,0,0,0,None,0,1,0,0,0,None,48795,2,4.3,1.6,3.5,3.73,19518,214698,LOW
2024-04-06,2024,4,6,5,Saturday,1,0,28,Trayodashi (Krishna),0,0,0,0,0,0,0,None,0,1,0,0,0,None,55801,8,6.7,2.0,3.7,3.86,22320,245524,LOW
2024-04-07,2024,4,7,6,Sunday,1,0,29,Chaturdashi (Krishna),0,0,0,0,0,0,0,None,0,1,0,0,0,None,53415,6,5.9,1.9,3.5,3.81,21366,235026,LOW
2024-04-08,2024,4,8,0,Monday,0,0,30,Amavasya (New Moon),0,0,1,0,0,0,0,None,0,1,0,0,0,None,48000,2,4.0,1.5,3.5,3.71,19200,211200,LOW
2024-04-09,2024,4,9,1,Tuesday,0,0,1,Pratipada (Shukla),0,0,0,0,0,0,0,Ugadi (Telugu New Year),0,1,0,1,1,Ugadi,63315,13,10.0,2.6,5.5,4.0,25326,278586,MODERATE
2024-04-10,2024,4,10,2,Wednesday,0,0,2,Dwitiya (Shukla),0,0,0,0,0,0,0,None,0,1,0,0,0,None,48000,2,4.0,1.5,3.5,3.71,19200,211200,LOW
2024-04-11,2024,4,11,3,Thursday,0,0,3,Tritiya (Shukla),0,0,0,0,0,0,0,None,0,0,0,1,1,Eid-ul-Fitr,66703,16,11.5,3.0,6.3,4.07,26681,293493,MODERATE
2024-04-12,2024,4,12,4,Friday,0,0,4,Chaturthi (Shukla),0,0,0,0,0,0,0,None,0,0,0,0,0,None,61794,12,9.3,2.5,5.1,3.97,24717,271893,LOW
2024-04-13,2024,4,13,5,Saturday,1,0,5,Panchami (Shukla),0,0,0,0,0,0,0,None,0,0,0,0,0,None,70090,18,13.1,3.3,7.2,4.13,28036,308396,MODERATE
2024-04-14,2024,4,14,6,Sunday,1,0,6,Shasthi (Shukla),0,0,0,0,0,0,0,None,0,0,0,1,1,Dr. B.R. Ambedkar Jayanti / Tamil New Year,85528,31,23.5,5.6,12.9,4.43,34211,376323,PEAK
2024-04-15,2024,4,15,0,Monday,0,0,7,Saptami (Shukla),0,0,0,0,0,0,0,None,0,0,1,0,0,None,80010,26,19.3,4.7,10.6,4.32,32004,352044,HIGH
2024-04-16,2024,4,16,1,Tuesday,0,0,8,Ashtami (Shukla),0,0,0,0,0,0,0,None,0,0,1,0,0,None,65926,15,11.2,2.9,6.2,4.05,26370,290074,MODERATE
2024-04-17,2024,4,17,2,Wednesday,0,0,9,Navami (Shukla),0,0,0,0,0,0,0,Sri Rama Navami,0,0,1,0,0,None,75432,22,16.3,3.9,9.0,4.23,30172,331900,HIGH
2024-04-18,2024,4,18,3,Thursday,0,0,10,Dashami (Shukla),0,0,0,0,0,0,0,None,0,0,1,0,0,None,65606,15,11.0,2.9,6.1,4.05,26242,288666,MODERATE
2024-04-19,2024,4,19,4,Friday,0,0,11,Ekadashi (Shukla),1,0,0,0,0,0,0,None,0,0,1,0,0,None,89643,31,27.6,6.1,15.2,4.5,35857,394429,PEAK
2024-04-20,2024,4,20,5,Saturday,1,0,12,Dwadashi (Shukla),0,0,0,0,0,0,0,None,0,0,1,0,0,None,91713,31,29.7,6.4,16.3,4.54,36685,403537,PEAK
2024-04-21,2024,4,21,6,Sunday,1,0,13,Trayodashi (Shukla),0,0,0,0,0,0,0,None,0,0,1,0,0,None,91969,31,30.0,6.5,16.5,4.55,36787,404663,PEAK
2024-04-22,2024,4,22,0,Monday,0,0,14,Chaturdashi (Shukla),0,0,0,0,0,0,0,None,0,0,1,0,0,None,83285,29,21.5,5.2,11.8,4.38,33314,366454,HIGH
2024-04-23,2024,4,23,1,Tuesday,0,0,15,Pournami (Full Moon),0,1,0,0,0,0,0,None,0,0,1,0,0,None,80659,27,19.8,4.8,10.9,4.33,32263,354899,HIGH
2024-04-24,2024,4,24,2,Wednesday,0,0,16,Pratipada (Krishna),0,0,0,0,0,0,0,None,0,0,1,0,0,None,61607,12,9.2,2.5,5.1,3.97,24642,271070,LOW
2024-04-25,2024,4,25,3,Thursday,0,0,17,Dwitiya (Krishna),0,0,0,0,0,0,0,None,0,0,1,0,0,None,68185,17,12.2,3.1,6.7,4.1,27274,300014,MODERATE
2024-04-26,2024,4,26,4,Friday,0,0,18,Tritiya (Krishna),0,0,0,0,0,0,0,None,0,0,1,0,0,None,81553,27,20.4,4.9,11.2,4.35,32621,358833,HIGH
2024-04-27,2024,4,27,5,Saturday,1,0,19,Chaturthi (Krishna),0,0,0,0,0,0,0,None,0,0,1,0,0,None,87812,31,25.8,5.9,14.2,4.47,35124,386372,PEAK
2024-04-28,2024,4,28,6,Sunday,1,0,20,Panchami (Krishna),0,0,0,0,0,0,0,None,0,0,1,0,0,None,89325,31,27.3,6.1,15.0,4.5,35730,393030,PEAK
2024-04-29,2024,4,29,0,Monday,0,0,21,Shasthi (Krishna),0,0,0,0,0,0,0,None,0,0,1,0,0,None,82359,28,20.9,5.1,11.5,4.36,32943,362379,HIGH
2024-04-30,2024,4,30,1,Tuesday,0,0,22,Saptami (Krishna),0,0,0,0,0,0,0,None,0,0,1,0,0,None,68262,17,12.3,3.1,6.8,4.1,27304,300352,MODERATE
2024-05-01,2024,5,1,2,Wednesday,0,0,23,Ashtami (Krishna),0,0,0,0,0,0,0,None,0,0,1,1,1,May Day / Labour Day,82109,28,20.7,5.0,11.4,4.36,32843,361279,HIGH
2024-05-02,2024,5,2,3,Thursday,0,0,24,Navami (Krishna),0,0,0,0,0,0,0,None,0,0,1,0,0,None,69958,18,13.1,3.3,7.2,4.13,27983,307815,MODERATE
2024-05-03,2024,5,3,4,Friday,0,0,25,Dashami (Krishna),0,0,0,0,0,0,0,None,0,0,1,0,0,None,81191,27,20.1,4.9,11.1,4.34,32476,357240,HIGH
2024-05-04,2024,5,4,5,Saturday,1,0,26,Ekadashi (Krishna),1,0,0,0,0,0,0,None,0,0,1,0,0,None,98000,31,36.0,7.3,19.8,4.66,39200,431200,PEAK
2024-05-05,2024,5,5,6,Sunday,1,0,27,Dwadashi (Krishna),0,0,0,0,0,0,0,None,0,0,1,0,0,None,95289,31,33.3,6.9,18.3,4.61,38115,419271,PEAK
2024-05-06,2024,5,6,0,Monday,0,0,29,Chaturdashi (Krishna),0,0,0,0,0,0,0,None,0,0,1,0,0,None,84914,31,22.9,5.5,12.6,4.41,33965,373621,PEAK
2024-05-07,2024,5,7,1,Tuesday,0,0,30,Amavasya (New Moon),0,0,1,0,0,0,0,None,0,0,1,0,0,None,68272,17,12.3,3.1,6.8,4.1,27308,300396,MODERATE
2024-05-08,2024,5,8,2,Wednesday,0,0,1,Pratipada (Shukla),0,0,0,0,0,0,0,None,0,0,1,0,0,None,64042,14,10.3,2.7,5.7,4.02,25616,281784,MODERATE
2024-05-09,2024,5,9,3,Thursday,0,0,2,Dwitiya (Shukla),0,0,0,0,0,0,0,None,0,0,1,0,0,None,66437,16,11.4,2.9,6.3,4.06,26574,292322,MODERATE
2024-05-10,2024,5,10,4,Friday,0,0,3,Tritiya (Shukla),0,0,0,0,0,0,0,None,0,0,1,0,0,None,81178,27,20.1,4.9,11.1,4.34,32471,357183,HIGH
2024-05-11,2024,5,11,5,Saturday,1,0,4,Chaturthi (Shukla),0,0,0,0,0,0,0,None,0,0,1,0,0,None,88459,31,26.5,6.0,14.6,4.48,35383,389219,PEAK
2024-05-12,2024,5,12,6,Sunday,1,0,5,Panchami (Shukla),0,0,0,0,0,0,0,None,0,0,1,0,0,None,88164,31,26.2,5.9,14.4,4.48,35265,387921,PEAK
2024-05-13,2024,5,13,0,Monday,0,0,6,Shasthi (Shukla),0,0,0,0,0,0,0,None,0,0,1,0,0,None,81882,28,20.6,5.0,11.3,4.36,32752,360280,HIGH
2024-05-14,2024,5,14,1,Tuesday,0,0,7,Saptami (Shukla),0,0,0,0,0,0,0,None,0,0,1,0,0,None,67607,16,12.0,3.1,6.6,4.08,27042,297470,MODERATE
2024-05-15,2024,5,15,2,Wednesday,0,0,8,Ashtami (Shukla),0,0,0,0,0,0,0,None,0,0,1,0,0,None,62190,12,9.4,2.5,5.2,3.98,24876,273636,MODERATE
2024-05-16,2024,5,16,3,Thursday,0,0,9,Navami (Shukla),0,0,0,0,0,0,0,None,0,0,1,0,0,None,66936,16,11.6,3.0,6.4,4.07,26774,294518,MODERATE
2024-05-17,2024,5,17,4,Friday,0,0,10,Dashami (Shukla),0,0,0,0,0,0,0,None,0,0,1,0,0,None,83021,29,21.3,5.2,11.7,4.38,33208,365292,HIGH
2024-05-18,2024,5,18,5,Saturday,1,0,11,Ekadashi (Shukla),1,0,0,0,0,0,0,None,0,0,1,0,0,None,97335,31,35.3,7.2,19.4,4.65,38934,428274,PEAK
2024-05-19,2024,5,19,6,Sunday,1,0,12,Dwadashi (Shukla),0,0,0,0,0,0,0,None,0,0,1,0,0,None,92935,31,30.9,6.6,17.0,4.57,37174,408914,PEAK
2024-05-20,2024,5,20,0,Monday,0,0,13,Trayodashi (Shukla),0,0,0,0,0,0,0,None,0,0,1,0,0,None,82642,28,21.1,5.1,11.6,4.37,33056,363624,HIGH
2024-05-21,2024,5,21,1,Tuesday,0,0,14,Chaturdashi (Shukla),0,0,0,0,0,0,0,None,0,0,1,0,0,None,67681,16,12.0,3.1,6.6,4.09,27072,297796,MODERATE
2024-05-22,2024,5,22,2,Wednesday,0,0,15,Pournami (Full Moon),0,1,0,0,0,0,0,None,0,0,1,0,0,None,74090,21,15.4,3.7,8.5,4.21,29636,325996,HIGH
2024-05-23,2024,5,23,3,Thursday,0,0,16,Pratipada (Krishna),0,0,0,0,0,0,0,None,0,0,1,0,0,None,66032,15,11.2,2.9,6.2,4.05,26412,290540,MODERATE
2024-05-24,2024,5,24,4,Friday,0,0,17,Dwitiya (Krishna),0,0,0,0,0,0,0,None,0,0,1,0,0,None,81842,28,20.6,5.0,11.3,4.35,32736,360104,HIGH
2024-05-25,2024,5,25,5,Saturday,1,0,18,Tritiya (Krishna),0,0,0,0,0,0,0,None,0,0,1,0,0,None,88128,31,26.1,5.9,14.4,4.47,35251,387763,PEAK
2024-05-26,2024,5,26,6,Sunday,1,0,19,Chaturthi (Krishna),0,0,0,0,0,0,0,None,0,0,1,0,0,None,89119,31,27.1,6.1,14.9,4.49,35647,392123,PEAK
2024-05-27,2024,5,27,0,Monday,0,0,20,Panchami (Krishna),0,0,0,0,0,0,0,None,0,0,1,0,0,None,81865,28,20.6,5.0,11.3,4.36,32746,360206,HIGH
2024-05-28,2024,5,28,1,Tuesday,0,0,21,Shasthi (Krishna),0,0,0,0,0,0,0,None,0,0,1,0,0,None,67130,16,11.7,3.0,6.4,4.08,26852,295372,MODERATE
2024-05-29,2024,5,29,2,Wednesday,0,0,22,Saptami (Krishna),0,0,0,0,0,0,0,None,0,0,1,0,0,None,62696,13,9.7,2.6,5.3,3.99,25078,275862,MODERATE
2024-05-30,2024,5,30,3,Thursday,0,0,23,Ashtami (Krishna),0,0,0,0,0,0,0,None,0,0,1,0,0,None,64796,14,10.7,2.8,5.9,4.03,25918,285102,MODERATE
2024-05-31,2024,5,31,4,Friday,0,0,24,Navami (Krishna),0,0,0,0,0,0,0,None,0,0,1,0,0,None,80180,26,19.5,4.7,10.7,4.32,32072,352792,HIGH
2024-06-01,2024,6,1,5,Saturday,1,0,25,Dashami (Krishna),0,0,0,0,0,0,0,None,0,0,1,0,0,None,86032,31,24.0,5.6,13.2,4.43,34412,378540,PEAK
2024-06-02,2024,6,2,6,Sunday,1,0,26,Ekadashi (Krishna),1,0,0,0,0,0,0,None,0,0,1,0,0,None,96194,31,34.2,7.0,18.8,4.63,38477,423253,PEAK
2024-06-03,2024,6,3,0,Monday,0,0,27,Dwadashi (Krishna),0,0,0,0,0,0,0,None,0,0,1,0,0,None,86243,31,24.2,5.7,13.3,4.44,34497,379469,PEAK
2024-06-04,2024,6,4,1,Tuesday,0,0,28,Trayodashi (Krishna),0,0,0,0,0,0,0,None,0,0,1,0,0,None,70055,18,13.1,3.3,7.2,4.13,28022,308242,MODERATE
2024-06-05,2024,6,5,2,Wednesday,0,0,29,Chaturdashi (Krishna),0,0,0,0,0,0,0,None,0,0,1,0,0,None,64904,14,10.7,2.8,5.9,4.03,25961,285577,MODERATE
2024-06-06,2024,6,6,3,Thursday,0,0,30,Amavasya (New Moon),0,0,1,0,0,0,0,None,0,0,1,0,0,None,63729,14,10.2,2.7,5.6,4.01,25491,280407,MODERATE
2024-06-07,2024,6,7,4,Friday,0,0,1,Pratipada (Shukla),0,0,0,0,0,0,0,None,0,0,1,0,0,None,81048,27,20.0,4.8,11.0,4.34,32419,356611,HIGH
2024-06-08,2024,6,8,5,Saturday,1,0,2,Dwitiya (Shukla),0,0,0,0,0,0,0,None,0,0,1,0,0,None,87724,31,25.7,5.9,14.1,4.47,35089,385985,PEAK
2024-06-09,2024,6,9,6,Sunday,1,0,3,Tritiya (Shukla),0,0,0,0,0,0,0,None,0,0,1,0,0,None,88292,31,26.3,6.0,14.5,4.48,35316,388484,PEAK
2024-06-10,2024,6,10,0,Monday,0,0,4,Chaturthi (Shukla),0,0,0,0,0,0,0,None,0,0,1,0,0,None,80666,27,19.8,4.8,10.9,4.33,32266,354930,HIGH
2024-06-11,2024,6,11,1,Tuesday,0,0,5,Panchami (Shukla),0,0,0,0,0,0,0,None,0,0,0,0,0,None,48488,2,4.2,1.5,3.5,3.72,19395,213347,LOW
2024-06-12,2024,6,12,2,Wednesday,0,0,6,Shasthi (Shukla),0,0,0,0,0,0,0,None,0,0,0,0,0,None,48000,2,4.0,1.5,3.5,3.71,19200,211200,LOW
2024-06-13,2024,6,13,3,Thursday,0,0,7,Saptami (Shukla),0,0,0,0,0,0,0,None,0,0,0,0,0,None,49365,3,4.5,1.6,3.5,3.74,19746,217206,LOW
2024-06-14,2024,6,14,4,Friday,0,0,8,Ashtami (Shukla),0,0,0,0,0,0,0,None,0,0,0,0,0,None,61200,12,9.0,2.4,5.0,3.96,24480,269280,LOW
2024-06-15,2024,6,15,5,Saturday,1,1,9,Navami (Shukla),0,0,0,0,0,0,0,None,0,0,0,0,0,None,83344,29,21.6,5.2,11.9,4.38,33337,366713,HIGH
2024-06-16,2024,6,16,6,Sunday,1,1,10,Dashami (Shukla),0,0,0,0,0,0,0,None,0,0,0,0,0,None,84750,31,22.8,5.5,12.5,4.41,33900,372900,PEAK
2024-06-17,2024,6,17,0,Monday,0,1,11,Ekadashi (Shukla),1,0,0,0,0,0,0,None,0,0,0,1,1,Bakrid,93350,31,31.4,6.7,17.3,4.57,37340,410740,PEAK
2024-06-18,2024,6,18,1,Tuesday,0,0,12,Dwadashi (Shukla),0,0,0,0,0,0,0,None,0,0,0,0,0,None,65410,15,10.9,2.8,6.0,4.04,26164,287804,MODERATE
2024-06-19,2024,6,19,2,Wednesday,0,0,13,Trayodashi (Shukla),0,0,0,0,0,0,0,None,0,0,0,0,0,None,48000,2,4.0,1.5,3.5,3.71,19200,211200,LOW
2024-06-20,2024,6,20,3,Thursday,0,0,14,Chaturdashi (Shukla),0,0,0,0,0,0,0,None,0,0,0,0,0,None,49288,3,4.5,1.6,3.5,3.74,19715,216867,LOW
2024-06-21,2024,6,21,4,Friday,0,0,15,Pournami (Full Moon),0,1,0,0,0,0,0,None,0,0,0,0,0,None,71310,19,13.7,3.4,7.5,4.15,28524,313764,MODERATE
2024-06-22,2024,6,22,5,Saturday,1,0,16,Pratipada (Krishna),0,0,0,0,0,0,0,None,0,0,0,0,0,None,74039,21,15.4,3.7,8.5,4.21,29615,325771,HIGH
2024-06-23,2024,6,23,6,Sunday,1,0,17,Dwitiya (Krishna),0,0,0,0,0,0,0,None,0,0,0,0,0,None,66117,15,11.3,2.9,6.2,4.06,26446,290914,MODERATE
2024-06-24,2024,6,24,0,Monday,0,0,18,Tritiya (Krishna),0,0,0,0,0,0,0,None,0,0,0,0,0,None,51541,4,5.2,1.7,3.5,3.78,20616,226780,LOW
2024-06-25,2024,6,25,1,Tuesday,0,0,19,Chaturthi (Krishna),0,0,0,0,0,0,0,None,0,0,0,0,0,None,48000,2,4.0,1.5,3.5,3.71,19200,211200,LOW
2024-06-26,2024,6,26,2,Wednesday,0,0,20,Panchami (Krishna),0,0,0,0,0,0,0,None,0,0,0,0,0,None,48000,2,4.0,1.5,3.5,3.71,19200,211200,LOW
2024-06-27,2024,6,27,3,Thursday,0,0,21,Shasthi (Krishna),0,0,0,0,0,0,0,None,0,0,0,0,0,None,50382,3,4.8,1.7,3.5,3.76,20152,221680,LOW
2024-06-28,2024,6,28,4,Friday,0,0,22,Saptami (Krishna),0,0,0,0,0,0,0,None,0,0,0,0,0,None,60767,11,8.8,2.4,4.8,3.95,24306,267374,LOW
2024-06-29,2024,6,29,5,Saturday,1,0,23,Ashtami (Krishna),0,0,0,0,0,0,0,None,0,0,0,0,0,None,70738,19,13.4,3.4,7.4,4.14,28295,311247,MODERATE
2024-06-30,2024,6,30,6,Sunday,1,0,24,Navami (Krishna),0,0,0,0,0,0,0,None,0,0,0,0,0,None,65796,15,11.1,2.9,6.1,4.05,26318,289502,MODERATE
2024-07-01,2024,7,1,0,Monday,0,0,25,Dashami (Krishna),0,0,0,0,0,0,0,None,0,0,0,0,0,None,53514,6,5.9,1.9,3.5,3.82,21405,235461,LOW
2024-07-02,2024,7,2,1,Tuesday,0,0,26,Ekadashi (Krishna),1,0,0,0,0,0,0,None,0,0,0,0,0,None,56714,8,7.0,2.1,3.9,3.88,22685,249541,LOW
2024-07-03,2024,7,3,2,Wednesday,0,0,27,Dwadashi (Krishna),0,0,0,0,0,0,0,None,0,0,0,0,0,None,48000,2,4.0,1.5,3.5,3.71,19200,211200,LOW
2024-07-04,2024,7,4,3,Thursday,0,0,28,Trayodashi (Krishna),0,0,0,0,0,0,0,None,0,0,0,0,0,None,49043,2,4.4,1.6,3.5,3.73,19617,215789,LOW
2024-07-05,2024,7,5,4,Friday,0,0,29,Chaturdashi (Krishna),0,0,0,0,0,0,0,None,0,0,0,0,0,None,60596,11,8.7,2.4,4.8,3.95,24238,266622,LOW
2024-07-06,2024,7,6,5,Saturday,1,0,30,Amavasya (New Moon),0,0,1,0,0,0,0,None,0,0,0,0,0,None,71805,19,13.9,3.5,7.6,4.16,28722,315942,MODERATE
2024-07-07,2024,7,7,6,Sunday,1,0,1,Pratipada (Shukla),0,0,0,0,0,0,0,None,0,0,0,0,0,None,66899,16,11.6,3.0,6.4,4.07,26759,294355,MODERATE
2024-07-08,2024,7,8,0,Monday,0,0,3,Tritiya (Shukla),0,0,0,0,0,0,0,None,0,0,0,0,0,None,53786,6,6.0,1.9,3.5,3.82,21514,236658,LOW
2024-07-09,2024,7,9,1,Tuesday,0,0,4,Chaturthi (Shukla),0,0,0,0,0,0,0,None,0,0,0,0,0,None,48000,2,4.0,1.5,3.5,3.71,19200,211200,LOW
2024-07-10,2024,7,10,2,Wednesday,0,0,5,Panchami (Shukla),0,0,0,0,0,0,0,None,0,0,0,0,0,None,48000,2,4.0,1.5,3.5,3.71,19200,211200,LOW
2024-07-11,2024,7,11,3,Thursday,0,0,6,Shasthi (Shukla),0,0,0,0,0,0,0,None,0,0,0,0,0,None,49800,3,4.6,1.6,3.5,3.75,19920,219120,LOW
2024-07-12,2024,7,12,4,Friday,0,0,7,Saptami (Shukla),0,0,0,0,0,0,0,None,0,0,0,0,0,None,59926,11,8.4,2.3,4.6,3.94,23970,263674,LOW
2024-07-13,2024,7,13,5,Saturday,1,0,8,Ashtami (Shukla),0,0,0,0,0,0,0,None,0,0,0,0,0,None,69009,17,12.6,3.2,6.9,4.11,27603,303639,MODERATE
2024-07-14,2024,7,14,6,Sunday,1,0,9,Navami (Shukla),0,0,0,0,0,0,0,None,0,0,0,0,0,None,69508,18,12.8,3.3,7.0,4.12,27803,305835,MODERATE
2024-07-15,2024,7,15,0,Monday,0,0,10,Dashami (Shukla),0,0,0,0,0,0,0,None,0,0,0,0,0,None,51594,4,5.3,1.7,3.5,3.78,20637,227013,LOW
2024-07-16,2024,7,16,1,Tuesday,0,0,11,Ekadashi (Shukla),1,0,0,0,0,0,0,None,0,0,0,0,0,None,56230,8,6.9,2.0,3.8,3.87,22492,247412,LOW
2024-07-17,2024,7,17,2,Wednesday,0,0,12,Dwadashi (Shukla),0,0,0,0,0,0,0,None,0,0,0,1,1,Muharram,62481,13,9.6,2.5,5.3,3.99,24992,274916,MODERATE
2024-07-18,2024,7,18,3,Thursday,0,0,13,Trayodashi (Shukla),0,0,0,0,0,0,0,None,0,0,0,0,0,None,48000,2,4.0,1.5,3.5,3.71,19200,211200,LOW
2024-07-19,2024,7,19,4,Friday,0,0,14,Chaturdashi (Shukla),0,0,0,0,0,0,0,None,0,0,0,0,0,None,63901,14,10.2,2.7,5.6,4.01,25560,281164,MODERATE
2024-07-20,2024,7,20,5,Saturday,1,0,15,Pournami (Full Moon),0,1,0,0,0,0,0,None,0,0,0,0,0,None,81823,28,20.5,5.0,11.3,4.35,32729,360021,HIGH
2024-07-21,2024,7,21,6,Sunday,1,0,16,Pratipada (Krishna),0,0,0,0,0,0,0,None,0,0,0,0,0,None,70724,19,13.4,3.4,7.4,4.14,28289,311185,MODERATE
2024-07-22,2024,7,22,0,Monday,0,0,17,Dwitiya (Krishna),0,0,0,0,0,0,0,None,0,0,0,0,0,None,53330,6,5.9,1.9,3.5,3.81,21332,234652,LOW
2024-07-23,2024,7,23,1,Tuesday,0,0,18,Tritiya (Krishna),0,0,0,0,0,0,0,None,0,0,0,0,0,None,48000,2,4.0,1.5,3.5,3.71,19200,211200,LOW
2024-07-24,2024,7,24,2,Wednesday,0,0,19,Chaturthi (Krishna),0,0,0,0,0,0,0,None,0,0,0,0,0,None,48000,2,4.0,1.5,3.5,3.71,19200,211200,LOW
2024-07-25,2024,7,25,3,Thursday,0,0,20,Panchami (Krishna),0,0,0,0,0,0,0,None,0,0,0,0,0,None,48008,2,4.0,1.5,3.5,3.71,19203,211235,LOW
2024-07-26,2024,7,26,4,Friday,0,0,21,Shasthi (Krishna),0,0,0,0,0,0,0,None,0,0,0,0,0,None,63816,14,10.2,2.7,5.6,4.01,25526,280790,MODERATE
2024-07-27,2024,7,27,5,Saturday,1,0,22,Saptami (Krishna),0,0,0,0,0,0,0,None,0,0,0,0,0,None,71949,19,14.0,3.5,7.7,4.17,28779,316575,MODERATE
2024-07-28,2024,7,28,6,Sunday,1,0,23,Ashtami (Krishna),0,0,0,0,0,0,0,None,0,0,0,0,0,None,69194,17,12.7,3.2,7.0,4.11,27677,304453,MODERATE
2024-07-29,2024,7,29,0,Monday,0,0,24,Navami (Krishna),0,0,0,0,0,0,0,None,0,0,0,0,0,None,53792,6,6.0,1.9,3.5,3.82,21516,236684,LOW
2024-07-30,2024,7,30,1,Tuesday,0,0,25,Dashami (Krishna),0,0,0,0,0,0,0,None,0,0,0,0,0,None,48000,2,4.0,1.5,3.5,3.71,19200,211200,LOW
2024-07-31,2024,7,31,2,Wednesday,0,0,26,Ekadashi (Krishna),1,0,0,0,0,0,0,None,0,0,0,0,0,None,56238,8,6.9,2.0,3.8,3.87,22495,247447,LOW
2024-08-01,2024,8,1,3,Thursday,0,0,27,Dwadashi (Krishna),0,0,0,0,0,0,0,None,0,0,0,0,0,None,48000,2,4.0,1.5,3.5,3.71,19200,211200,LOW
2024-08-02,2024,8,2,4,Friday,0,0,28,Trayodashi (Krishna),0,0,0,0,0,0,0,None,0,0,0,0,0,None,60281,11,8.6,2.3,4.7,3.95,24112,265236,LOW
2024-08-03,2024,8,3,5,Saturday,1,0,29,Chaturdashi (Krishna),0,0,0,0,0,0,0,None,0,0,0,0,0,None,69100,17,12.7,3.2,7.0,4.11,27640,304040,MODERATE
2024-08-04,2024,8,4,6,Sunday,1,0,30,Amavasya (New Moon),0,0,1,0,0,0,0,None,0,0,0,0,0,None,66449,16,11.4,2.9,6.3,4.06,26579,292375,MODERATE
2024-08-05,2024,8,5,0,Monday,0,0,1,Pratipada (Shukla),0,0,0,0,0,0,0,None,0,0,0,0,0,None,51578,4,5.3,1.7,3.5,3.78,20631,226943,LOW
2024-08-06,2024,8,6,1,Tuesday,0,0,2,Dwitiya (Shukla),0,0,0,0,0,0,0,None,0,0,0,0,0,None,48255,2,4.1,1.5,3.5,3.72,19302,212322,LOW
2024-08-07,2024,8,7,2,Wednesday,0,0,3,Tritiya (Shukla),0,0,0,0,0,0,0,None,0,0,0,0,0,None,48000,2,4.0,1.5,3.5,3.71,19200,211200,LOW
2024-08-08,2024,8,8,3,Thursday,0,0,4,Chaturthi (Shukla),0,0,0,0,0,0,0,None,0,0,0,0,0,None,48282,2,4.1,1.5,3.5,3.72,19312,212440,LOW
2024-08-09,2024,8,9,4,Friday,0,0,5,Panchami (Shukla),0,0,0,0,0,0,0,None,0,0,0,0,0,None,60300,11,8.6,2.3,4.7,3.95,24120,265320,LOW
2024-08-10,2024,8,10,5,Saturday,1,0,6,Shasthi (Shukla),0,0,0,0,0,0,0,None,0,0,0,0,0,None,70616,19,13.4,3.4,7.4,4.14,28246,310710,MODERATE
2024-08-11,2024,8,11,6,Sunday,1,0,7,Saptami (Shukla),0,0,0,0,0,0,0,None,0,0,0,0,0,None,65803,15,11.1,2.9,6.1,4.05,26321,289533,MODERATE
2024-08-12,2024,8,12,0,Monday,0,0,8,Ashtami (Shukla),0,0,0,0,0,0,0,None,0,0,0,0,0,None,53493,6,5.9,1.9,3.5,3.82,21397,235369,LOW
2024-08-13,2024,8,13,1,Tuesday,0,0,9,Navami (Shukla),0,0,0,0,0,0,0,None,0,0,0,0,0,None,48255,2,4.1,1.5,3.5,3.72,19302,212322,LOW
2024-08-14,2024,8,14,2,Wednesday,0,0,10,Dashami (Shukla),0,0,0,0,0,0,0,None,0,0,0,0,0,None,48000,2,4.0,1.5,3.5,3.71,19200,211200,LOW
2024-08-15,2024,8,15,3,Thursday,0,0,11,Ekadashi (Shukla),1,0,0,0,0,0,0,None,0,0,0,1,1,Independence Day,80736,27,19.8,4.8,10.9,4.33,32294,355238,HIGH
2024-08-16,2024,8,16,4,Friday,0,0,12,Dwadashi (Shukla),0,0,0,0,0,0,0,Varalakshmi Vratam,0,0,0,0,0,None,79421,26,18.9,4.6,10.4,4.31,31768,349452,HIGH
2024-08-17,2024,8,17,5,Saturday,1,0,13,Trayodashi (Shukla),0,0,0,0,0,0,0,None,0,0,0,0,0,None,71220,19,13.6,3.4,7.5,4.15,28488,313368,MODERATE
2024-08-18,2024,8,18,6,Sunday,1,0,14,Chaturdashi (Shukla),0,0,0,0,0,0,0,None,0,0,0,0,0,None,65557,15,11.0,2.9,6.1,4.05,26222,288450,MODERATE
2024-08-19,2024,8,19,0,Monday,0,0,15,Pournami (Full Moon),0,1,0,0,0,0,0,None,0,0,0,0,0,None,61519,12,9.1,2.5,5.0,3.97,24607,270683,LOW
2024-08-20,2024,8,20,1,Tuesday,0,0,16,Pratipada (Krishna),0,0,0,0,0,0,0,None,0,0,0,0,0,None,48000,2,4.0,1.5,3.5,3.71,19200,211200,LOW
2024-08-21,2024,8,21,2,Wednesday,0,0,17,Dwitiya (Krishna),0,0,0,0,0,0,0,None,0,0,0,0,0,None,48000,2,4.0,1.5,3.5,3.71,19200,211200,LOW
2024-08-22,2024,8,22,3,Thursday,0,0,18,Tritiya (Krishna),0,0,0,0,0,0,0,None,0,0,0,0,0,None,48051,2,4.0,1.5,3.5,3.71,19220,211424,LOW
2024-08-23,2024,8,23,4,Friday,0,0,19,Chaturthi (Krishna),0,0,0,0,0,0,0,None,0,0,0,0,0,None,59663,11,8.3,2.3,4.6,3.93,23865,262517,LOW
2024-08-24,2024,8,24,5,Saturday,1,0,20,Panchami (Krishna),0,0,0,0,0,0,0,None,0,0,0,0,0,None,69207,18,12.7,3.2,7.0,4.11,27682,304510,MODERATE
2024-08-25,2024,8,25,6,Sunday,1,0,21,Shasthi (Krishna),0,0,0,0,0,0,0,None,0,0,0,0,0,None,69202,18,12.7,3.2,7.0,4.11,27680,304488,MODERATE
2024-08-26,2024,8,26,0,Monday,0,0,22,Saptami (Krishna),0,0,0,0,0,0,0,None,0,0,0,0,0,None,54883,7,6.4,2.0,3.5,3.84,21953,241485,LOW
2024-08-27,2024,8,27,1,Tuesday,0,0,23,Ashtami (Krishna),0,0,0,0,0,0,0,None,0,0,0,0,0,None,48000,2,4.0,1.5,3.5,3.71,19200,211200,LOW
2024-08-28,2024,8,28,2,Wednesday,0,0,24,Navami (Krishna),0,0,0,0,0,0,0,None,0,0,0,0,0,None,48000,2,4.0,1.5,3.5,3.71,19200,211200,LOW
2024-08-29,2024,8,29,3,Thursday,0,0,25,Dashami (Krishna),0,0,0,0,0,0,0,None,0,0,0,0,0,None,49318,3,4.5,1.6,3.5,3.74,19727,216999,LOW
2024-08-30,2024,8,30,4,Friday,0,0,26,Ekadashi (Krishna),1,0,0,0,0,0,0,None,0,0,0,0,0,None,74017,21,15.3,3.7,8.4,4.21,29606,325674,HIGH
2024-08-31,2024,8,31,5,Saturday,1,0,27,Dwadashi (Krishna),0,0,0,0,0,0,0,None,0,0,0,0,0,None,73218,21,14.8,3.6,8.1,4.19,29287,322159,HIGH
2024-09-01,2024,9,1,6,Sunday,1,0,28,Trayodashi (Krishna),0,0,0,0,0,0,0,None,0,0,0,0,0,None,67438,16,11.9,3.0,6.5,4.08,26975,296727,MODERATE
2024-09-02,2024,9,2,0,Monday,0,0,29,Chaturdashi (Krishna),0,0,0,0,0,0,0,None,0,0,0,0,0,None,51153,4,5.1,1.7,3.5,3.77,20461,225073,LOW
2024-09-03,2024,9,3,1,Tuesday,0,0,30,Amavasya (New Moon),0,0,1,0,0,0,0,None,0,0,0,0,0,None,48000,2,4.0,1.5,3.5,3.71,19200,211200,LOW
2024-09-04,2024,9,4,2,Wednesday,0,0,1,Pratipada (Shukla),0,0,0,0,0,0,0,None,0,0,0,0,0,None,48000,2,4.0,1.5,3.5,3.71,19200,211200,LOW
2024-09-05,2024,9,5,3,Thursday,0,0,2,Dwitiya (Shukla),0,0,0,0,0,0,0,None,0,0,0,0,0,None,48000,2,4.0,1.5,3.5,3.71,19200,211200,LOW
2024-09-06,2024,9,6,4,Friday,0,0,3,Tritiya (Shukla),0,0,0,0,0,0,0,None,0,0,0,0,0,None,60981,12,8.9,2.4,4.9,3.96,24392,268316,LOW
2024-09-07,2024,9,7,5,Saturday,1,0,4,Chaturthi (Shukla),0,0,0,0,0,0,0,None,0,0,0,1,1,Vinayaka Chavithi,87322,31,25.3,5.8,13.9,4.46,34928,384216,PEAK
2024-09-08,2024,9,8,6,Sunday,1,0,5,Panchami (Shukla),0,0,0,0,0,0,0,None,0,0,0,0,0,None,74903,22,15.9,3.8,8.7,4.22,29961,329573,HIGH
2024-09-09,2024,9,9,0,Monday,0,0,7,Saptami (Shukla),0,0,0,0,0,0,0,None,0,0,0,0,0,None,52739,5,5.7,1.8,3.5,3.8,21095,232051,LOW
2024-09-10,2024,9,10,1,Tuesday,0,0,8,Ashtami (Shukla),0,0,0,0,0,0,0,None,0,0,0,0,0,None,48441,2,4.2,1.5,3.5,3.72,19376,213140,LOW
2024-09-11,2024,9,11,2,Wednesday,0,0,9,Navami (Shukla),0,0,0,0,0,0,0,None,0,0,0,0,0,None,48000,2,4.0,1.5,3.5,3.71,19200,211200,LOW
2024-09-12,2024,9,12,3,Thursday,0,0,10,Dashami (Shukla),0,0,0,0,0,0,0,None,0,0,0,0,0,None,48793,2,4.3,1.6,3.5,3.73,19517,214689,LOW
2024-09-13,2024,9,13,4,Friday,0,0,11,Ekadashi (Shukla),1,0,0,0,0,0,0,None,0,0,0,0,0,None,72214,20,14.1,3.5,7.8,4.17,28885,317741,MODERATE
2024-09-14,2024,9,14,5,Saturday,1,1,12,Dwadashi (Shukla),0,0,0,0,0,0,0,None,0,0,0,0,0,None,82747,28,21.2,5.1,11.7,4.37,33098,364086,HIGH
2024-09-15,2024,9,15,6,Sunday,1,1,13,Trayodashi (Shukla),0,0,0,0,0,0,0,None,0,0,0,0,0,None,84315,31,22.3,5.4,12.3,4.4,33726,370986,PEAK
2024-09-16,2024,9,16,0,Monday,0,1,14,Chaturdashi (Shukla),0,0,0,0,0,0,0,None,0,0,0,1,1,Milad-un-Nabi,87599,31,25.6,5.9,14.1,4.46,35039,385435,PEAK
2024-09-17,2024,9,17,1,Tuesday,0,0,15,Pournami (Full Moon),0,1,0,1,0,0,0,None,0,0,0,0,0,None,65009,15,10.8,2.8,5.9,4.04,26003,286039,MODERATE
2024-09-18,2024,9,18,2,Wednesday,0,0,16,Pratipada (Krishna),0,0,0,1,0,0,0,None,0,0,0,0,0,None,48000,2,4.0,1.5,3.5,3.71,19200,211200,LOW
2024-09-19,2024,9,19,3,Thursday,0,0,17,Dwitiya (Krishna),0,0,0,1,0,0,0,None,0,0,0,0,0,None,48000,2,4.0,1.5,3.5,3.71,19200,211200,LOW
2024-09-20,2024,9,20,4,Friday,0,0,18,Tritiya (Krishna),0,0,0,1,0,0,0,None,0,0,0,0,0,None,72666,20,14.4,3.6,7.9,4.18,29066,319730,MODERATE
2024-09-21,2024,9,21,5,Saturday,1,0,19,Chaturthi (Krishna),0,0,0,1,1,0,0,None,0,0,0,0,0,None,87353,31,25.4,5.8,14.0,4.46,34941,384353,PEAK
2024-09-22,2024,9,22,6,Sunday,1,0,20,Panchami (Krishna),0,0,0,1,0,0,0,None,0,0,0,0,0,None,84343,31,22.3,5.4,12.3,4.4,33737,371109,PEAK
2024-09-23,2024,9,23,0,Monday,0,0,21,Shasthi (Krishna),0,0,0,1,0,0,0,None,0,0,0,0,0,None,56790,9,7.1,2.1,3.9,3.88,22716,249876,LOW
2024-09-24,2024,9,24,1,Tuesday,0,0,22,Saptami (Krishna),0,0,0,1,0,0,0,None,0,0,0,0,0,None,48774,2,4.3,1.6,3.5,3.73,19509,214605,LOW
2024-09-25,2024,9,25,2,Wednesday,0,0,23,Ashtami (Krishna),0,0,0,1,0,0,0,None,0,0,0,0,0,None,48000,2,4.0,1.5,3.5,3.71,19200,211200,LOW
2024-09-26,2024,9,26,3,Thursday,0,0,24,Navami (Krishna),0,0,0,1,0,0,0,None,0,0,0,0,0,None,48000,2,4.0,1.5,3.5,3.71,19200,211200,LOW
2024-09-27,2024,9,27,4,Friday,0,0,25,Dashami (Krishna),0,0,0,1,0,0,0,None,0,0,0,0,0,None,74267,21,15.5,3.7,8.5,4.21,29706,326774,HIGH
2024-09-28,2024,9,28,5,Saturday,1,0,26,Ekadashi (Krishna),1,0,0,1,1,0,0,None,0,0,0,0,0,None,95644,31,33.6,7.0,18.5,4.62,38257,420833,PEAK
2024-09-29,2024,9,29,6,Sunday,1,0,27,Dwadashi (Krishna),0,0,0,1,0,0,0,None,0,0,0,0,0,None,87112,31,25.1,5.8,13.8,4.46,34844,383292,PEAK
2024-09-30,2024,9,30,0,Monday,0,0,28,Trayodashi (Krishna),0,0,0,1,0,0,0,None,0,0,0,0,0,None,63197,13,9.9,2.6,5.4,4.0,25278,278066,MODERATE
2024-10-01,2024,10,1,1,Tuesday,0,0,29,Chaturdashi (Krishna),0,0,0,1,0,0,0,None,0,0,0,0,0,None,59110,10,8.0,2.2,4.4,3.92,23644,260084,LOW
2024-10-02,2024,10,2,2,Wednesday,0,0,30,Amavasya (New Moon),0,0,1,1,0,0,0,None,0,0,0,1,1,Gandhi Jayanti,80548,27,19.7,4.7,10.8,4.33,32219,354411,HIGH
2024-10-03,2024,10,3,3,Thursday,0,0,1,Pratipada (Shukla),0,0,0,1,0,0,0,None,0,0,0,0,0,None,63005,13,9.8,2.6,5.4,4.0,25202,277222,MODERATE
2024-10-04,2024,10,4,4,Friday,0,0,2,Dwitiya (Shukla),0,0,0,1,0,0,1,Salakatla Brahmotsavam (Day in Festival Window),0,0,0,0,0,None,98000,31,36.0,7.3,19.8,4.66,39200,431200,PEAK
2024-10-05,2024,10,5,5,Saturday,1,0,3,Tritiya (Shukla),0,0,0,1,1,0,1,Salakatla Brahmotsavam (Day in Festival Window),0,0,0,0,0,None,98000,31,36.0,7.3,19.8,4.66,39200,431200,PEAK
2024-10-06,2024,10,6,6,Sunday,1,0,4,Chaturthi (Shukla),0,0,0,1,0,0,1,Salakatla Brahmotsavam (Day in Festival Window),0,0,0,0,0,None,98000,31,36.0,7.3,19.8,4.66,39200,431200,PEAK
2024-10-07,2024,10,7,0,Monday,0,0,5,Panchami (Shukla),0,0,0,1,0,0,1,Salakatla Brahmotsavam (Day in Festival Window),0,0,0,0,0,None,98000,31,36.0,7.3,19.8,4.66,39200,431200,PEAK
2024-10-08,2024,10,8,1,Tuesday,0,0,6,Shasthi (Shukla),0,0,0,1,0,0,1,Salakatla Brahmotsavam (Garuda Seva Day!),0,0,0,0,0,None,98000,31,36.0,7.3,19.8,4.66,39200,431200,PEAK
2024-10-09,2024,10,9,2,Wednesday,0,0,7,Saptami (Shukla),0,0,0,1,0,0,1,Salakatla Brahmotsavam (Day in Festival Window),0,0,0,0,0,None,98000,31,36.0,7.3,19.8,4.66,39200,431200,PEAK
2024-10-10,2024,10,10,3,Thursday,0,0,8,Ashtami (Shukla),0,0,0,1,0,0,1,Salakatla Brahmotsavam (Day in Festival Window),0,0,0,0,0,None,98000,31,36.0,7.3,19.8,4.66,39200,431200,PEAK
2024-10-11,2024,10,11,4,Friday,0,1,9,Navami (Shukla),0,0,0,1,0,0,1,Salakatla Brahmotsavam (Day in Festival Window),0,0,0,1,1,Ayudha Puja,98000,31,36.0,7.3,19.8,4.66,39200,431200,PEAK
2024-10-12,2024,10,12,5,Saturday,1,1,10,Dashami (Shukla),0,0,0,1,1,0,1,Salakatla Brahmotsavam (Day in Festival Window),0,0,0,1,1,Vijayadasami,98000,31,36.0,7.3,19.8,4.66,39200,431200,PEAK
2024-10-13,2024,10,13,6,Sunday,1,1,11,Ekadashi (Shukla),1,0,0,1,0,0,0,None,0,0,0,0,0,None,98000,31,36.0,7.3,19.8,4.66,39200,431200,PEAK
2024-10-14,2024,10,14,0,Monday,0,0,12,Dwadashi (Shukla),0,0,0,1,0,0,0,None,0,0,0,0,0,None,98000,31,36.0,7.3,19.8,4.66,39200,431200,PEAK
2024-10-15,2024,10,15,1,Tuesday,0,0,13,Trayodashi (Shukla),0,0,0,1,0,0,0,None,0,0,0,0,0,None,98000,31,36.0,7.3,19.8,4.66,39200,431200,PEAK
2024-10-16,2024,10,16,2,Wednesday,0,0,14,Chaturdashi (Shukla),0,0,0,1,0,0,0,None,0,0,0,0,0,None,98000,31,36.0,7.3,19.8,4.66,39200,431200,PEAK
2024-10-17,2024,10,17,3,Thursday,0,0,15,Pournami (Full Moon),0,1,0,1,0,0,0,None,0,0,0,0,0,None,98000,31,36.0,7.3,19.8,4.66,39200,431200,PEAK
2024-10-18,2024,10,18,4,Friday,0,0,16,Pratipada (Krishna),0,0,0,0,0,0,0,None,0,0,0,0,0,None,98000,31,36.0,7.3,19.8,4.66,39200,431200,PEAK
2024-10-19,2024,10,19,5,Saturday,1,0,17,Dwitiya (Krishna),0,0,0,0,0,0,0,None,0,0,0,0,0,None,98000,31,36.0,7.3,19.8,4.66,39200,431200,PEAK
2024-10-20,2024,10,20,6,Sunday,1,0,18,Tritiya (Krishna),0,0,0,0,0,0,0,None,0,0,0,0,0,None,98000,31,36.0,7.3,19.8,4.66,39200,431200,PEAK
2024-10-21,2024,10,21,0,Monday,0,0,19,Chaturthi (Krishna),0,0,0,0,0,0,0,None,0,0,0,0,0,None,98000,31,36.0,7.3,19.8,4.66,39200,431200,PEAK
2024-10-22,2024,10,22,1,Tuesday,0,0,20,Panchami (Krishna),0,0,0,0,0,0,0,None,0,0,0,0,0,None,98000,31,36.0,7.3,19.8,4.66,39200,431200,PEAK
2024-10-23,2024,10,23,2,Wednesday,0,0,21,Shasthi (Krishna),0,0,0,0,0,0,0,None,0,0,0,0,0,None,98000,31,36.0,7.3,19.8,4.66,39200,431200,PEAK
2024-10-24,2024,10,24,3,Thursday,0,0,22,Saptami (Krishna),0,0,0,0,0,0,0,None,0,0,0,0,0,None,98000,31,36.0,7.3,19.8,4.66,39200,431200,PEAK
2024-10-25,2024,10,25,4,Friday,0,0,23,Ashtami (Krishna),0,0,0,0,0,0,0,None,0,0,0,0,0,None,97904,31,35.9,7.3,19.7,4.66,39161,430777,PEAK
2024-10-26,2024,10,26,5,Saturday,1,0,24,Navami (Krishna),0,0,0,0,0,0,0,None,0,0,0,0,0,None,87111,31,25.1,5.8,13.8,4.46,34844,383288,PEAK
2024-10-27,2024,10,27,6,Sunday,1,0,25,Dashami (Krishna),0,0,0,0,0,0,0,None,0,0,0,0,0,None,77978,24,18.0,4.3,9.9,4.28,31191,343103,HIGH
2024-10-28,2024,10,28,0,Monday,0,0,26,Ekadashi (Krishna),1,0,0,0,0,0,0,None,0,0,0,0,0,None,65631,15,11.0,2.9,6.1,4.05,26252,288776,MODERATE
2024-10-29,2024,10,29,1,Tuesday,0,0,27,Dwadashi (Krishna),0,0,0,0,0,0,0,None,0,0,0,0,0,None,49392,3,4.5,1.6,3.5,3.74,19756,217324,LOW
2024-10-30,2024,10,30,2,Wednesday,0,0,28,Trayodashi (Krishna),0,0,0,0,0,0,0,None,0,0,0,0,0,None,48000,2,4.0,1.5,3.5,3.71,19200,211200,LOW
2024-10-31,2024,10,31,3,Thursday,0,0,29,Chaturdashi (Krishna),0,0,0,0,0,0,0,Deepavali / Diwali,0,0,0,1,1,Deepavali,81068,27,20.0,4.8,11.0,4.34,32427,356699,HIGH
2024-11-01,2024,11,1,4,Friday,0,1,30,Amavasya (New Moon),0,0,1,0,0,0,0,None,0,0,0,1,1,Kannada Rajyotsava / AP Formation Day,87013,31,25.0,5.8,13.8,4.45,34805,382857,PEAK
2024-11-02,2024,11,2,5,Saturday,1,1,1,Pratipada (Shukla),0,0,0,0,0,1,0,None,0,0,0,0,0,None,91865,31,29.9,6.5,16.4,4.55,36746,404206,PEAK
2024-11-03,2024,11,3,6,Sunday,1,1,2,Dwitiya (Shukla),0,0,0,0,0,1,0,None,0,0,0,0,0,None,93769,31,31.8,6.7,17.5,4.58,37507,412583,PEAK
2024-11-04,2024,11,4,0,Monday,0,0,3,Tritiya (Shukla),0,0,0,0,0,1,0,None,0,0,0,0,0,None,77902,24,17.9,4.3,9.8,4.28,31160,342768,HIGH
2024-11-05,2024,11,5,1,Tuesday,0,0,4,Chaturthi (Shukla),0,0,0,0,0,1,0,None,0,0,0,0,0,None,54335,7,6.2,1.9,3.5,3.83,21734,239074,LOW
2024-11-06,2024,11,6,2,Wednesday,0,0,5,Panchami (Shukla),0,0,0,0,0,1,0,None,0,0,0,0,0,None,52746,5,5.7,1.8,3.5,3.8,21098,232082,LOW
2024-11-07,2024,11,7,3,Thursday,0,0,6,Shasthi (Shukla),0,0,0,0,0,1,0,None,0,0,0,0,0,None,54386,7,6.2,1.9,3.5,3.83,21754,239298,LOW
2024-11-08,2024,11,8,4,Friday,0,0,7,Saptami (Shukla),0,0,0,0,0,1,0,None,0,0,0,0,0,None,69982,18,13.1,3.3,7.2,4.13,27992,307920,MODERATE
2024-11-09,2024,11,9,5,Saturday,1,0,8,Ashtami (Shukla),0,0,0,0,0,1,0,None,0,0,0,0,0,None,78356,25,18.2,4.4,10.0,4.29,31342,344766,HIGH
2024-11-10,2024,11,10,6,Sunday,1,0,9,Navami (Shukla),0,0,0,0,0,1,0,None,0,0,0,0,0,None,75081,22,16.1,3.8,8.9,4.23,30032,330356,HIGH
2024-11-11,2024,11,11,0,Monday,0,0,11,Ekadashi (Shukla),1,0,0,0,0,1,0,None,0,0,0,0,0,None,70851,19,13.5,3.4,7.4,4.15,28340,311744,MODERATE
2024-11-12,2024,11,12,1,Tuesday,0,0,12,Dwadashi (Shukla),0,0,0,0,0,1,0,None,0,0,0,0,0,None,53791,6,6.0,1.9,3.5,3.82,21516,236680,LOW
2024-11-13,2024,11,13,2,Wednesday,0,0,13,Trayodashi (Shukla),0,0,0,0,0,1,0,None,0,0,0,0,0,None,53594,6,6.0,1.9,3.5,3.82,21437,235813,LOW
2024-11-14,2024,11,14,3,Thursday,0,0,14,Chaturdashi (Shukla),0,0,0,0,0,1,0,None,0,0,0,0,0,None,52660,5,5.6,1.8,3.5,3.8,21064,231704,LOW
2024-11-15,2024,11,15,4,Friday,0,0,15,Pournami (Full Moon),0,1,0,0,0,1,0,None,0,0,0,0,0,None,80879,27,19.9,4.8,10.9,4.34,32351,355867,HIGH
2024-11-16,2024,11,16,5,Saturday,1,0,16,Pratipada (Krishna),0,0,0,0,0,1,0,None,0,0,0,0,0,None,79736,26,19.2,4.6,10.6,4.31,31894,350838,HIGH
2024-11-17,2024,11,17,6,Sunday,1,0,17,Dwitiya (Krishna),0,0,0,0,0,1,0,None,0,0,0,0,0,None,78238,25,18.2,4.4,10.0,4.29,31295,344247,HIGH
2024-11-18,2024,11,18,0,Monday,0,0,18,Tritiya (Krishna),0,0,0,0,0,1,0,None,0,0,0,0,0,None,58649,10,7.8,2.2,4.3,3.91,23459,258055,LOW
2024-11-19,2024,11,19,1,Tuesday,0,0,19,Chaturthi (Krishna),0,0,0,0,0,1,0,None,0,0,0,0,0,None,55139,7,6.5,2.0,3.6,3.85,22055,242611,LOW
2024-11-20,2024,11,20,2,Wednesday,0,0,20,Panchami (Krishna),0,0,0,0,0,1,0,None,0,0,0,0,0,None,51294,4,5.2,1.7,3.5,3.77,20517,225693,LOW
2024-11-21,2024,11,21,3,Thursday,0,0,21,Shasthi (Krishna),0,0,0,0,0,1,0,None,0,0,0,0,0,None,52265,5,5.5,1.8,3.5,3.79,20906,229966,LOW
2024-11-22,2024,11,22,4,Friday,0,0,22,Saptami (Krishna),0,0,0,0,0,1,0,None,0,0,0,0,0,None,71077,19,13.6,3.4,7.5,4.15,28430,312738,MODERATE
2024-11-23,2024,11,23,5,Saturday,1,0,23,Ashtami (Krishna),0,0,0,0,0,1,0,None,0,0,0,0,0,None,80483,27,19.7,4.7,10.8,4.33,32193,354125,HIGH
2024-11-24,2024,11,24,6,Sunday,1,0,24,Navami (Krishna),0,0,0,0,0,1,0,None,0,0,0,0,0,None,77832,24,17.9,4.3,9.8,4.28,31132,342460,HIGH
2024-11-25,2024,11,25,0,Monday,0,0,25,Dashami (Krishna),0,0,0,0,0,1,0,None,0,0,0,0,0,None,59073,10,8.0,2.2,4.4,3.92,23629,259921,LOW
2024-11-26,2024,11,26,1,Tuesday,0,0,26,Ekadashi (Krishna),1,0,0,0,0,1,0,None,0,0,0,0,0,None,64705,14,10.6,2.8,5.8,4.03,25882,284702,MODERATE
2024-11-27,2024,11,27,2,Wednesday,0,0,27,Dwadashi (Krishna),0,0,0,0,0,1,0,None,0,0,0,0,0,None,51422,4,5.2,1.7,3.5,3.78,20568,226256,LOW
2024-11-28,2024,11,28,3,Thursday,0,0,28,Trayodashi (Krishna),0,0,0,0,0,1,0,None,0,0,0,0,0,None,52530,5,5.6,1.8,3.5,3.8,21012,231132,LOW
2024-11-29,2024,11,29,4,Friday,0,0,29,Chaturdashi (Krishna),0,0,0,0,0,1,0,None,0,0,0,0,0,None,69743,18,13.0,3.3,7.2,4.13,27897,306869,MODERATE
2024-11-30,2024,11,30,5,Saturday,1,0,30,Amavasya (New Moon),0,0,1,0,0,1,0,None,0,0,0,0,0,None,78031,25,18.0,4.3,9.9,4.28,31212,343336,HIGH
2024-12-01,2024,12,1,6,Sunday,1,0,1,Pratipada (Shukla),0,0,0,0,0,1,0,None,0,0,0,0,0,None,75174,22,16.1,3.8,8.9,4.23,30069,330765,HIGH
2024-12-02,2024,12,2,0,Monday,0,0,2,Dwitiya (Shukla),0,0,0,0,0,1,0,None,0,0,0,0,0,None,57904,9,7.5,2.2,4.1,3.9,23161,254777,LOW
2024-12-03,2024,12,3,1,Tuesday,0,0,3,Tritiya (Shukla),0,0,0,0,0,1,0,None,0,0,0,0,0,None,52236,5,5.5,1.8,3.5,3.79,20894,229838,LOW
2024-12-04,2024,12,4,2,Wednesday,0,0,4,Chaturthi (Shukla),0,0,0,0,0,1,0,None,0,0,0,0,0,None,53379,6,5.9,1.9,3.5,3.81,21351,234867,LOW
2024-12-05,2024,12,5,3,Thursday,0,0,5,Panchami (Shukla),0,0,0,0,0,1,0,None,0,0,0,0,0,None,53725,6,6.0,1.9,3.5,3.82,21490,236390,LOW
2024-12-06,2024,12,6,4,Friday,0,0,6,Shasthi (Shukla),0,0,0,0,0,0,0,None,0,0,0,0,0,None,62487,13,9.6,2.5,5.3,3.99,24994,274942,MODERATE
2024-12-07,2024,12,7,5,Saturday,1,0,7,Saptami (Shukla),0,0,0,0,0,0,0,None,0,0,0,0,0,None,71657,19,13.8,3.5,7.6,4.16,28662,315290,MODERATE
2024-12-08,2024,12,8,6,Sunday,1,0,8,Ashtami (Shukla),0,0,0,0,0,0,0,None,0,0,0,0,0,None,67420,16,11.9,3.0,6.5,4.08,26968,296648,MODERATE
2024-12-09,2024,12,9,0,Monday,0,0,9,Navami (Shukla),0,0,0,0,0,0,0,None,0,0,0,0,0,None,52258,5,5.5,1.8,3.5,3.79,20903,229935,LOW
2024-12-10,2024,12,10,1,Tuesday,0,0,10,Dashami (Shukla),0,0,0,0,0,0,0,None,0,0,0,0,0,None,48213,2,4.1,1.5,3.5,3.72,19285,212137,LOW
2024-12-11,2024,12,11,2,Wednesday,0,0,11,Ekadashi (Shukla),1,0,0,0,0,0,0,None,0,0,0,0,0,None,53714,6,6.0,1.9,3.5,3.82,21485,236341,LOW
2024-12-12,2024,12,12,3,Thursday,0,0,12,Dwadashi (Shukla),0,0,0,0,0,0,0,None,0,0,0,0,0,None,48000,2,4.0,1.5,3.5,3.71,19200,211200,LOW
2024-12-13,2024,12,13,4,Friday,0,0,13,Trayodashi (Shukla),0,0,0,0,0,0,0,None,0,0,0,0,0,None,63510,13,10.1,2.7,5.6,4.01,25404,279444,MODERATE
2024-12-14,2024,12,14,5,Saturday,1,0,14,Chaturdashi (Shukla),0,0,0,0,0,0,0,None,0,0,0,0,0,None,71049,19,13.6,3.4,7.5,4.15,28419,312615,MODERATE
2024-12-15,2024,12,15,6,Sunday,1,0,15,Pournami (Full Moon),0,1,0,0,0,0,0,None,0,0,0,0,0,None,77255,24,17.5,4.2,9.6,4.27,30902,339922,HIGH
2024-12-16,2024,12,16,0,Monday,0,0,16,Pratipada (Krishna),0,0,0,0,0,0,0,None,0,0,0,0,0,None,54434,7,6.3,1.9,3.5,3.83,21773,239509,LOW
2024-12-17,2024,12,17,1,Tuesday,0,0,17,Dwitiya (Krishna),0,0,0,0,0,0,0,None,0,0,0,0,0,None,48000,2,4.0,1.5,3.5,3.71,19200,211200,LOW
2024-12-18,2024,12,18,2,Wednesday,0,0,18,Tritiya (Krishna),0,0,0,0,0,0,0,None,0,0,0,0,0,None,48000,2,4.0,1.5,3.5,3.71,19200,211200,LOW
2024-12-19,2024,12,19,3,Thursday,0,0,19,Chaturthi (Krishna),0,0,0,0,0,0,0,None,0,0,0,0,0,None,50380,3,4.8,1.7,3.5,3.76,20152,221672,LOW
2024-12-20,2024,12,20,4,Friday,0,0,20,Panchami (Krishna),0,0,0,0,0,0,0,None,0,0,0,0,0,None,60621,11,8.7,2.4,4.8,3.95,24248,266732,LOW
2024-12-21,2024,12,21,5,Saturday,1,0,21,Shasthi (Krishna),0,0,0,0,0,0,0,None,0,0,0,0,0,None,72355,20,14.2,3.5,7.8,4.17,28942,318362,MODERATE
2024-12-22,2024,12,22,6,Sunday,1,0,22,Saptami (Krishna),0,0,0,0,0,0,0,None,0,0,0,0,0,None,65512,15,11.0,2.9,6.1,4.04,26204,288252,MODERATE
2024-12-23,2024,12,23,0,Monday,0,0,23,Ashtami (Krishna),0,0,0,0,0,0,0,None,0,0,0,0,0,None,53555,6,5.9,1.9,3.5,3.82,21422,235642,LOW
2024-12-24,2024,12,24,1,Tuesday,0,0,24,Navami (Krishna),0,0,0,0,0,0,0,None,0,0,0,0,0,None,48000,2,4.0,1.5,3.5,3.71,19200,211200,LOW
2024-12-25,2024,12,25,2,Wednesday,0,0,25,Dashami (Krishna),0,0,0,0,0,0,0,None,0,0,0,1,1,Christmas,64864,14,10.7,2.8,5.9,4.03,25945,285401,MODERATE
2024-12-26,2024,12,26,3,Thursday,0,0,26,Ekadashi (Krishna),1,0,0,0,0,0,0,None,0,0,0,0,0,None,57265,9,7.2,2.1,4.0,3.89,22906,251966,LOW
2024-12-27,2024,12,27,4,Friday,0,0,27,Dwadashi (Krishna),0,0,0,0,0,0,0,None,0,0,0,0,0,None,62867,13,9.8,2.6,5.4,3.99,25146,276614,MODERATE
2024-12-28,2024,12,28,5,Saturday,1,0,28,Trayodashi (Krishna),0,0,0,0,0,0,0,None,0,0,0,0,0,None,69856,18,13.0,3.3,7.2,4.13,27942,307366,MODERATE
2024-12-29,2024,12,29,6,Sunday,1,0,29,Chaturdashi (Krishna),0,0,0,0,0,0,0,None,0,0,0,0,0,None,66807,16,11.6,3.0,6.4,4.07,26722,293950,MODERATE
2024-12-30,2024,12,30,0,Monday,0,0,30,Amavasya (New Moon),0,0,1,0,0,0,0,None,0,0,0,0,0,None,54629,7,6.3,1.9,3.5,3.84,21851,240367,LOW
2024-12-31,2024,12,31,1,Tuesday,0,0,1,Pratipada (Shukla),0,0,0,0,0,0,0,None,0,0,0,0,0,None,48000,2,4.0,1.5,3.5,3.71,19200,211200,LOW
2025-01-01,2025,1,1,2,Wednesday,0,0,2,Dwitiya (Shukla),0,0,0,0,0,0,1,English New Year,0,0,0,1,1,New Year's Day,85691,31,23.7,5.6,13.0,4.43,34276,377040,PEAK
2025-01-02,2025,1,2,3,Thursday,0,0,3,Tritiya (Shukla),0,0,0,0,0,0,0,None,0,0,0,0,0,None,48076,2,4.0,1.5,3.5,3.71,19230,211534,LOW
2025-01-03,2025,1,3,4,Friday,0,0,4,Chaturthi (Shukla),0,0,0,0,0,0,0,None,0,0,0,0,0,None,63090,13,9.9,2.6,5.4,4.0,25236,277596,MODERATE
2025-01-04,2025,1,4,5,Saturday,1,0,5,Panchami (Shukla),0,0,0,0,0,0,0,None,0,0,0,0,0,None,69763,18,13.0,3.3,7.2,4.13,27905,306957,MODERATE
2025-01-05,2025,1,5,6,Sunday,1,0,6,Shasthi (Shukla),0,0,0,0,0,0,0,None,0,0,0,0,0,None,68339,17,12.3,3.1,6.8,4.1,27335,300691,MODERATE
2025-01-06,2025,1,6,0,Monday,0,0,7,Saptami (Shukla),0,0,0,0,0,0,0,None,0,0,0,0,0,None,53782,6,6.0,1.9,3.5,3.82,21512,236640,LOW
2025-01-07,2025,1,7,1,Tuesday,0,0,8,Ashtami (Shukla),0,0,0,0,0,0,0,None,0,0,0,0,0,None,48000,2,4.0,1.5,3.5,3.71,19200,211200,LOW
2025-01-08,2025,1,8,2,Wednesday,0,0,9,Navami (Shukla),0,0,0,0,0,0,0,None,0,0,0,0,0,None,48000,2,4.0,1.5,3.5,3.71,19200,211200,LOW
2025-01-09,2025,1,9,3,Thursday,0,0,10,Dashami (Shukla),0,0,0,0,0,0,0,None,0,0,0,0,0,None,48000,2,4.0,1.5,3.5,3.71,19200,211200,LOW
2025-01-10,2025,1,10,4,Friday,0,0,11,Ekadashi (Shukla),1,0,0,0,0,0,1,Vaikunta Ekadashi & Dwara Darshanam (Opening Day / Peak!),0,0,0,0,0,None,98000,31,36.0,7.3,19.8,4.66,39200,431200,PEAK
2025-01-11,2025,1,11,5,Saturday,1,0,12,Dwadashi (Shukla),0,0,0,0,0,0,1,Vaikunta Ekadashi & Dwara Darshanam (Day in Festival Window),0,0,0,0,0,None,98000,31,36.0,7.3,19.8,4.66,39200,431200,PEAK
2025-01-12,2025,1,12,6,Sunday,1,0,13,Trayodashi (Shukla),0,0,0,0,0,0,1,Vaikunta Ekadashi & Dwara Darshanam (Day in Festival Window),0,0,0,0,0,None,98000,31,36.0,7.3,19.8,4.66,39200,431200,PEAK
2025-01-13,2025,1,13,0,Monday,0,0,15,Pournami (Full Moon),0,1,0,0,0,0,1,Vaikunta Ekadashi & Dwara Darshanam (Day in Festival Window),0,0,0,0,0,None,98000,31,36.0,7.3,19.8,4.66,39200,431200,PEAK
2025-01-14,2025,1,14,1,Tuesday,0,0,16,Pratipada (Krishna),0,0,0,0,0,0,1,Makara Sankranti / Pongal | Vaikunta Ekadashi & Dwara Darshanam (Day in Festival Window),0,0,0,1,1,Makara Sankranti / Pongal,98000,31,36.0,7.3,19.8,4.66,39200,431200,PEAK
2025-01-15,2025,1,15,2,Wednesday,0,0,17,Dwitiya (Krishna),0,0,0,0,0,0,1,Makara Sankranti / Pongal | Vaikunta Ekadashi & Dwara Darshanam (Day in Festival Window),0,0,0,1,1,Kanuma / Thiruvalluvar Day,98000,31,36.0,7.3,19.8,4.66,39200,431200,PEAK
2025-01-16,2025,1,16,3,Thursday,0,0,18,Tritiya (Krishna),0,0,0,0,0,0,1,Makara Sankranti / Pongal | Vaikunta Ekadashi & Dwara Darshanam (Day in Festival Window),0,0,0,1,1,Mukkanuma / Uzhavar Thirunal,98000,31,36.0,7.3,19.8,4.66,39200,431200,PEAK
2025-01-17,2025,1,17,4,Friday,0,0,19,Chaturthi (Krishna),0,0,0,0,0,0,1,Vaikunta Ekadashi & Dwara Darshanam (Day in Festival Window),0,0,0,0,0,None,98000,31,36.0,7.3,19.8,4.66,39200,431200,PEAK
2025-01-18,2025,1,18,5,Saturday,1,0,20,Panchami (Krishna),0,0,0,0,0,0,1,Vaikunta Ekadashi & Dwara Darshanam (Day in Festival Window),0,0,0,0,0,None,98000,31,36.0,7.3,19.8,4.66,39200,431200,PEAK
2025-01-19,2025,1,19,6,Sunday,1,0,21,Shasthi (Krishna),0,0,0,0,0,0,1,Vaikunta Ekadashi & Dwara Darshanam (Day in Festival Window),0,0,0,0,0,None,98000,31,36.0,7.3,19.8,4.66,39200,431200,PEAK
2025-01-20,2025,1,20,0,Monday,0,0,22,Saptami (Krishna),0,0,0,0,0,0,0,None,0,0,0,0,0,None,98000,31,36.0,7.3,19.8,4.66,39200,431200,PEAK
2025-01-21,2025,1,21,1,Tuesday,0,0,23,Ashtami (Krishna),0,0,0,0,0,0,0,None,0,0,0,0,0,None,98000,31,36.0,7.3,19.8,4.66,39200,431200,PEAK
2025-01-22,2025,1,22,2,Wednesday,0,0,24,Navami (Krishna),0,0,0,0,0,0,0,None,0,0,0,0,0,None,98000,31,36.0,7.3,19.8,4.66,39200,431200,PEAK
2025-01-23,2025,1,23,3,Thursday,0,0,25,Dashami (Krishna),0,0,0,0,0,0,0,None,0,0,0,0,0,None,98000,31,36.0,7.3,19.8,4.66,39200,431200,PEAK
2025-01-24,2025,1,24,4,Friday,0,0,26,Ekadashi (Krishna),1,0,0,0,0,0,0,None,0,0,0,0,0,None,98000,31,36.0,7.3,19.8,4.66,39200,431200,PEAK
2025-01-25,2025,1,25,5,Saturday,1,0,27,Dwadashi (Krishna),0,0,0,0,0,0,0,None,0,0,0,0,0,None,98000,31,36.0,7.3,19.8,4.66,39200,431200,PEAK
2025-01-26,2025,1,26,6,Sunday,1,0,28,Trayodashi (Krishna),0,0,0,0,0,0,0,None,0,0,0,1,1,Republic Day,98000,31,36.0,7.3,19.8,4.66,39200,431200,PEAK
2025-01-27,2025,1,27,0,Monday,0,0,29,Chaturdashi (Krishna),0,0,0,0,0,0,0,None,0,0,0,0,0,None,98000,31,36.0,7.3,19.8,4.66,39200,431200,PEAK
2025-01-28,2025,1,28,1,Tuesday,0,0,30,Amavasya (New Moon),0,0,1,0,0,0,0,None,0,0,0,0,0,None,98000,31,36.0,7.3,19.8,4.66,39200,431200,PEAK
2025-01-29,2025,1,29,2,Wednesday,0,0,1,Pratipada (Shukla),0,0,0,0,0,0,0,None,0,0,0,0,0,None,98000,31,36.0,7.3,19.8,4.66,39200,431200,PEAK
2025-01-30,2025,1,30,3,Thursday,0,0,2,Dwitiya (Shukla),0,0,0,0,0,0,0,None,0,0,0,0,0,None,98000,31,36.0,7.3,19.8,4.66,39200,431200,PEAK
2025-01-31,2025,1,31,4,Friday,0,0,3,Tritiya (Shukla),0,0,0,0,0,0,0,None,0,0,0,0,0,None,81289,27,20.2,4.9,11.1,4.34,32515,357671,HIGH
2025-02-01,2025,2,1,5,Saturday,1,0,4,Chaturthi (Shukla),0,0,0,0,0,0,0,None,0,0,0,0,0,None,73955,21,15.3,3.7,8.4,4.21,29582,325402,HIGH
2025-02-02,2025,2,2,6,Sunday,1,0,5,Panchami (Shukla),0,0,0,0,0,0,0,None,0,0,0,0,0,None,67176,16,11.8,3.0,6.5,4.08,26870,295574,MODERATE
2025-02-03,2025,2,3,0,Monday,0,0,6,Shasthi (Shukla),0,0,0,0,0,0,0,None,0,0,0,0,0,None,53861,6,6.1,1.9,3.5,3.82,21544,236988,LOW
2025-02-04,2025,2,4,1,Tuesday,0,0,7,Saptami (Shukla),0,0,0,0,0,0,1,Rathasapthami,0,0,0,0,0,None,67593,16,12.0,3.1,6.6,4.08,27037,297409,MODERATE
2025-02-05,2025,2,5,2,Wednesday,0,0,8,Ashtami (Shukla),0,0,0,0,0,0,0,None,0,0,0,0,0,None,48000,2,4.0,1.5,3.5,3.71,19200,211200,LOW
2025-02-06,2025,2,6,3,Thursday,0,0,9,Navami (Shukla),0,0,0,0,0,0,0,None,0,0,0,0,0,None,48256,2,4.1,1.5,3.5,3.72,19302,212326,LOW
2025-02-07,2025,2,7,4,Friday,0,0,10,Dashami (Shukla),0,0,0,0,0,0,0,None,0,0,0,0,0,None,63026,13,9.8,2.6,5.4,4.0,25210,277314,MODERATE
2025-02-08,2025,2,8,5,Saturday,1,0,11,Ekadashi (Shukla),1,0,0,0,0,0,0,None,0,0,0,0,0,None,83489,29,21.7,5.2,11.9,4.39,33395,367351,HIGH
2025-02-09,2025,2,9,6,Sunday,1,0,12,Dwadashi (Shukla),0,0,0,0,0,0,0,None,0,0,0,0,0,None,69778,18,13.0,3.3,7.2,4.13,27911,307023,MODERATE
2025-02-10,2025,2,10,0,Monday,0,0,13,Trayodashi (Shukla),0,0,0,0,0,0,0,None,0,0,0,0,0,None,51228,4,5.1,1.7,3.5,3.77,20491,225403,LOW
2025-02-11,2025,2,11,1,Tuesday,0,0,14,Chaturdashi (Shukla),0,0,0,0,0,0,0,None,0,0,0,0,0,None,48479,2,4.2,1.5,3.5,3.72,19391,213307,LOW
2025-02-12,2025,2,12,2,Wednesday,0,0,15,Pournami (Full Moon),0,1,0,0,0,0,0,None,0,0,0,0,0,None,55191,7,6.5,2.0,3.6,3.85,22076,242840,LOW
2025-02-13,2025,2,13,3,Thursday,0,0,16,Pratipada (Krishna),0,0,0,0,0,0,0,None,0,0,0,0,0,None,48149,2,4.1,1.5,3.5,3.71,19259,211855,LOW
2025-02-14,2025,2,14,4,Friday,0,0,17,Dwitiya (Krishna),0,0,0,0,0,0,0,None,0,0,0,0,0,None,64401,14,10.5,2.7,5.8,4.02,25760,283364,MODERATE
2025-02-15,2025,2,15,5,Saturday,1,0,18,Tritiya (Krishna),0,0,0,0,0,0,0,None,0,1,0,0,0,None,54773,7,6.4,2.0,3.5,3.84,21909,241001,LOW
2025-02-16,2025,2,16,6,Sunday,1,0,19,Chaturthi (Krishna),0,0,0,0,0,0,0,None,0,1,0,0,0,None,51132,4,5.1,1.7,3.5,3.77,20452,224980,LOW
2025-02-17,2025,2,17,0,Monday,0,0,20,Panchami (Krishna),0,0,0,0,0,0,0,None,0,1,0,0,0,None,48000,2,4.0,1.5,3.5,3.71,19200,211200,LOW
2025-02-18,2025,2,18,1,Tuesday,0,0,21,Shasthi (Krishna),0,0,0,0,0,0,0,None,0,1,0,0,0,None,48000,2,4.0,1.5,3.5,3.71,19200,211200,LOW
2025-02-19,2025,2,19,2,Wednesday,0,0,22,Saptami (Krishna),0,0,0,0,0,0,0,None,0,1,0,0,0,None,48000,2,4.0,1.5,3.5,3.71,19200,211200,LOW
2025-02-20,2025,2,20,3,Thursday,0,0,23,Ashtami (Krishna),0,0,0,0,0,0,0,None,0,1,0,0,0,None,48000,2,4.0,1.5,3.5,3.71,19200,211200,LOW
2025-02-21,2025,2,21,4,Friday,0,0,24,Navami (Krishna),0,0,0,0,0,0,0,None,0,1,0,0,0,None,48854,2,4.3,1.6,3.5,3.73,19541,214957,LOW
2025-02-22,2025,2,22,5,Saturday,1,0,25,Dashami (Krishna),0,0,0,0,0,0,0,None,0,1,0,0,0,None,56839,9,7.1,2.1,3.9,3.88,22735,250091,LOW
2025-02-23,2025,2,23,6,Sunday,1,0,26,Ekadashi (Krishna),1,0,0,0,0,0,0,None,0,1,0,0,0,None,64142,14,10.4,2.7,5.7,4.02,25656,282224,MODERATE
2025-02-24,2025,2,24,0,Monday,0,0,27,Dwadashi (Krishna),0,0,0,0,0,0,0,None,0,1,0,0,0,None,48000,2,4.0,1.5,3.5,3.71,19200,211200,LOW
2025-02-25,2025,2,25,1,Tuesday,0,0,28,Trayodashi (Krishna),0,0,0,0,0,0,0,None,0,1,0,0,0,None,48000,2,4.0,1.5,3.5,3.71,19200,211200,LOW
2025-02-26,2025,2,26,2,Wednesday,0,0,29,Chaturdashi (Krishna),0,0,0,0,0,0,0,None,0,1,0,1,1,Maha Shivaratri,48000,2,4.0,1.5,3.5,3.71,19200,211200,LOW
2025-02-27,2025,2,27,3,Thursday,0,0,30,Amavasya (New Moon),0,0,1,0,0,0,0,None,0,1,0,0,0,None,48000,2,4.0,1.5,3.5,3.71,19200,211200,LOW
2025-02-28,2025,2,28,4,Friday,0,0,1,Pratipada (Shukla),0,0,0,0,0,0,0,None,0,1,0,0,0,None,48474,2,4.2,1.5,3.5,3.72,19389,213285,LOW
2025-03-01,2025,3,1,5,Saturday,1,0,2,Dwitiya (Shukla),0,0,0,0,0,0,0,None,0,1,0,0,0,None,56700,8,7.0,2.1,3.9,3.88,22680,249480,LOW
2025-03-02,2025,3,2,6,Sunday,1,0,3,Tritiya (Shukla),0,0,0,0,0,0,0,None,0,1,0,0,0,None,51788,5,5.3,1.8,3.5,3.78,20715,227867,LOW
2025-03-03,2025,3,3,0,Monday,0,0,4,Chaturthi (Shukla),0,0,0,0,0,0,0,None,0,1,0,0,0,None,48000,2,4.0,1.5,3.5,3.71,19200,211200,LOW
2025-03-04,2025,3,4,1,Tuesday,0,0,5,Panchami (Shukla),0,0,0,0,0,0,0,None,0,1,0,0,0,None,48000,2,4.0,1.5,3.5,3.71,19200,211200,LOW
2025-03-05,2025,3,5,2,Wednesday,0,0,6,Shasthi (Shukla),0,0,0,0,0,0,0,None,0,1,0,0,0,None,48000,2,4.0,1.5,3.5,3.71,19200,211200,LOW
2025-03-06,2025,3,6,3,Thursday,0,0,7,Saptami (Shukla),0,0,0,0,0,0,0,None,0,1,0,0,0,None,48000,2,4.0,1.5,3.5,3.71,19200,211200,LOW
2025-03-07,2025,3,7,4,Friday,0,0,8,Ashtami (Shukla),0,0,0,0,0,0,0,None,0,1,0,0,0,None,48000,2,4.0,1.5,3.5,3.71,19200,211200,LOW
2025-03-08,2025,3,8,5,Saturday,1,0,9,Navami (Shukla),0,0,0,0,0,0,0,None,0,1,0,0,0,None,55596,8,6.7,2.0,3.7,3.86,22238,244622,LOW
2025-03-09,2025,3,9,6,Sunday,1,0,10,Dashami (Shukla),0,0,0,0,0,0,0,None,0,1,0,0,0,None,53045,6,5.8,1.8,3.5,3.81,21218,233398,LOW
2025-03-10,2025,3,10,0,Monday,0,0,11,Ekadashi (Shukla),1,0,0,0,0,0,0,None,0,1,0,0,0,None,49645,3,4.6,1.6,3.5,3.74,19858,218438,LOW
2025-03-11,2025,3,11,1,Tuesday,0,0,12,Dwadashi (Shukla),0,0,0,0,0,0,0,None,0,1,0,0,0,None,48000,2,4.0,1.5,3.5,3.71,19200,211200,LOW
2025-03-12,2025,3,12,2,Wednesday,0,0,13,Trayodashi (Shukla),0,0,0,0,0,0,0,None,0,1,0,0,0,None,48000,2,4.0,1.5,3.5,3.71,19200,211200,LOW
2025-03-13,2025,3,13,3,Thursday,0,0,14,Chaturdashi (Shukla),0,0,0,0,0,0,0,None,0,1,0,0,0,None,48000,2,4.0,1.5,3.5,3.71,19200,211200,LOW
2025-03-14,2025,3,14,4,Friday,0,1,15,Pournami (Full Moon),0,1,0,0,0,0,0,None,0,1,0,1,1,Holi,80710,27,19.8,4.8,10.9,4.33,32284,355124,HIGH
2025-03-15,2025,3,15,5,Saturday,1,1,16,Pratipada (Krishna),0,0,0,0,0,0,0,None,0,1,0,0,0,None,72618,20,14.4,3.6,7.9,4.18,29047,319519,MODERATE
2025-03-16,2025,3,16,6,Sunday,1,1,17,Dwitiya (Krishna),0,0,0,0,0,0,0,None,0,1,0,0,0,None,66172,15,11.3,2.9,6.2,4.06,26468,291156,MODERATE
2025-03-17,2025,3,17,0,Monday,0,0,19,Chaturthi (Krishna),0,0,0,0,0,0,0,None,0,1,0,0,0,None,48000,2,4.0,1.5,3.5,3.71,19200,211200,LOW
2025-03-18,2025,3,18,1,Tuesday,0,0,20,Panchami (Krishna),0,0,0,0,0,0,0,None,0,1,0,0,0,None,48000,2,4.0,1.5,3.5,3.71,19200,211200,LOW
2025-03-19,2025,3,19,2,Wednesday,0,0,21,Shasthi (Krishna),0,0,0,0,0,0,0,None,0,1,0,0,0,None,48000,2,4.0,1.5,3.5,3.71,19200,211200,LOW
2025-03-20,2025,3,20,3,Thursday,0,0,22,Saptami (Krishna),0,0,0,0,0,0,0,None,0,1,0,0,0,None,48000,2,4.0,1.5,3.5,3.71,19200,211200,LOW
2025-03-21,2025,3,21,4,Friday,0,0,23,Ashtami (Krishna),0,0,0,0,0,0,0,None,0,1,0,0,0,None,49485,3,4.5,1.6,3.5,3.74,19794,217734,LOW
2025-03-22,2025,3,22,5,Saturday,1,0,24,Navami (Krishna),0,0,0,0,0,0,0,None,0,1,0,0,0,None,53448,6,5.9,1.9,3.5,3.82,21379,235171,LOW
2025-03-23,2025,3,23,6,Sunday,1,0,25,Dashami (Krishna),0,0,0,0,0,0,0,None,0,1,0,0,0,None,50828,4,5.0,1.7,3.5,3.77,20331,223643,LOW
2025-03-24,2025,3,24,0,Monday,0,0,26,Ekadashi (Krishna),1,0,0,0,0,0,0,None,0,1,0,0,0,None,48590,2,4.2,1.5,3.5,3.72,19436,213796,LOW
2025-03-25,2025,3,25,1,Tuesday,0,0,27,Dwadashi (Krishna),0,0,0,0,0,0,0,None,0,1,0,0,0,None,48000,2,4.0,1.5,3.5,3.71,19200,211200,LOW
2025-03-26,2025,3,26,2,Wednesday,0,0,28,Trayodashi (Krishna),0,0,0,0,0,0,0,None,0,1,0,0,0,None,48000,2,4.0,1.5,3.5,3.71,19200,211200,LOW
2025-03-27,2025,3,27,3,Thursday,0,0,29,Chaturdashi (Krishna),0,0,0,0,0,0,0,None,0,1,0,0,0,None,48000,2,4.0,1.5,3.5,3.71,19200,211200,LOW
2025-03-28,2025,3,28,4,Friday,0,0,30,Amavasya (New Moon),0,0,1,0,0,0,0,None,0,1,0,0,0,None,48463,2,4.2,1.5,3.5,3.72,19385,213237,LOW
2025-03-29,2025,3,29,5,Saturday,1,1,1,Pratipada (Shukla),0,0,0,0,0,0,0,None,0,1,0,0,0,None,70212,18,13.2,3.3,7.3,4.13,28084,308932,MODERATE
2025-03-30,2025,3,30,6,Sunday,1,1,2,Dwitiya (Shukla),0,0,0,0,0,0,0,Ugadi (Telugu New Year),0,1,0,1,1,Ugadi,92714,31,30.7,6.6,16.9,4.56,37085,407941,PEAK
2025-03-31,2025,3,31,0,Monday,0,1,3,Tritiya (Shukla),0,0,0,0,0,0,0,None,0,1,0,1,1,Eid-ul-Fitr,82125,28,20.8,5.0,11.4,4.36,32850,361350,HIGH
2025-04-01,2025,4,1,1,Tuesday,0,0,4,Chaturthi (Shukla),0,0,0,0,0,0,0,None,0,1,0,0,0,None,48000,2,4.0,1.5,3.5,3.71,19200,211200,LOW
2025-04-02,2025,4,2,2,Wednesday,0,0,5,Panchami (Shukla),0,0,0,0,0,0,0,None,0,1,0,0,0,None,48000,2,4.0,1.5,3.5,3.71,19200,211200,LOW
2025-04-03,2025,4,3,3,Thursday,0,0,6,Shasthi (Shukla),0,0,0,0,0,0,0,None,0,1,0,0,0,None,48000,2,4.0,1.5,3.5,3.71,19200,211200,LOW
2025-04-04,2025,4,4,4,Friday,0,0,7,Saptami (Shukla),0,0,0,0,0,0,0,None,0,1,0,0,0,None,48887,2,4.3,1.6,3.5,3.73,19554,215102,LOW
2025-04-05,2025,4,5,5,Saturday,1,0,8,Ashtami (Shukla),0,0,0,0,0,0,0,None,0,1,0,0,0,None,54608,7,6.3,1.9,3.5,3.84,21843,240275,LOW
2025-04-06,2025,4,6,6,Sunday,1,0,9,Navami (Shukla),0,0,0,0,0,0,0,Sri Rama Navami,0,1,0,0,0,None,62841,13,9.7,2.6,5.3,3.99,25136,276500,MODERATE
2025-04-07,2025,4,7,0,Monday,0,0,10,Dashami (Shukla),0,0,0,0,0,0,0,None,0,1,0,0,0,None,48000,2,4.0,1.5,3.5,3.71,19200,211200,LOW
2025-04-08,2025,4,8,1,Tuesday,0,0,11,Ekadashi (Shukla),1,0,0,0,0,0,0,None,0,1,0,0,0,None,48000,2,4.0,1.5,3.5,3.71,19200,211200,LOW
2025-04-09,2025,4,9,2,Wednesday,0,0,12,Dwadashi (Shukla),0,0,0,0,0,0,0,None,0,1,0,0,0,None,48000,2,4.0,1.5,3.5,3.71,19200,211200,LOW
2025-04-10,2025,4,10,3,Thursday,0,0,13,Trayodashi (Shukla),0,0,0,0,0,0,0,None,0,1,0,0,0,None,48000,2,4.0,1.5,3.5,3.71,19200,211200,LOW
2025-04-11,2025,4,11,4,Friday,0,0,14,Chaturdashi (Shukla),0,0,0,0,0,0,0,None,0,0,0,0,0,None,61557,12,9.2,2.5,5.1,3.97,24622,270850,LOW
2025-04-12,2025,4,12,5,Saturday,1,1,15,Pournami (Full Moon),0,1,0,0,0,0,0,None,0,0,0,0,0,None,91710,31,29.7,6.4,16.3,4.54,36684,403524,PEAK
2025-04-13,2025,4,13,6,Sunday,1,1,16,Pratipada (Krishna),0,0,0,0,0,0,0,None,0,0,0,0,0,None,89425,31,27.4,6.1,15.1,4.5,35770,393470,PEAK
2025-04-14,2025,4,14,0,Monday,0,1,17,Dwitiya (Krishna),0,0,0,0,0,0,0,None,0,0,0,1,1,Dr. B.R. Ambedkar Jayanti / Tamil New Year,89952,31,28.0,6.2,15.4,4.51,35980,395788,PEAK
2025-04-15,2025,4,15,1,Tuesday,0,0,18,Tritiya (Krishna),0,0,0,0,0,0,0,None,0,0,1,0,0,None,74333,21,15.6,3.7,8.6,4.21,29733,327065,HIGH
2025-04-16,2025,4,16,2,Wednesday,0,0,19,Chaturthi (Krishna),0,0,0,0,0,0,0,None,0,0,1,0,0,None,63690,14,10.1,2.7,5.6,4.01,25476,280236,MODERATE
2025-04-17,2025,4,17,3,Thursday,0,0,20,Panchami (Krishna),0,0,0,0,0,0,0,None,0,0,1,0,0,None,66817,16,11.6,3.0,6.4,4.07,26726,293994,MODERATE
2025-04-18,2025,4,18,4,Friday,0,1,21,Shasthi (Krishna),0,0,0,0,0,0,0,None,0,0,1,1,1,Good Friday,98000,31,36.0,7.3,19.8,4.66,39200,431200,PEAK
2025-04-19,2025,4,19,5,Saturday,1,1,22,Saptami (Krishna),0,0,0,0,0,0,0,None,0,0,1,0,0,None,98000,31,36.0,7.3,19.8,4.66,39200,431200,PEAK
2025-04-20,2025,4,20,6,Sunday,1,1,23,Ashtami (Krishna),0,0,0,0,0,0,0,None,0,0,1,0,0,None,98000,31,36.0,7.3,19.8,4.66,39200,431200,PEAK
2025-04-21,2025,4,21,0,Monday,0,0,24,Navami (Krishna),0,0,0,0,0,0,0,None,0,0,1,0,0,None,98000,31,36.0,7.3,19.8,4.66,39200,431200,PEAK
2025-04-22,2025,4,22,1,Tuesday,0,0,25,Dashami (Krishna),0,0,0,0,0,0,0,None,0,0,1,0,0,None,95431,31,33.4,6.9,18.4,4.61,38172,419896,PEAK
2025-04-23,2025,4,23,2,Wednesday,0,0,26,Ekadashi (Krishna),1,0,0,0,0,0,0,None,0,0,1,0,0,None,86636,31,24.6,5.7,13.5,4.45,34654,381198,PEAK
2025-04-24,2025,4,24,3,Thursday,0,0,27,Dwadashi (Krishna),0,0,0,0,0,0,0,None,0,0,1,0,0,None,72965,20,14.6,3.6,8.0,4.19,29186,321046,MODERATE
2025-04-25,2025,4,25,4,Friday,0,0,28,Trayodashi (Krishna),0,0,0,0,0,0,0,None,0,0,1,0,0,None,82345,28,20.9,5.0,11.5,4.36,32938,362318,HIGH
2025-04-26,2025,4,26,5,Saturday,1,0,29,Chaturdashi (Krishna),0,0,0,0,0,0,0,None,0,0,1,0,0,None,89425,31,27.4,6.1,15.1,4.5,35770,393470,PEAK
2025-04-27,2025,4,27,6,Sunday,1,0,30,Amavasya (New Moon),0,0,1,0,0,0,0,None,0,0,1,0,0,None,88942,31,26.9,6.0,14.8,4.49,35576,391344,PEAK
2025-04-28,2025,4,28,0,Monday,0,0,1,Pratipada (Shukla),0,0,0,0,0,0,0,None,0,0,1,0,0,None,81601,28,20.4,4.9,11.2,4.35,32640,359044,HIGH
2025-04-29,2025,4,29,1,Tuesday,0,0,2,Dwitiya (Shukla),0,0,0,0,0,0,0,None,0,0,1,0,0,None,67388,16,11.9,3.0,6.5,4.08,26955,296507,MODERATE
2025-04-30,2025,4,30,2,Wednesday,0,0,3,Tritiya (Shukla),0,0,0,0,0,0,0,None,0,0,1,0,0,None,61007,12,8.9,2.4,4.9,3.96,24402,268430,LOW
2025-05-01,2025,5,1,3,Thursday,0,0,4,Chaturthi (Shukla),0,0,0,0,0,0,0,None,0,0,1,1,1,May Day / Labour Day,85192,31,23.2,5.5,12.8,4.42,34076,374844,PEAK
2025-05-02,2025,5,2,4,Friday,0,0,5,Panchami (Shukla),0,0,0,0,0,0,0,None,0,0,1,0,0,None,84651,31,22.7,5.4,12.5,4.41,33860,372464,PEAK
2025-05-03,2025,5,3,5,Saturday,1,0,6,Shasthi (Shukla),0,0,0,0,0,0,0,None,0,0,1,0,0,None,90840,31,28.8,6.3,15.8,4.53,36336,399696,PEAK
2025-05-04,2025,5,4,6,Sunday,1,0,7,Saptami (Shukla),0,0,0,0,0,0,0,None,0,0,1,0,0,None,91693,31,29.7,6.4,16.3,4.54,36677,403449,PEAK
2025-05-05,2025,5,5,0,Monday,0,0,8,Ashtami (Shukla),0,0,0,0,0,0,0,None,0,0,1,0,0,None,81723,28,20.5,4.9,11.3,4.35,32689,359581,HIGH
2025-05-06,2025,5,6,1,Tuesday,0,0,9,Navami (Shukla),0,0,0,0,0,0,0,None,0,0,1,0,0,None,64588,14,10.6,2.8,5.8,4.03,25835,284187,MODERATE
2025-05-07,2025,5,7,2,Wednesday,0,0,10,Dashami (Shukla),0,0,0,0,0,0,0,None,0,0,1,0,0,None,64103,14,10.3,2.7,5.7,4.02,25641,282053,MODERATE
2025-05-08,2025,5,8,3,Thursday,0,0,11,Ekadashi (Shukla),1,0,0,0,0,0,0,None,0,0,1,0,0,None,77275,24,17.5,4.2,9.6,4.27,30910,340010,HIGH
2025-05-09,2025,5,9,4,Friday,0,0,12,Dwadashi (Shukla),0,0,0,0,0,0,0,None,0,0,1,0,0,None,82781,28,21.2,5.1,11.7,4.37,33112,364236,HIGH
2025-05-10,2025,5,10,5,Saturday,1,0,13,Trayodashi (Shukla),0,0,0,0,0,0,0,None,0,0,1,0,0,None,89773,31,27.8,6.2,15.3,4.51,35909,395001,PEAK
2025-05-11,2025,5,11,6,Sunday,1,0,14,Chaturdashi (Shukla),0,0,0,0,0,0,0,None,0,0,1,0,0,None,88837,31,26.8,6.0,14.7,4.49,35534,390882,PEAK
2025-05-12,2025,5,12,0,Monday,0,0,15,Pournami (Full Moon),0,1,0,0,0,0,0,None,0,0,1,0,0,None,87728,31,25.7,5.9,14.1,4.47,35091,386003,PEAK
2025-05-13,2025,5,13,1,Tuesday,0,0,16,Pratipada (Krishna),0,0,0,0,0,0,0,None,0,0,1,0,0,None,72671,20,14.4,3.6,7.9,4.18,29068,319752,MODERATE
2025-05-14,2025,5,14,2,Wednesday,0,0,17,Dwitiya (Krishna),0,0,0,0,0,0,0,None,0,0,1,0,0,None,60506,11,8.7,2.4,4.8,3.95,24202,266226,LOW
2025-05-15,2025,5,15,3,Thursday,0,0,18,Tritiya (Krishna),0,0,0,0,0,0,0,None,0,0,1,0,0,None,66724,16,11.6,3.0,6.4,4.07,26689,293585,MODERATE
2025-05-16,2025,5,16,4,Friday,0,0,19,Chaturthi (Krishna),0,0,0,0,0,0,0,None,0,0,1,0,0,None,81847,28,20.6,5.0,11.3,4.36,32738,360126,HIGH
2025-05-17,2025,5,17,5,Saturday,1,0,20,Panchami (Krishna),0,0,0,0,0,0,0,None,0,0,1,0,0,None,86853,31,24.9,5.8,13.7,4.45,34741,382153,PEAK
2025-05-18,2025,5,18,6,Sunday,1,0,21,Shasthi (Krishna),0,0,0,0,0,0,0,None,0,0,1,0,0,None,88628,31,26.6,6.0,14.6,4.48,35451,389963,PEAK
2025-05-19,2025,5,19,0,Monday,0,0,23,Ashtami (Krishna),0,0,0,0,0,0,0,None,0,0,1,0,0,None,80535,27,19.7,4.7,10.8,4.33,32214,354354,HIGH
2025-05-20,2025,5,20,1,Tuesday,0,0,24,Navami (Krishna),0,0,0,0,0,0,0,None,0,0,1,0,0,None,65047,15,10.8,2.8,5.9,4.04,26018,286206,MODERATE
2025-05-21,2025,5,21,2,Wednesday,0,0,25,Dashami (Krishna),0,0,0,0,0,0,0,None,0,0,1,0,0,None,63029,13,9.8,2.6,5.4,4.0,25211,277327,MODERATE
2025-05-22,2025,5,22,3,Thursday,0,0,26,Ekadashi (Krishna),1,0,0,0,0,0,0,None,0,0,1,0,0,None,77898,24,17.9,4.3,9.8,4.28,31159,342751,HIGH
2025-05-23,2025,5,23,4,Friday,0,0,27,Dwadashi (Krishna),0,0,0,0,0,0,0,None,0,0,1,0,0,None,80876,27,19.9,4.8,10.9,4.34,32350,355854,HIGH
2025-05-24,2025,5,24,5,Saturday,1,0,28,Trayodashi (Krishna),0,0,0,0,0,0,0,None,0,0,1,0,0,None,86409,31,24.4,5.7,13.4,4.44,34563,380199,PEAK
2025-05-25,2025,5,25,6,Sunday,1,0,29,Chaturdashi (Krishna),0,0,0,0,0,0,0,None,0,0,1,0,0,None,88773,31,26.8,6.0,14.7,4.49,35509,390601,PEAK
2025-05-26,2025,5,26,0,Monday,0,0,30,Amavasya (New Moon),0,0,1,0,0,0,0,None,0,0,1,0,0,None,81547,27,20.4,4.9,11.2,4.35,32618,358806,HIGH
2025-05-27,2025,5,27,1,Tuesday,0,0,1,Pratipada (Shukla),0,0,0,0,0,0,0,None,0,0,1,0,0,None,64894,14,10.7,2.8,5.9,4.03,25957,285533,MODERATE
2025-05-28,2025,5,28,2,Wednesday,0,0,2,Dwitiya (Shukla),0,0,0,0,0,0,0,None,0,0,1,0,0,None,62738,13,9.7,2.6,5.3,3.99,25095,276047,MODERATE
2025-05-29,2025,5,29,3,Thursday,0,0,3,Tritiya (Shukla),0,0,0,0,0,0,0,None,0,0,1,0,0,None,63216,13,9.9,2.6,5.4,4.0,25286,278150,MODERATE
2025-05-30,2025,5,30,4,Friday,0,0,4,Chaturthi (Shukla),0,0,0,0,0,0,0,None,0,0,1,0,0,None,82711,28,21.1,5.1,11.6,4.37,33084,363928,HIGH
2025-05-31,2025,5,31,5,Saturday,1,0,5,Panchami (Shukla),0,0,0,0,0,0,0,None,0,0,1,0,0,None,87908,31,25.9,5.9,14.2,4.47,35163,386795,PEAK
2025-06-01,2025,6,1,6,Sunday,1,0,6,Shasthi (Shukla),0,0,0,0,0,0,0,None,0,0,1,0,0,None,89263,31,27.3,6.1,15.0,4.5,35705,392757,PEAK
2025-06-02,2025,6,2,0,Monday,0,0,7,Saptami (Shukla),0,0,0,0,0,0,0,None,0,0,1,0,0,None,80943,27,20.0,4.8,11.0,4.34,32377,356149,HIGH
2025-06-03,2025,6,3,1,Tuesday,0,0,8,Ashtami (Shukla),0,0,0,0,0,0,0,None,0,0,1,0,0,None,63753,14,10.2,2.7,5.6,4.01,25501,280513,MODERATE
2025-06-04,2025,6,4,2,Wednesday,0,0,9,Navami (Shukla),0,0,0,0,0,0,0,None,0,0,1,0,0,None,64856,14,10.7,2.8,5.9,4.03,25942,285366,MODERATE
2025-06-05,2025,6,5,3,Thursday,0,0,10,Dashami (Shukla),0,0,0,0,0,0,0,None,0,0,1,0,0,None,67486,16,11.9,3.0,6.5,4.08,26994,296938,MODERATE
2025-06-06,2025,6,6,4,Friday,0,0,11,Ekadashi (Shukla),1,0,0,0,0,0,0,None,0,0,1,0,0,None,89352,31,27.4,6.1,15.1,4.5,35740,393148,PEAK
2025-06-07,2025,6,7,5,Saturday,1,0,12,Dwadashi (Shukla),0,0,0,0,0,0,0,None,0,0,1,1,1,Bakrid,98000,31,36.0,7.3,19.8,4.66,39200,431200,PEAK
2025-06-08,2025,6,8,6,Sunday,1,0,13,Trayodashi (Shukla),0,0,0,0,0,0,0,None,0,0,1,0,0,None,98000,31,36.0,7.3,19.8,4.66,39200,431200,PEAK
2025-06-09,2025,6,9,0,Monday,0,0,14,Chaturdashi (Shukla),0,0,0,0,0,0,0,None,0,0,1,0,0,None,95074,31,33.1,6.9,18.2,4.61,38029,418325,PEAK
2025-06-10,2025,6,10,1,Tuesday,0,0,15,Pournami (Full Moon),0,1,0,0,0,0,0,None,0,0,1,0,0,None,85870,31,23.9,5.6,13.1,4.43,34348,377828,PEAK
2025-06-11,2025,6,11,2,Wednesday,0,0,16,Pratipada (Krishna),0,0,0,0,0,0,0,None,0,0,0,0,0,None,53548,6,5.9,1.9,3.5,3.82,21419,235611,LOW
2025-06-12,2025,6,12,3,Thursday,0,0,17,Dwitiya (Krishna),0,0,0,0,0,0,0,None,0,0,0,0,0,None,49456,3,4.5,1.6,3.5,3.74,19782,217606,LOW
2025-06-13,2025,6,13,4,Friday,0,0,18,Tritiya (Krishna),0,0,0,0,0,0,0,None,0,0,0,0,0,None,60963,12,8.9,2.4,4.9,3.96,24385,268237,LOW
2025-06-14,2025,6,14,5,Saturday,1,0,19,Chaturthi (Krishna),0,0,0,0,0,0,0,None,0,0,0,0,0,None,68872,17,12.5,3.2,6.9,4.11,27548,303036,MODERATE
2025-06-15,2025,6,15,6,Sunday,1,0,20,Panchami (Krishna),0,0,0,0,0,0,0,None,0,0,0,0,0,None,66813,16,11.6,3.0,6.4,4.07,26725,293977,MODERATE
2025-06-16,2025,6,16,0,Monday,0,0,21,Shasthi (Krishna),0,0,0,0,0,0,0,None,0,0,0,0,0,None,52928,5,5.7,1.8,3.5,3.81,21171,232883,LOW
2025-06-17,2025,6,17,1,Tuesday,0,0,22,Saptami (Krishna),0,0,0,0,0,0,0,None,0,0,0,0,0,None,49048,2,4.4,1.6,3.5,3.73,19619,215811,LOW
2025-06-18,2025,6,18,2,Wednesday,0,0,23,Ashtami (Krishna),0,0,0,0,0,0,0,None,0,0,0,0,0,None,48000,2,4.0,1.5,3.5,3.71,19200,211200,LOW
2025-06-19,2025,6,19,3,Thursday,0,0,24,Navami (Krishna),0,0,0,0,0,0,0,None,0,0,0,0,0,None,49783,3,4.6,1.6,3.5,3.75,19913,219045,LOW
2025-06-20,2025,6,20,4,Friday,0,0,25,Dashami (Krishna),0,0,0,0,0,0,0,None,0,0,0,0,0,None,64491,14,10.5,2.7,5.8,4.03,25796,283760,MODERATE
2025-06-21,2025,6,21,5,Saturday,1,0,26,Ekadashi (Krishna),1,0,0,0,0,0,0,None,0,0,0,0,0,None,83779,29,21.9,5.3,12.0,4.39,33511,368627,HIGH
2025-06-22,2025,6,22,6,Sunday,1,0,27,Dwadashi (Krishna),0,0,0,0,0,0,0,None,0,0,0,0,0,None,70036,18,13.1,3.3,7.2,4.13,28014,308158,MODERATE
2025-06-23,2025,6,23,0,Monday,0,0,28,Trayodashi (Krishna),0,0,0,0,0,0,0,None,0,0,0,0,0,None,52772,5,5.7,1.8,3.5,3.8,21108,232196,LOW
2025-06-24,2025,6,24,1,Tuesday,0,0,29,Chaturdashi (Krishna),0,0,0,0,0,0,0,None,0,0,0,0,0,None,48000,2,4.0,1.5,3.5,3.71,19200,211200,LOW
2025-06-25,2025,6,25,2,Wednesday,0,0,30,Amavasya (New Moon),0,0,1,0,0,0,0,None,0,0,0,0,0,None,48000,2,4.0,1.5,3.5,3.71,19200,211200,LOW
2025-06-26,2025,6,26,3,Thursday,0,0,1,Pratipada (Shukla),0,0,0,0,0,0,0,None,0,0,0,0,0,None,48000,2,4.0,1.5,3.5,3.71,19200,211200,LOW
2025-06-27,2025,6,27,4,Friday,0,0,2,Dwitiya (Shukla),0,0,0,0,0,0,0,None,0,0,0,0,0,None,62363,13,9.5,2.5,5.2,3.98,24945,274397,MODERATE
2025-06-28,2025,6,28,5,Saturday,1,0,3,Tritiya (Shukla),0,0,0,0,0,0,0,None,0,0,0,0,0,None,68474,17,12.4,3.1,6.8,4.1,27389,301285,MODERATE
2025-06-29,2025,6,29,6,Sunday,1,0,4,Chaturthi (Shukla),0,0,0,0,0,0,0,None,0,0,0,0,0,None,65883,15,11.2,2.9,6.2,4.05,26353,289885,MODERATE
2025-06-30,2025,6,30,0,Monday,0,0,5,Panchami (Shukla),0,0,0,0,0,0,0,None,0,0,0,0,0,None,53190,6,5.8,1.8,3.5,3.81,21276,234036,LOW
2025-07-01,2025,7,1,1,Tuesday,0,0,6,Shasthi (Shukla),0,0,0,0,0,0,0,None,0,0,0,0,0,None,48000,2,4.0,1.5,3.5,3.71,19200,211200,LOW
2025-07-02,2025,7,2,2,Wednesday,0,0,7,Saptami (Shukla),0,0,0,0,0,0,0,None,0,0,0,0,0,None,48000,2,4.0,1.5,3.5,3.71,19200,211200,LOW
2025-07-03,2025,7,3,3,Thursday,0,0,8,Ashtami (Shukla),0,0,0,0,0,0,0,None,0,0,0,0,0,None,48459,2,4.2,1.5,3.5,3.72,19383,213219,LOW
2025-07-04,2025,7,4,4,Friday,0,0,9,Navami (Shukla),0,0,0,0,0,0,0,None,0,0,0,0,0,None,62555,13,9.6,2.6,5.3,3.99,25022,275242,MODERATE
2025-07-05,2025,7,5,5,Saturday,1,0,10,Dashami (Shukla),0,0,0,0,0,0,0,None,0,0,0,0,0,None,71242,19,13.6,3.4,7.5,4.15,28496,313464,MODERATE
2025-07-06,2025,7,6,6,Sunday,1,0,11,Ekadashi (Shukla),1,0,0,0,0,0,0,None,0,0,0,1,1,Muharram,94170,31,32.2,6.8,17.7,4.59,37668,414348,PEAK
2025-07-07,2025,7,7,0,Monday,0,0,12,Dwadashi (Shukla),0,0,0,0,0,0,0,None,0,0,0,0,0,None,69194,17,12.7,3.2,7.0,4.11,27677,304453,MODERATE
2025-07-08,2025,7,8,1,Tuesday,0,0,13,Trayodashi (Shukla),0,0,0,0,0,0,0,None,0,0,0,0,0,None,49042,2,4.4,1.6,3.5,3.73,19616,215784,LOW
2025-07-09,2025,7,9,2,Wednesday,0,0,14,Chaturdashi (Shukla),0,0,0,0,0,0,0,None,0,0,0,0,0,None,48000,2,4.0,1.5,3.5,3.71,19200,211200,LOW
2025-07-10,2025,7,10,3,Thursday,0,0,15,Pournami (Full Moon),0,1,0,0,0,0,0,None,0,0,0,0,0,None,56178,8,6.9,2.0,3.8,3.87,22471,247183,LOW
2025-07-11,2025,7,11,4,Friday,0,0,16,Pratipada (Krishna),0,0,0,0,0,0,0,None,0,0,0,0,0,None,59647,11,8.3,2.3,4.6,3.93,23858,262446,LOW
2025-07-12,2025,7,12,5,Saturday,1,0,17,Dwitiya (Krishna),0,0,0,0,0,0,0,None,0,0,0,0,0,None,70766,19,13.4,3.4,7.4,4.14,28306,311370,MODERATE
2025-07-13,2025,7,13,6,Sunday,1,0,18,Tritiya (Krishna),0,0,0,0,0,0,0,None,0,0,0,0,0,None,66058,15,11.2,2.9,6.2,4.06,26423,290655,MODERATE
2025-07-14,2025,7,14,0,Monday,0,0,19,Chaturthi (Krishna),0,0,0,0,0,0,0,None,0,0,0,0,0,None,52269,5,5.5,1.8,3.5,3.79,20907,229983,LOW
2025-07-15,2025,7,15,1,Tuesday,0,0,20,Panchami (Krishna),0,0,0,0,0,0,0,None,0,0,0,0,0,None,48810,2,4.3,1.6,3.5,3.73,19524,214764,LOW
2025-07-16,2025,7,16,2,Wednesday,0,0,21,Shasthi (Krishna),0,0,0,0,0,0,0,None,0,0,0,0,0,None,48000,2,4.0,1.5,3.5,3.71,19200,211200,LOW
2025-07-17,2025,7,17,3,Thursday,0,0,22,Saptami (Krishna),0,0,0,0,0,0,0,None,0,0,0,0,0,None,50353,3,4.8,1.7,3.5,3.76,20141,221553,LOW
2025-07-18,2025,7,18,4,Friday,0,0,23,Ashtami (Krishna),0,0,0,0,0,0,0,None,0,0,0,0,0,None,59623,11,8.3,2.3,4.6,3.93,23849,262341,LOW
2025-07-19,2025,7,19,5,Saturday,1,0,24,Navami (Krishna),0,0,0,0,0,0,0,None,0,0,0,0,0,None,72177,20,14.1,3.5,7.8,4.17,28870,317578,MODERATE
2025-07-20,2025,7,20,6,Sunday,1,0,25,Dashami (Krishna),0,0,0,0,0,0,0,None,0,0,0,0,0,None,69384,18,12.8,3.2,7.0,4.12,27753,305289,MODERATE
2025-07-21,2025,7,21,0,Monday,0,0,27,Dwadashi (Krishna),0,0,0,0,0,0,0,None,0,0,0,0,0,None,53881,6,6.1,1.9,3.5,3.82,21552,237076,LOW
2025-07-22,2025,7,22,1,Tuesday,0,0,28,Trayodashi (Krishna),0,0,0,0,0,0,0,None,0,0,0,0,0,None,48000,2,4.0,1.5,3.5,3.71,19200,211200,LOW
2025-07-23,2025,7,23,2,Wednesday,0,0,29,Chaturdashi (Krishna),0,0,0,0,0,0,0,None,0,0,0,0,0,None,48000,2,4.0,1.5,3.5,3.71,19200,211200,LOW
2025-07-24,2025,7,24,3,Thursday,0,0,30,Amavasya (New Moon),0,0,1,0,0,0,0,None,0,0,0,0,0,None,48000,2,4.0,1.5,3.5,3.71,19200,211200,LOW
2025-07-25,2025,7,25,4,Friday,0,0,1,Pratipada (Shukla),0,0,0,0,0,0,0,None,0,0,0,0,0,None,62060,12,9.4,2.5,5.2,3.98,24824,273064,MODERATE
2025-07-26,2025,7,26,5,Saturday,1,0,2,Dwitiya (Shukla),0,0,0,0,0,0,0,None,0,0,0,0,0,None,68770,17,12.5,3.2,6.9,4.11,27508,302588,MODERATE
2025-07-27,2025,7,27,6,Sunday,1,0,3,Tritiya (Shukla),0,0,0,0,0,0,0,None,0,0,0,0,0,None,70183,18,13.2,3.3,7.3,4.13,28073,308805,MODERATE
2025-07-28,2025,7,28,0,Monday,0,0,4,Chaturthi (Shukla),0,0,0,0,0,0,0,None,0,0,0,0,0,None,53816,6,6.0,1.9,3.5,3.82,21526,236790,LOW
2025-07-29,2025,7,29,1,Tuesday,0,0,5,Panchami (Shukla),0,0,0,0,0,0,0,None,0,0,0,0,0,None,48000,2,4.0,1.5,3.5,3.71,19200,211200,LOW
2025-07-30,2025,7,30,2,Wednesday,0,0,6,Shasthi (Shukla),0,0,0,0,0,0,0,None,0,0,0,0,0,None,48005,2,4.0,1.5,3.5,3.71,19202,211222,LOW
2025-07-31,2025,7,31,3,Thursday,0,0,7,Saptami (Shukla),0,0,0,0,0,0,0,None,0,0,0,0,0,None,50144,3,4.8,1.6,3.5,3.75,20057,220633,LOW
2025-08-01,2025,8,1,4,Friday,0,0,8,Ashtami (Shukla),0,0,0,0,0,0,0,None,0,0,0,0,0,None,62198,12,9.4,2.5,5.2,3.98,24879,273671,MODERATE
2025-08-02,2025,8,2,5,Saturday,1,0,9,Navami (Shukla),0,0,0,0,0,0,0,None,0,0,0,0,0,None,72425,20,14.3,3.5,7.9,4.18,28970,318670,MODERATE
2025-08-03,2025,8,3,6,Sunday,1,0,10,Dashami (Shukla),0,0,0,0,0,0,0,None,0,0,0,0,0,None,66811,16,11.6,3.0,6.4,4.07,26724,293968,MODERATE
2025-08-04,2025,8,4,0,Monday,0,0,11,Ekadashi (Shukla),1,0,0,0,0,0,0,None,0,0,0,0,0,None,65914,15,11.2,2.9,6.2,4.05,26365,290021,MODERATE
2025-08-05,2025,8,5,1,Tuesday,0,0,12,Dwadashi (Shukla),0,0,0,0,0,0,0,None,0,0,0,0,0,None,48000,2,4.0,1.5,3.5,3.71,19200,211200,LOW
2025-08-06,2025,8,6,2,Wednesday,0,0,13,Trayodashi (Shukla),0,0,0,0,0,0,0,None,0,0,0,0,0,None,48000,2,4.0,1.5,3.5,3.71,19200,211200,LOW
2025-08-07,2025,8,7,3,Thursday,0,0,14,Chaturdashi (Shukla),0,0,0,0,0,0,0,None,0,0,0,0,0,None,48000,2,4.0,1.5,3.5,3.71,19200,211200,LOW
2025-08-08,2025,8,8,4,Friday,0,0,15,Pournami (Full Moon),0,1,0,0,0,0,0,Varalakshmi Vratam,0,0,0,0,0,None,86335,31,24.3,5.7,13.4,4.44,34534,379874,PEAK
2025-08-09,2025,8,9,5,Saturday,1,0,16,Pratipada (Krishna),0,0,0,0,0,0,0,None,0,0,0,0,0,None,76844,24,17.2,4.1,9.5,4.26,30737,338113,HIGH
2025-08-10,2025,8,10,6,Sunday,1,0,17,Dwitiya (Krishna),0,0,0,0,0,0,0,None,0,0,0,0,0,None,67866,17,12.1,3.1,6.7,4.09,27146,298610,MODERATE
2025-08-11,2025,8,11,0,Monday,0,0,18,Tritiya (Krishna),0,0,0,0,0,0,0,None,0,0,0,0,0,None,52644,5,5.6,1.8,3.5,3.8,21057,231633,LOW
2025-08-12,2025,8,12,1,Tuesday,0,0,19,Chaturthi (Krishna),0,0,0,0,0,0,0,None,0,0,0,0,0,None,49284,3,4.4,1.6,3.5,3.74,19713,216849,LOW
2025-08-13,2025,8,13,2,Wednesday,0,0,20,Panchami (Krishna),0,0,0,0,0,0,0,None,0,0,0,0,0,None,48000,2,4.0,1.5,3.5,3.71,19200,211200,LOW
2025-08-14,2025,8,14,3,Thursday,0,0,21,Shasthi (Krishna),0,0,0,0,0,0,0,None,0,0,0,0,0,None,48000,2,4.0,1.5,3.5,3.71,19200,211200,LOW
2025-08-15,2025,8,15,4,Friday,0,1,22,Saptami (Krishna),0,0,0,0,0,0,0,None,0,0,0,1,1,Independence Day,90349,31,28.3,6.2,15.6,4.52,36139,397535,PEAK
2025-08-16,2025,8,16,5,Saturday,1,1,23,Ashtami (Krishna),0,0,0,0,0,0,0,None,0,0,0,0,0,None,90751,31,28.8,6.3,15.8,4.52,36300,399304,PEAK
2025-08-17,2025,8,17,6,Sunday,1,1,24,Navami (Krishna),0,0,0,0,0,0,0,None,0,0,0,0,0,None,88492,31,26.5,6.0,14.6,4.48,35396,389364,PEAK
2025-08-18,2025,8,18,0,Monday,0,0,25,Dashami (Krishna),0,0,0,0,0,0,0,None,0,0,0,0,0,None,64539,14,10.5,2.8,5.8,4.03,25815,283971,MODERATE
2025-08-19,2025,8,19,1,Tuesday,0,0,26,Ekadashi (Krishna),1,0,0,0,0,0,0,None,0,0,0,0,0,None,56193,8,6.9,2.0,3.8,3.87,22477,247249,LOW
2025-08-20,2025,8,20,2,Wednesday,0,0,27,Dwadashi (Krishna),0,0,0,0,0,0,0,None,0,0,0,0,0,None,48000,2,4.0,1.5,3.5,3.71,19200,211200,LOW
2025-08-21,2025,8,21,3,Thursday,0,0,28,Trayodashi (Krishna),0,0,0,0,0,0,0,None,0,0,0,0,0,None,48000,2,4.0,1.5,3.5,3.71,19200,211200,LOW
2025-08-22,2025,8,22,4,Friday,0,0,29,Chaturdashi (Krishna),0,0,0,0,0,0,0,None,0,0,0,0,0,None,60623,11,8.7,2.4,4.8,3.95,24249,266741,LOW
2025-08-23,2025,8,23,5,Saturday,1,0,30,Amavasya (New Moon),0,0,1,0,0,0,0,None,0,0,0,0,0,None,72876,20,14.6,3.6,8.0,4.18,29150,320654,MODERATE
2025-08-24,2025,8,24,6,Sunday,1,0,1,Pratipada (Shukla),0,0,0,0,0,0,0,None,0,0,0,0,0,None,67957,17,12.1,3.1,6.7,4.09,27182,299010,MODERATE
2025-08-25,2025,8,25,0,Monday,0,0,2,Dwitiya (Shukla),0,0,0,0,0,0,0,None,0,0,0,0,0,None,51461,4,5.2,1.7,3.5,3.78,20584,226428,LOW
2025-08-26,2025,8,26,1,Tuesday,0,0,3,Tritiya (Shukla),0,0,0,0,0,0,0,None,0,0,0,0,0,None,48000,2,4.0,1.5,3.5,3.71,19200,211200,LOW
2025-08-27,2025,8,27,2,Wednesday,0,0,4,Chaturthi (Shukla),0,0,0,0,0,0,0,None,0,0,0,1,1,Vinayaka Chavithi,62523,13,9.6,2.6,5.3,3.99,25009,275101,MODERATE
2025-08-28,2025,8,28,3,Thursday,0,0,5,Panchami (Shukla),0,0,0,0,0,0,0,None,0,0,0,0,0,None,48236,2,4.1,1.5,3.5,3.72,19294,212238,LOW
2025-08-29,2025,8,29,4,Friday,0,0,6,Shasthi (Shukla),0,0,0,0,0,0,0,None,0,0,0,0,0,None,62278,13,9.5,2.5,5.2,3.98,24911,274023,MODERATE
2025-08-30,2025,8,30,5,Saturday,1,0,7,Saptami (Shukla),0,0,0,0,0,0,0,None,0,0,0,0,0,None,73929,21,15.3,3.7,8.4,4.2,29571,325287,HIGH
2025-08-31,2025,8,31,6,Sunday,1,0,8,Ashtami (Shukla),0,0,0,0,0,0,0,None,0,0,0,0,0,None,65921,15,11.2,2.9,6.2,4.05,26368,290052,MODERATE
2025-09-01,2025,9,1,0,Monday,0,0,9,Navami (Shukla),0,0,0,0,0,0,0,None,0,0,0,0,0,None,52108,5,5.4,1.8,3.5,3.79,20843,229275,LOW
2025-09-02,2025,9,2,1,Tuesday,0,0,10,Dashami (Shukla),0,0,0,0,0,0,0,None,0,0,0,0,0,None,48000,2,4.0,1.5,3.5,3.71,19200,211200,LOW
2025-09-03,2025,9,3,2,Wednesday,0,0,11,Ekadashi (Shukla),1,0,0,0,0,0,0,None,0,0,0,0,0,None,54033,6,6.1,1.9,3.5,3.83,21613,237745,LOW
2025-09-04,2025,9,4,3,Thursday,0,0,12,Dwadashi (Shukla),0,0,0,0,0,0,0,None,0,0,0,0,0,None,48000,2,4.0,1.5,3.5,3.71,19200,211200,LOW
2025-09-05,2025,9,5,4,Friday,0,0,13,Trayodashi (Shukla),0,0,0,0,0,0,0,None,0,0,0,0,0,None,63024,13,9.8,2.6,5.4,4.0,25209,277305,MODERATE
2025-09-06,2025,9,6,5,Saturday,1,0,14,Chaturdashi (Shukla),0,0,0,0,0,0,0,None,0,0,0,0,0,None,73141,20,14.8,3.6,8.1,4.19,29256,321820,HIGH
2025-09-07,2025,9,7,6,Sunday,1,0,15,Pournami (Full Moon),0,1,0,0,0,0,0,None,1,0,0,0,0,None,52587,5,5.6,1.8,3.5,3.8,21034,231382,LOW
2025-09-08,2025,9,8,0,Monday,0,0,16,Pratipada (Krishna),0,0,0,0,0,0,0,None,0,0,0,0,0,None,50973,4,5.0,1.7,3.5,3.77,20389,224281,LOW
2025-09-09,2025,9,9,1,Tuesday,0,0,17,Dwitiya (Krishna),0,0,0,0,0,0,0,None,0,0,0,0,0,None,48797,2,4.3,1.6,3.5,3.73,19518,214706,LOW
2025-09-10,2025,9,10,2,Wednesday,0,0,18,Tritiya (Krishna),0,0,0,0,0,0,0,None,0,0,0,0,0,None,48000,2,4.0,1.5,3.5,3.71,19200,211200,LOW
2025-09-11,2025,9,11,3,Thursday,0,0,19,Chaturthi (Krishna),0,0,0,0,0,0,0,None,0,0,0,0,0,None,48000,2,4.0,1.5,3.5,3.71,19200,211200,LOW
2025-09-12,2025,9,12,4,Friday,0,0,20,Panchami (Krishna),0,0,0,0,0,0,0,None,0,0,0,0,0,None,60849,12,8.8,2.4,4.8,3.96,24339,267735,LOW
2025-09-13,2025,9,13,5,Saturday,1,0,21,Shasthi (Krishna),0,0,0,0,0,0,0,None,0,0,0,0,0,None,70457,18,13.3,3.3,7.3,4.14,28182,310010,MODERATE
2025-09-14,2025,9,14,6,Sunday,1,0,22,Saptami (Krishna),0,0,0,0,0,0,0,None,0,0,0,0,0,None,67572,16,11.9,3.1,6.5,4.08,27028,297316,MODERATE
2025-09-15,2025,9,15,0,Monday,0,0,23,Ashtami (Krishna),0,0,0,0,0,0,0,None,0,0,0,0,0,None,53670,6,6.0,1.9,3.5,3.82,21468,236148,LOW
2025-09-16,2025,9,16,1,Tuesday,0,0,24,Navami (Krishna),0,0,0,0,0,0,0,None,0,0,0,0,0,None,48000,2,4.0,1.5,3.5,3.71,19200,211200,LOW
2025-09-17,2025,9,17,2,Wednesday,0,0,25,Dashami (Krishna),0,0,0,1,0,0,0,None,0,0,0,0,0,None,48262,2,4.1,1.5,3.5,3.72,19304,212352,LOW
2025-09-18,2025,9,18,3,Thursday,0,0,26,Ekadashi (Krishna),1,0,0,1,0,0,0,None,0,0,0,0,0,None,56132,8,6.8,2.0,3.7,3.87,22452,246980,LOW
2025-09-19,2025,9,19,4,Friday,0,0,27,Dwadashi (Krishna),0,0,0,1,0,0,0,None,0,0,0,0,0,None,70868,19,13.5,3.4,7.4,4.15,28347,311819,MODERATE
2025-09-20,2025,9,20,5,Saturday,1,0,28,Trayodashi (Krishna),0,0,0,1,1,0,0,None,0,0,0,0,0,None,87027,31,25.0,5.8,13.8,4.45,34810,382918,PEAK
2025-09-21,2025,9,21,6,Sunday,1,0,29,Chaturdashi (Krishna),0,0,0,1,0,0,0,None,0,0,0,0,0,None,83489,29,21.7,5.2,11.9,4.39,33395,367351,HIGH
2025-09-22,2025,9,22,0,Monday,0,0,1,Pratipada (Shukla),0,0,0,1,0,0,0,None,0,0,0,0,0,None,56369,8,6.9,2.1,3.8,3.87,22547,248023,LOW
2025-09-23,2025,9,23,1,Tuesday,0,0,2,Dwitiya (Shukla),0,0,0,1,0,0,0,None,0,0,0,0,0,None,48000,2,4.0,1.5,3.5,3.71,19200,211200,LOW
2025-09-24,2025,9,24,2,Wednesday,0,0,3,Tritiya (Shukla),0,0,0,1,0,0,1,Salakatla Brahmotsavam (Day in Festival Window),0,0,0,0,0,None,69831,18,13.0,3.3,7.2,4.13,27932,307256,MODERATE
2025-09-25,2025,9,25,3,Thursday,0,0,4,Chaturthi (Shukla),0,0,0,1,0,0,1,Salakatla Brahmotsavam (Day in Festival Window),0,0,0,0,0,None,69288,18,12.7,3.2,7.0,4.12,27715,304867,MODERATE
2025-09-26,2025,9,26,4,Friday,0,0,5,Panchami (Shukla),0,0,0,1,0,0,1,Salakatla Brahmotsavam (Day in Festival Window),0,0,0,0,0,None,92354,31,30.4,6.5,16.7,4.55,36941,406357,PEAK
2025-09-27,2025,9,27,5,Saturday,1,0,6,Shasthi (Shukla),0,0,0,1,1,0,1,Salakatla Brahmotsavam (Day in Festival Window),0,0,0,0,0,None,98000,31,36.0,7.3,19.8,4.66,39200,431200,PEAK
2025-09-28,2025,9,28,6,Sunday,1,0,7,Saptami (Shukla),0,0,0,1,0,0,1,Salakatla Brahmotsavam (Garuda Seva Day!),0,0,0,0,0,None,98000,31,36.0,7.3,19.8,4.66,39200,431200,PEAK
2025-09-29,2025,9,29,0,Monday,0,0,8,Ashtami (Shukla),0,0,0,1,0,0,1,Salakatla Brahmotsavam (Day in Festival Window),0,0,0,0,0,None,98000,31,36.0,7.3,19.8,4.66,39200,431200,PEAK
2025-09-30,2025,9,30,1,Tuesday,0,0,9,Navami (Shukla),0,0,0,1,0,0,1,Salakatla Brahmotsavam (Day in Festival Window),0,0,0,0,0,None,98000,31,36.0,7.3,19.8,4.66,39200,431200,PEAK
2025-10-01,2025,10,1,2,Wednesday,0,0,10,Dashami (Shukla),0,0,0,1,0,0,1,Salakatla Brahmotsavam (Day in Festival Window),0,0,0,1,1,Ayudha Puja,98000,31,36.0,7.3,19.8,4.66,39200,431200,PEAK
2025-10-02,2025,10,2,3,Thursday,0,0,11,Ekadashi (Shukla),1,0,0,1,0,0,1,Salakatla Brahmotsavam (Day in Festival Window),0,0,0,1,2,Gandhi Jayanti | Vijayadasami / Gandhi Jayanti,98000,31,36.0,7.3,19.8,4.66,39200,431200,PEAK
2025-10-03,2025,10,3,4,Friday,0,0,12,Dwadashi (Shukla),0,0,0,1,0,0,0,None,0,0,0,0,0,None,98000,31,36.0,7.3,19.8,4.66,39200,431200,PEAK
2025-10-04,2025,10,4,5,Saturday,1,0,13,Trayodashi (Shukla),0,0,0,1,1,0,0,None,0,0,0,0,0,None,98000,31,36.0,7.3,19.8,4.66,39200,431200,PEAK
2025-10-05,2025,10,5,6,Sunday,1,0,14,Chaturdashi (Shukla),0,0,0,1,0,0,0,None,0,0,0,0,0,None,98000,31,36.0,7.3,19.8,4.66,39200,431200,PEAK
2025-10-06,2025,10,6,0,Monday,0,0,15,Pournami (Full Moon),0,1,0,1,0,0,0,None,0,0,0,0,0,None,98000,31,36.0,7.3,19.8,4.66,39200,431200,PEAK
2025-10-07,2025,10,7,1,Tuesday,0,0,16,Pratipada (Krishna),0,0,0,1,0,0,0,None,0,0,0,0,0,None,98000,31,36.0,7.3,19.8,4.66,39200,431200,PEAK
2025-10-08,2025,10,8,2,Wednesday,0,0,17,Dwitiya (Krishna),0,0,0,1,0,0,0,None,0,0,0,0,0,None,90507,31,28.5,6.3,15.7,4.52,36202,398230,PEAK
2025-10-09,2025,10,9,3,Thursday,0,0,18,Tritiya (Krishna),0,0,0,1,0,0,0,None,0,0,0,0,0,None,75793,23,16.5,3.9,9.1,4.24,30317,333489,HIGH
2025-10-10,2025,10,10,4,Friday,0,0,19,Chaturthi (Krishna),0,0,0,1,0,0,0,None,0,0,0,0,0,None,83879,29,21.9,5.3,12.0,4.39,33551,369067,HIGH
2025-10-11,2025,10,11,5,Saturday,1,0,20,Panchami (Krishna),0,0,0,1,1,0,0,None,0,0,0,0,0,None,98000,31,36.0,7.3,19.8,4.66,39200,431200,PEAK
2025-10-12,2025,10,12,6,Sunday,1,0,21,Shasthi (Krishna),0,0,0,1,0,0,0,None,0,0,0,0,0,None,98000,31,36.0,7.3,19.8,4.66,39200,431200,PEAK
2025-10-13,2025,10,13,0,Monday,0,0,22,Saptami (Krishna),0,0,0,1,0,0,0,None,0,0,0,0,0,None,86084,31,24.1,5.7,13.3,4.44,34433,378769,PEAK
2025-10-14,2025,10,14,1,Tuesday,0,0,23,Ashtami (Krishna),0,0,0,1,0,0,0,None,0,0,0,0,0,None,66279,15,11.3,2.9,6.2,4.06,26511,291627,MODERATE
2025-10-15,2025,10,15,2,Wednesday,0,0,24,Navami (Krishna),0,0,0,1,0,0,0,None,0,0,0,0,0,None,55926,8,6.8,2.0,3.7,3.86,22370,246074,LOW
2025-10-16,2025,10,16,3,Thursday,0,0,25,Dashami (Krishna),0,0,0,1,0,0,0,None,0,0,0,0,0,None,60560,11,8.7,2.4,4.8,3.95,24224,266464,LOW
2025-10-17,2025,10,17,4,Friday,0,0,26,Ekadashi (Krishna),1,0,0,1,0,0,0,None,0,0,0,0,0,None,90814,31,28.8,6.3,15.8,4.53,36325,399581,PEAK
2025-10-18,2025,10,18,5,Saturday,1,1,27,Dwadashi (Krishna),0,0,0,0,0,0,0,None,0,0,0,0,0,None,98000,31,36.0,7.3,19.8,4.66,39200,431200,PEAK
2025-10-19,2025,10,19,6,Sunday,1,1,28,Trayodashi (Krishna),0,0,0,0,0,0,0,None,0,0,0,0,0,None,95209,31,33.2,6.9,18.3,4.61,38083,418919,PEAK
2025-10-20,2025,10,20,0,Monday,0,1,29,Chaturdashi (Krishna),0,0,0,0,0,0,0,Deepavali / Diwali,0,0,0,1,1,Deepavali,98000,31,36.0,7.3,19.8,4.66,39200,431200,PEAK
2025-10-21,2025,10,21,1,Tuesday,0,0,30,Amavasya (New Moon),0,0,1,0,0,1,0,None,0,0,0,0,0,None,83036,29,21.4,5.2,11.8,4.38,33214,365358,HIGH
2025-10-22,2025,10,22,2,Wednesday,0,0,1,Pratipada (Shukla),0,0,0,0,0,1,0,None,0,0,0,0,0,None,56731,8,7.1,2.1,3.9,3.88,22692,249616,LOW
2025-10-23,2025,10,23,3,Thursday,0,0,2,Dwitiya (Shukla),0,0,0,0,0,1,0,None,0,0,0,0,0,None,53007,6,5.8,1.8,3.5,3.81,21202,233230,LOW
2025-10-24,2025,10,24,4,Friday,0,0,3,Tritiya (Shukla),0,0,0,0,0,1,0,None,0,0,0,0,0,None,67964,17,12.1,3.1,6.7,4.09,27185,299041,MODERATE
2025-10-25,2025,10,25,5,Saturday,1,0,4,Chaturthi (Shukla),0,0,0,0,0,1,0,None,0,0,0,0,0,None,77835,24,17.9,4.3,9.8,4.28,31134,342474,HIGH
2025-10-26,2025,10,26,6,Sunday,1,0,5,Panchami (Shukla),0,0,0,0,0,1,0,None,0,0,0,0,0,None,74268,21,15.5,3.7,8.5,4.21,29707,326779,HIGH
2025-10-27,2025,10,27,0,Monday,0,0,6,Shasthi (Shukla),0,0,0,0,0,1,0,None,0,0,0,0,0,None,61088,12,8.9,2.4,4.9,3.96,24435,268787,LOW
2025-10-28,2025,10,28,1,Tuesday,0,0,7,Saptami (Shukla),0,0,0,0,0,1,0,None,0,0,0,0,0,None,51241,4,5.1,1.7,3.5,3.77,20496,225460,LOW
2025-10-29,2025,10,29,2,Wednesday,0,0,8,Ashtami (Shukla),0,0,0,0,0,1,0,None,0,0,0,0,0,None,52508,5,5.6,1.8,3.5,3.8,21003,231035,LOW
2025-10-30,2025,10,30,3,Thursday,0,0,9,Navami (Shukla),0,0,0,0,0,1,0,None,0,0,0,0,0,None,53325,6,5.9,1.9,3.5,3.81,21330,234630,LOW
2025-10-31,2025,10,31,4,Friday,0,0,10,Dashami (Shukla),0,0,0,0,0,1,0,None,0,0,0,0,0,None,68411,17,12.3,3.1,6.8,4.1,27364,301008,MODERATE
2025-11-01,2025,11,1,5,Saturday,1,0,11,Ekadashi (Shukla),1,0,0,0,0,1,0,None,0,0,0,1,1,Kannada Rajyotsava / AP Formation Day,94401,31,32.4,6.8,17.8,4.59,37760,415364,PEAK
2025-11-02,2025,11,2,6,Sunday,1,0,12,Dwadashi (Shukla),0,0,0,0,0,1,0,None,0,0,0,0,0,None,86079,31,24.1,5.6,13.3,4.44,34431,378747,PEAK
2025-11-03,2025,11,3,0,Monday,0,0,13,Trayodashi (Shukla),0,0,0,0,0,1,0,None,0,0,0,0,0,None,64862,14,10.7,2.8,5.9,4.03,25944,285392,MODERATE
2025-11-04,2025,11,4,1,Tuesday,0,0,14,Chaturdashi (Shukla),0,0,0,0,0,1,0,None,0,0,0,0,0,None,52284,5,5.5,1.8,3.5,3.79,20913,230049,LOW
2025-11-05,2025,11,5,2,Wednesday,0,0,15,Pournami (Full Moon),0,1,0,0,0,1,0,None,0,0,0,0,0,None,59611,11,8.2,2.3,4.5,3.93,23844,262288,LOW
2025-11-06,2025,11,6,3,Thursday,0,0,16,Pratipada (Krishna),0,0,0,0,0,1,0,None,0,0,0,0,0,None,53123,6,5.8,1.8,3.5,3.81,21249,233741,LOW
2025-11-07,2025,11,7,4,Friday,0,0,17,Dwitiya (Krishna),0,0,0,0,0,1,0,None,0,0,0,0,0,None,71692,19,13.9,3.5,7.6,4.16,28676,315444,MODERATE
2025-11-08,2025,11,8,5,Saturday,1,0,18,Tritiya (Krishna),0,0,0,0,0,1,0,None,0,0,0,0,0,None,79889,26,19.3,4.6,10.6,4.32,31955,351511,HIGH
2025-11-09,2025,11,9,6,Sunday,1,0,19,Chaturthi (Krishna),0,0,0,0,0,1,0,None,0,0,0,0,0,None,76499,23,17.0,4.1,9.4,4.25,30599,336595,HIGH
2025-11-10,2025,11,10,0,Monday,0,0,20,Panchami (Krishna),0,0,0,0,0,1,0,None,0,0,0,0,0,None,60703,11,8.8,2.4,4.8,3.95,24281,267093,LOW
2025-11-11,2025,11,11,1,Tuesday,0,0,21,Shasthi (Krishna),0,0,0,0,0,1,0,None,0,0,0,0,0,None,54477,7,6.3,1.9,3.5,3.84,21790,239698,LOW
2025-11-12,2025,11,12,2,Wednesday,0,0,22,Saptami (Krishna),0,0,0,0,0,1,0,None,0,0,0,0,0,None,54049,6,6.1,1.9,3.5,3.83,21619,237815,LOW
2025-11-13,2025,11,13,3,Thursday,0,0,23,Ashtami (Krishna),0,0,0,0,0,1,0,None,0,0,0,0,0,None,55659,8,6.7,2.0,3.7,3.86,22263,244899,LOW
2025-11-14,2025,11,14,4,Friday,0,0,24,Navami (Krishna),0,0,0,0,0,1,0,None,0,0,0,0,0,None,68768,17,12.5,3.2,6.9,4.11,27507,302579,MODERATE
2025-11-15,2025,11,15,5,Saturday,1,0,25,Dashami (Krishna),0,0,0,0,0,1,0,None,0,0,0,0,0,None,79943,26,19.3,4.6,10.6,4.32,31977,351749,HIGH
2025-11-16,2025,11,16,6,Sunday,1,0,26,Ekadashi (Krishna),1,0,0,0,0,1,0,None,0,0,0,0,0,None,84742,31,22.7,5.5,12.5,4.41,33896,372864,PEAK
2025-11-17,2025,11,17,0,Monday,0,0,27,Dwadashi (Krishna),0,0,0,0,0,1,0,None,0,0,0,0,0,None,67267,16,11.8,3.0,6.5,4.08,26906,295974,MODERATE
2025-11-18,2025,11,18,1,Tuesday,0,0,28,Trayodashi (Krishna),0,0,0,0,0,1,0,None,0,0,0,0,0,None,53232,6,5.8,1.8,3.5,3.81,21292,234220,LOW
2025-11-19,2025,11,19,2,Wednesday,0,0,29,Chaturdashi (Krishna),0,0,0,0,0,1,0,None,0,0,0,0,0,None,51548,4,5.2,1.7,3.5,3.78,20619,226811,LOW
2025-11-20,2025,11,20,3,Thursday,0,0,30,Amavasya (New Moon),0,0,1,0,0,1,0,None,0,0,0,0,0,None,53037,6,5.8,1.8,3.5,3.81,21214,233362,LOW
2025-11-21,2025,11,21,4,Friday,0,0,1,Pratipada (Shukla),0,0,0,0,0,1,0,None,0,0,0,0,0,None,68544,17,12.4,3.2,6.8,4.1,27417,301593,MODERATE
2025-11-22,2025,11,22,5,Saturday,1,0,2,Dwitiya (Shukla),0,0,0,0,0,1,0,None,0,0,0,0,0,None,78039,25,18.0,4.3,9.9,4.28,31215,343371,HIGH
2025-11-23,2025,11,23,6,Sunday,1,0,3,Tritiya (Shukla),0,0,0,0,0,1,0,None,0,0,0,0,0,None,77993,24,18.0,4.3,9.9,4.28,31197,343169,HIGH
2025-11-24,2025,11,24,0,Monday,0,0,5,Panchami (Shukla),0,0,0,0,0,1,0,None,0,0,0,0,0,None,60591,11,8.7,2.4,4.8,3.95,24236,266600,LOW
2025-11-25,2025,11,25,1,Tuesday,0,0,6,Shasthi (Shukla),0,0,0,0,0,1,0,None,0,0,0,0,0,None,51342,4,5.2,1.7,3.5,3.78,20536,225904,LOW
2025-11-26,2025,11,26,2,Wednesday,0,0,7,Saptami (Shukla),0,0,0,0,0,1,0,None,0,0,0,0,0,None,54058,6,6.1,1.9,3.5,3.83,21623,237855,LOW
2025-11-27,2025,11,27,3,Thursday,0,0,8,Ashtami (Shukla),0,0,0,0,0,1,0,None,0,0,0,0,0,None,54560,7,6.3,1.9,3.5,3.84,21824,240064,LOW
2025-11-28,2025,11,28,4,Friday,0,0,9,Navami (Shukla),0,0,0,0,0,1,0,None,0,0,0,0,0,None,71036,19,13.6,3.4,7.5,4.15,28414,312558,MODERATE
2025-11-29,2025,11,29,5,Saturday,1,0,10,Dashami (Shukla),0,0,0,0,0,1,0,None,0,0,0,0,0,None,81250,27,20.2,4.9,11.1,4.34,32500,357500,HIGH
2025-11-30,2025,11,30,6,Sunday,1,0,11,Ekadashi (Shukla),1,0,0,0,0,1,0,None,0,0,0,0,0,None,87060,31,25.1,5.8,13.8,4.45,34824,383064,PEAK
2025-12-01,2025,12,1,0,Monday,0,0,12,Dwadashi (Shukla),0,0,0,0,0,1,0,None,0,0,0,0,0,None,66247,15,11.3,2.9,6.2,4.06,26498,291486,MODERATE
2025-12-02,2025,12,2,1,Tuesday,0,0,13,Trayodashi (Shukla),0,0,0,0,0,1,0,None,0,0,0,0,0,None,53890,6,6.1,1.9,3.5,3.82,21556,237116,LOW
2025-12-03,2025,12,3,2,Wednesday,0,0,14,Chaturdashi (Shukla),0,0,0,0,0,1,0,None,0,0,0,0,0,None,51041,4,5.1,1.7,3.5,3.77,20416,224580,LOW
2025-12-04,2025,12,4,3,Thursday,0,0,15,Pournami (Full Moon),0,1,0,0,0,1,0,None,0,0,0,0,0,None,65874,15,11.2,2.9,6.2,4.05,26349,289845,MODERATE
2025-12-05,2025,12,5,4,Friday,0,0,16,Pratipada (Krishna),0,0,0,0,0,1,0,None,0,0,0,0,0,None,71873,19,13.9,3.5,7.6,4.17,28749,316241,MODERATE
2025-12-06,2025,12,6,5,Saturday,1,0,17,Dwitiya (Krishna),0,0,0,0,0,0,0,None,0,0,0,0,0,None,68747,17,12.5,3.2,6.9,4.11,27498,302486,MODERATE
2025-12-07,2025,12,7,6,Sunday,1,0,18,Tritiya (Krishna),0,0,0,0,0,0,0,None,0,0,0,0,0,None,70180,18,13.2,3.3,7.3,4.13,28072,308792,MODERATE
2025-12-08,2025,12,8,0,Monday,0,0,19,Chaturthi (Krishna),0,0,0,0,0,0,0,None,0,0,0,0,0,None,51732,4,5.3,1.7,3.5,3.78,20692,227620,LOW
2025-12-09,2025,12,9,1,Tuesday,0,0,20,Panchami (Krishna),0,0,0,0,0,0,0,None,0,0,0,0,0,None,48837,2,4.3,1.6,3.5,3.73,19534,214882,LOW
2025-12-10,2025,12,10,2,Wednesday,0,0,21,Shasthi (Krishna),0,0,0,0,0,0,0,None,0,0,0,0,0,None,48000,2,4.0,1.5,3.5,3.71,19200,211200,LOW
2025-12-11,2025,12,11,3,Thursday,0,0,22,Saptami (Krishna),0,0,0,0,0,0,0,None,0,0,0,0,0,None,48035,2,4.0,1.5,3.5,3.71,19214,211354,LOW
2025-12-12,2025,12,12,4,Friday,0,0,23,Ashtami (Krishna),0,0,0,0,0,0,0,None,0,0,0,0,0,None,63785,14,10.2,2.7,5.6,4.01,25514,280654,MODERATE
2025-12-13,2025,12,13,5,Saturday,1,0,24,Navami (Krishna),0,0,0,0,0,0,0,None,0,0,0,0,0,None,73248,21,14.8,3.6,8.1,4.19,29299,322291,HIGH
2025-12-14,2025,12,14,6,Sunday,1,0,25,Dashami (Krishna),0,0,0,0,0,0,0,None,0,0,0,0,0,None,65750,15,11.1,2.9,6.1,4.05,26300,289300,MODERATE
2025-12-15,2025,12,15,0,Monday,0,0,26,Ekadashi (Krishna),1,0,0,0,0,0,0,None,0,0,0,0,0,None,63974,14,10.3,2.7,5.7,4.02,25589,281485,MODERATE
2025-12-16,2025,12,16,1,Tuesday,0,0,27,Dwadashi (Krishna),0,0,0,0,0,0,0,None,0,0,0,0,0,None,48684,2,4.2,1.5,3.5,3.72,19473,214209,LOW
2025-12-17,2025,12,17,2,Wednesday,0,0,28,Trayodashi (Krishna),0,0,0,0,0,0,0,None,0,0,0,0,0,None,48000,2,4.0,1.5,3.5,3.71,19200,211200,LOW
2025-12-18,2025,12,18,3,Thursday,0,0,29,Chaturdashi (Krishna),0,0,0,0,0,0,0,None,0,0,0,0,0,None,50209,3,4.8,1.6,3.5,3.75,20083,220919,LOW
2025-12-19,2025,12,19,4,Friday,0,0,30,Amavasya (New Moon),0,0,1,0,0,0,0,None,0,0,0,0,0,None,59756,11,8.3,2.3,4.6,3.94,23902,262926,LOW
2025-12-20,2025,12,20,5,Saturday,1,0,1,Pratipada (Shukla),0,0,0,0,0,0,0,None,0,0,0,0,0,None,72423,20,14.3,3.5,7.9,4.18,28969,318661,MODERATE
2025-12-21,2025,12,21,6,Sunday,1,0,2,Dwitiya (Shukla),0,0,0,0,0,0,0,None,0,0,0,0,0,None,69916,18,13.0,3.3,7.2,4.13,27966,307630,MODERATE
2025-12-22,2025,12,22,0,Monday,0,0,3,Tritiya (Shukla),0,0,0,0,0,0,0,None,0,0,0,0,0,None,53189,6,5.8,1.8,3.5,3.81,21275,234031,LOW
2025-12-23,2025,12,23,1,Tuesday,0,0,4,Chaturthi (Shukla),0,0,0,0,0,0,0,None,0,0,0,0,0,None,48000,2,4.0,1.5,3.5,3.71,19200,211200,LOW
2025-12-24,2025,12,24,2,Wednesday,0,0,5,Panchami (Shukla),0,0,0,0,0,0,0,None,0,0,0,0,0,None,48000,2,4.0,1.5,3.5,3.71,19200,211200,LOW
2025-12-25,2025,12,25,3,Thursday,0,0,6,Shasthi (Shukla),0,0,0,0,0,0,0,None,0,0,0,1,1,Christmas,68171,17,12.2,3.1,6.7,4.1,27268,299952,MODERATE
2025-12-26,2025,12,26,4,Friday,0,0,7,Saptami (Shukla),0,0,0,0,0,0,0,None,0,0,0,0,0,None,63995,14,10.3,2.7,5.7,4.02,25598,281578,MODERATE
2025-12-27,2025,12,27,5,Saturday,1,0,8,Ashtami (Shukla),0,0,0,0,0,0,0,None,0,0,0,0,0,None,71235,19,13.6,3.4,7.5,4.15,28494,313434,MODERATE
2025-12-28,2025,12,28,6,Sunday,1,0,9,Navami (Shukla),0,0,0,0,0,0,0,None,0,0,0,0,0,None,66468,16,11.4,2.9,6.3,4.06,26587,292459,MODERATE
2025-12-29,2025,12,29,0,Monday,0,0,10,Dashami (Shukla),0,0,0,0,0,0,0,None,0,0,0,0,0,None,52879,5,5.7,1.8,3.5,3.8,21151,232667,LOW
2025-12-30,2025,12,30,1,Tuesday,0,0,11,Ekadashi (Shukla),1,0,0,0,0,0,1,Vaikunta Ekadashi & Dwara Darshanam (Opening Day / Peak!),0,0,0,0,0,None,87667,31,25.7,5.9,14.1,4.47,35066,385734,PEAK
2025-12-31,2025,12,31,2,Wednesday,0,0,12,Dwadashi (Shukla),0,0,0,0,0,0,1,Vaikunta Ekadashi & Dwara Darshanam (Day in Festival Window),0,0,0,0,0,None,73181,20,14.8,3.6,8.1,4.19,29272,321996,HIGH
2026-01-01,2026,1,1,3,Thursday,0,0,13,Trayodashi (Shukla),0,0,0,0,0,0,1,English New Year | Vaikunta Ekadashi & Dwara Darshanam (Day in Festival Window),0,0,0,1,1,New Year's Day,98000,31,36.0,7.3,19.8,4.66,39200,431200,PEAK
2026-01-02,2026,1,2,4,Friday,0,0,14,Chaturdashi (Shukla),0,0,0,0,0,0,1,Vaikunta Ekadashi & Dwara Darshanam (Day in Festival Window),0,0,0,0,0,None,98000,31,36.0,7.3,19.8,4.66,39200,431200,PEAK
2026-01-03,2026,1,3,5,Saturday,1,0,15,Pournami (Full Moon),0,1,0,0,0,0,1,Vaikunta Ekadashi & Dwara Darshanam (Day in Festival Window),0,0,0,0,0,None,98000,31,36.0,7.3,19.8,4.66,39200,431200,PEAK
2026-01-04,2026,1,4,6,Sunday,1,0,16,Pratipada (Krishna),0,0,0,0,0,0,1,Vaikunta Ekadashi & Dwara Darshanam (Day in Festival Window),0,0,0,0,0,None,98000,31,36.0,7.3,19.8,4.66,39200,431200,PEAK
2026-01-05,2026,1,5,0,Monday,0,0,17,Dwitiya (Krishna),0,0,0,0,0,0,1,Vaikunta Ekadashi & Dwara Darshanam (Day in Festival Window),0,0,0,0,0,None,98000,31,36.0,7.3,19.8,4.66,39200,431200,PEAK
2026-01-06,2026,1,6,1,Tuesday,0,0,18,Tritiya (Krishna),0,0,0,0,0,0,1,Vaikunta Ekadashi & Dwara Darshanam (Day in Festival Window),0,0,0,0,0,None,98000,31,36.0,7.3,19.8,4.66,39200,431200,PEAK
2026-01-07,2026,1,7,2,Wednesday,0,0,19,Chaturthi (Krishna),0,0,0,0,0,0,1,Vaikunta Ekadashi & Dwara Darshanam (Day in Festival Window),0,0,0,0,0,None,94234,31,32.2,6.8,17.7,4.59,37693,414629,PEAK
2026-01-08,2026,1,8,3,Thursday,0,0,20,Panchami (Krishna),0,0,0,0,0,0,1,Vaikunta Ekadashi & Dwara Darshanam (Day in Festival Window),0,0,0,0,0,None,86908,31,24.9,5.8,13.7,4.45,34763,382395,PEAK
2026-01-09,2026,1,9,4,Friday,0,0,21,Shasthi (Krishna),0,0,0,0,0,0,0,None,0,0,0,0,0,None,65531,15,11.0,2.9,6.1,4.05,26212,288336,MODERATE
2026-01-10,2026,1,10,5,Saturday,1,0,22,Saptami (Krishna),0,0,0,0,0,0,0,None,0,0,0,0,0,None,85000,31,23.0,5.5,12.7,4.42,34000,374000,PEAK
2026-01-11,2026,1,11,6,Sunday,1,0,23,Ashtami (Krishna),0,0,0,0,0,0,0,None,0,0,0,0,0,None,84727,31,22.7,5.5,12.5,4.41,33890,372798,PEAK
2026-01-12,2026,1,12,0,Monday,0,0,24,Navami (Krishna),0,0,0,0,0,0,0,None,0,0,0,0,0,None,75294,22,16.2,3.8,8.9,4.23,30117,331293,HIGH
2026-01-13,2026,1,13,1,Tuesday,0,0,25,Dashami (Krishna),0,0,0,0,0,0,0,None,0,0,0,0,0,None,63837,14,10.2,2.7,5.6,4.01,25534,280882,MODERATE
2026-01-14,2026,1,14,2,Wednesday,0,0,26,Ekadashi (Krishna),1,0,0,0,0,0,1,Makara Sankranti / Pongal,0,0,0,1,1,Makara Sankranti / Pongal,98000,31,36.0,7.3,19.8,4.66,39200,431200,PEAK
2026-01-15,2026,1,15,3,Thursday,0,0,27,Dwadashi (Krishna),0,0,0,0,0,0,1,Makara Sankranti / Pongal,0,0,0,1,1,Kanuma / Thiruvalluvar Day,98000,31,36.0,7.3,19.8,4.66,39200,431200,PEAK
2026-01-16,2026,1,16,4,Friday,0,1,28,Trayodashi (Krishna),0,0,0,0,0,0,1,Makara Sankranti / Pongal,0,0,0,1,1,Mukkanuma / Uzhavar Thirunal,98000,31,36.0,7.3,19.8,4.66,39200,431200,PEAK
2026-01-17,2026,1,17,5,Saturday,1,1,29,Chaturdashi (Krishna),0,0,0,0,0,0,0,None,0,0,0,0,0,None,98000,31,36.0,7.3,19.8,4.66,39200,431200,PEAK
2026-01-18,2026,1,18,6,Sunday,1,1,30,Amavasya (New Moon),0,0,1,0,0,0,0,None,0,0,0,0,0,None,98000,31,36.0,7.3,19.8,4.66,39200,431200,PEAK
2026-01-19,2026,1,19,0,Monday,0,0,1,Pratipada (Shukla),0,0,0,0,0,0,0,None,0,0,0,0,0,None,98000,31,36.0,7.3,19.8,4.66,39200,431200,PEAK
2026-01-20,2026,1,20,1,Tuesday,0,0,2,Dwitiya (Shukla),0,0,0,0,0,0,0,None,0,0,0,0,0,None,98000,31,36.0,7.3,19.8,4.66,39200,431200,PEAK
2026-01-21,2026,1,21,2,Wednesday,0,0,3,Tritiya (Shukla),0,0,0,0,0,0,0,None,0,0,0,0,0,None,95451,31,33.5,6.9,18.4,4.61,38180,419984,PEAK
2026-01-22,2026,1,22,3,Thursday,0,0,4,Chaturthi (Shukla),0,0,0,0,0,0,0,None,0,0,0,0,0,None,66959,16,11.7,3.0,6.4,4.07,26783,294619,MODERATE
2026-01-23,2026,1,23,4,Friday,0,0,5,Panchami (Shukla),0,0,0,0,0,0,0,None,0,0,0,0,0,None,60293,11,8.6,2.3,4.7,3.95,24117,265289,LOW
2026-01-24,2026,1,24,5,Saturday,1,1,6,Shasthi (Shukla),0,0,0,0,0,0,0,None,0,0,0,0,0,None,82886,29,21.3,5.1,11.7,4.37,33154,364698,HIGH
2026-01-25,2026,1,25,6,Sunday,1,1,8,Ashtami (Shukla),0,0,0,0,0,0,1,Rathasapthami,0,0,0,0,0,None,98000,31,36.0,7.3,19.8,4.66,39200,431200,PEAK
2026-01-26,2026,1,26,0,Monday,0,1,9,Navami (Shukla),0,0,0,0,0,0,0,None,0,0,0,1,1,Republic Day,97990,31,36.0,7.3,19.8,4.66,39196,431156,PEAK
2026-01-27,2026,1,27,1,Tuesday,0,0,10,Dashami (Shukla),0,0,0,0,0,0,0,None,0,0,0,0,0,None,71504,19,13.8,3.5,7.6,4.16,28601,314617,MODERATE
2026-01-28,2026,1,28,2,Wednesday,0,0,11,Ekadashi (Shukla),1,0,0,0,0,0,0,None,0,0,0,0,0,None,56393,8,6.9,2.1,3.8,3.87,22557,248129,LOW
2026-01-29,2026,1,29,3,Thursday,0,0,12,Dwadashi (Shukla),0,0,0,0,0,0,0,None,0,0,0,0,0,None,48000,2,4.0,1.5,3.5,3.71,19200,211200,LOW
2026-01-30,2026,1,30,4,Friday,0,0,13,Trayodashi (Shukla),0,0,0,0,0,0,0,None,0,0,0,0,0,None,64428,14,10.5,2.7,5.8,4.02,25771,283483,MODERATE
2026-01-31,2026,1,31,5,Saturday,1,0,14,Chaturdashi (Shukla),0,0,0,0,0,0,0,None,0,0,0,0,0,None,72383,20,14.3,3.5,7.9,4.18,28953,318485,MODERATE
2026-02-01,2026,2,1,6,Sunday,1,0,15,Pournami (Full Moon),0,1,0,0,0,0,0,None,0,0,0,0,0,None,80962,27,20.0,4.8,11.0,4.34,32384,356232,HIGH
2026-02-02,2026,2,2,0,Monday,0,0,16,Pratipada (Krishna),0,0,0,0,0,0,0,None,0,0,0,0,0,None,55555,8,6.6,2.0,3.6,3.86,22222,244442,LOW
2026-02-03,2026,2,3,1,Tuesday,0,0,17,Dwitiya (Krishna),0,0,0,0,0,0,0,None,0,0,0,0,0,None,48000,2,4.0,1.5,3.5,3.71,19200,211200,LOW
2026-02-04,2026,2,4,2,Wednesday,0,0,18,Tritiya (Krishna),0,0,0,0,0,0,0,None,0,0,0,0,0,None,48000,2,4.0,1.5,3.5,3.71,19200,211200,LOW
2026-02-05,2026,2,5,3,Thursday,0,0,19,Chaturthi (Krishna),0,0,0,0,0,0,0,None,0,0,0,0,0,None,48000,2,4.0,1.5,3.5,3.71,19200,211200,LOW
2026-02-06,2026,2,6,4,Friday,0,0,20,Panchami (Krishna),0,0,0,0,0,0,0,None,0,0,0,0,0,None,61140,12,9.0,2.4,5.0,3.96,24456,269016,LOW
2026-02-07,2026,2,7,5,Saturday,1,0,21,Shasthi (Krishna),0,0,0,0,0,0,0,None,0,0,0,0,0,None,72354,20,14.2,3.5,7.8,4.17,28941,318357,MODERATE
2026-02-08,2026,2,8,6,Sunday,1,0,22,Saptami (Krishna),0,0,0,0,0,0,0,None,0,0,0,0,0,None,65487,15,11.0,2.8,6.1,4.04,26194,288142,MODERATE
2026-02-09,2026,2,9,0,Monday,0,0,23,Ashtami (Krishna),0,0,0,0,0,0,0,None,0,0,0,0,0,None,53888,6,6.1,1.9,3.5,3.82,21555,237107,LOW
2026-02-10,2026,2,10,1,Tuesday,0,0,24,Navami (Krishna),0,0,0,0,0,0,0,None,0,0,0,0,0,None,49226,2,4.4,1.6,3.5,3.74,19690,216594,LOW
2026-02-11,2026,2,11,2,Wednesday,0,0,25,Dashami (Krishna),0,0,0,0,0,0,0,None,0,0,0,0,0,None,48107,2,4.0,1.5,3.5,3.71,19242,211670,LOW
2026-02-12,2026,2,12,3,Thursday,0,0,26,Ekadashi (Krishna),1,0,0,0,0,0,0,None,0,0,0,0,0,None,57814,9,7.4,2.2,4.1,3.9,23125,254381,LOW
2026-02-13,2026,2,13,4,Friday,0,0,27,Dwadashi (Krishna),0,0,0,0,0,0,0,None,0,0,0,0,0,None,64555,14,10.5,2.8,5.8,4.03,25822,284042,MODERATE
2026-02-14,2026,2,14,5,Saturday,1,0,28,Trayodashi (Krishna),0,0,0,0,0,0,0,None,0,0,0,0,0,None,73932,21,15.3,3.7,8.4,4.2,29572,325300,HIGH
2026-02-15,2026,2,15,6,Sunday,1,0,29,Chaturdashi (Krishna),0,0,0,0,0,0,0,None,0,1,0,1,1,Maha Shivaratri,64364,14,10.5,2.7,5.8,4.02,25745,283201,MODERATE
2026-02-16,2026,2,16,0,Monday,0,0,30,Amavasya (New Moon),0,0,1,0,0,0,0,None,0,1,0,0,0,None,48000,2,4.0,1.5,3.5,3.71,19200,211200,LOW
2026-02-17,2026,2,17,1,Tuesday,0,0,1,Pratipada (Shukla),0,0,0,0,0,0,0,None,0,1,0,0,0,None,48000,2,4.0,1.5,3.5,3.71,19200,211200,LOW
2026-02-18,2026,2,18,2,Wednesday,0,0,2,Dwitiya (Shukla),0,0,0,0,0,0,0,None,0,1,0,0,0,None,48000,2,4.0,1.5,3.5,3.71,19200,211200,LOW
2026-02-19,2026,2,19,3,Thursday,0,0,3,Tritiya (Shukla),0,0,0,0,0,0,0,None,0,1,0,0,0,None,48000,2,4.0,1.5,3.5,3.71,19200,211200,LOW
2026-02-20,2026,2,20,4,Friday,0,0,4,Chaturthi (Shukla),0,0,0,0,0,0,0,None,0,1,0,0,0,None,48692,2,4.2,1.5,3.5,3.73,19476,214244,LOW
2026-02-21,2026,2,21,5,Saturday,1,0,5,Panchami (Shukla),0,0,0,0,0,0,0,None,0,1,0,0,0,None,57540,9,7.3,2.1,4.0,3.89,23016,253176,LOW
2026-02-22,2026,2,22,6,Sunday,1,0,6,Shasthi (Shukla),0,0,0,0,0,0,0,None,0,1,0,0,0,None,51136,4,5.1,1.7,3.5,3.77,20454,224998,LOW
2026-02-23,2026,2,23,0,Monday,0,0,7,Saptami (Shukla),0,0,0,0,0,0,0,None,0,1,0,0,0,None,48000,2,4.0,1.5,3.5,3.71,19200,211200,LOW
2026-02-24,2026,2,24,1,Tuesday,0,0,8,Ashtami (Shukla),0,0,0,0,0,0,0,None,0,1,0,0,0,None,48000,2,4.0,1.5,3.5,3.71,19200,211200,LOW
2026-02-25,2026,2,25,2,Wednesday,0,0,9,Navami (Shukla),0,0,0,0,0,0,0,None,0,1,0,0,0,None,48000,2,4.0,1.5,3.5,3.71,19200,211200,LOW
2026-02-26,2026,2,26,3,Thursday,0,0,10,Dashami (Shukla),0,0,0,0,0,0,0,None,0,1,0,0,0,None,48000,2,4.0,1.5,3.5,3.71,19200,211200,LOW
2026-02-27,2026,2,27,4,Friday,0,0,11,Ekadashi (Shukla),1,0,0,0,0,0,0,None,0,1,0,0,0,None,59917,11,8.4,2.3,4.6,3.94,23966,263634,LOW
2026-02-28,2026,2,28,5,Saturday,1,0,12,Dwadashi (Shukla),0,0,0,0,0,0,0,None,0,1,0,0,0,None,53769,6,6.0,1.9,3.5,3.82,21507,236583,LOW
2026-03-01,2026,3,1,6,Sunday,1,0,13,Trayodashi (Shukla),0,0,0,0,0,0,0,None,0,1,0,0,0,None,53530,6,5.9,1.9,3.5,3.82,21412,235532,LOW
2026-03-02,2026,3,2,0,Monday,0,0,14,Chaturdashi (Shukla),0,0,0,0,0,0,0,None,0,1,0,0,0,None,48000,2,4.0,1.5,3.5,3.71,19200,211200,LOW
2026-03-03,2026,3,3,1,Tuesday,0,0,15,Pournami (Full Moon),0,1,0,0,0,0,0,None,1,1,0,0,0,None,48000,2,4.0,1.5,3.5,3.71,19200,211200,LOW
2026-03-04,2026,3,4,2,Wednesday,0,0,16,Pratipada (Krishna),0,0,0,0,0,0,0,None,0,1,0,1,1,Holi,48000,2,4.0,1.5,3.5,3.71,19200,211200,LOW
2026-03-05,2026,3,5,3,Thursday,0,0,17,Dwitiya (Krishna),0,0,0,0,0,0,0,None,0,1,0,0,0,None,48000,2,4.0,1.5,3.5,3.71,19200,211200,LOW
2026-03-06,2026,3,6,4,Friday,0,0,18,Tritiya (Krishna),0,0,0,0,0,0,0,None,0,1,0,0,0,None,48000,2,4.0,1.5,3.5,3.71,19200,211200,LOW
2026-03-07,2026,3,7,5,Saturday,1,0,19,Chaturthi (Krishna),0,0,0,0,0,0,0,None,0,1,0,0,0,None,53676,6,6.0,1.9,3.5,3.82,21470,236174,LOW
2026-03-08,2026,3,8,6,Sunday,1,0,20,Panchami (Krishna),0,0,0,0,0,0,0,None,0,1,0,0,0,None,51625,4,5.3,1.7,3.5,3.78,20650,227150,LOW
2026-03-09,2026,3,9,0,Monday,0,0,21,Shasthi (Krishna),0,0,0,0,0,0,0,None,0,1,0,0,0,None,48000,2,4.0,1.5,3.5,3.71,19200,211200,LOW
2026-03-10,2026,3,10,1,Tuesday,0,0,22,Saptami (Krishna),0,0,0,0,0,0,0,None,0,1,0,0,0,None,48000,2,4.0,1.5,3.5,3.71,19200,211200,LOW
2026-03-11,2026,3,11,2,Wednesday,0,0,23,Ashtami (Krishna),0,0,0,0,0,0,0,None,0,1,0,0,0,None,48000,2,4.0,1.5,3.5,3.71,19200,211200,LOW
2026-03-12,2026,3,12,3,Thursday,0,0,24,Navami (Krishna),0,0,0,0,0,0,0,None,0,1,0,0,0,None,48000,2,4.0,1.5,3.5,3.71,19200,211200,LOW
2026-03-13,2026,3,13,4,Friday,0,0,25,Dashami (Krishna),0,0,0,0,0,0,0,None,0,1,0,0,0,None,50255,3,4.8,1.7,3.5,3.75,20102,221122,LOW
2026-03-14,2026,3,14,5,Saturday,1,0,26,Ekadashi (Krishna),1,0,0,0,0,0,0,None,0,1,0,0,0,None,68770,17,12.5,3.2,6.9,4.11,27508,302588,MODERATE
2026-03-15,2026,3,15,6,Sunday,1,0,27,Dwadashi (Krishna),0,0,0,0,0,0,0,None,0,1,0,0,0,None,52620,5,5.6,1.8,3.5,3.8,21048,231528,LOW
2026-03-16,2026,3,16,0,Monday,0,0,28,Trayodashi (Krishna),0,0,0,0,0,0,0,None,0,1,0,0,0,None,48000,2,4.0,1.5,3.5,3.71,19200,211200,LOW
2026-03-17,2026,3,17,1,Tuesday,0,0,29,Chaturdashi (Krishna),0,0,0,0,0,0,0,None,0,1,0,0,0,None,48000,2,4.0,1.5,3.5,3.71,19200,211200,LOW
2026-03-18,2026,3,18,2,Wednesday,0,0,30,Amavasya (New Moon),0,0,1,0,0,0,0,None,0,1,0,0,0,None,48000,2,4.0,1.5,3.5,3.71,19200,211200,LOW
2026-03-19,2026,3,19,3,Thursday,0,0,1,Pratipada (Shukla),0,0,0,0,0,0,0,Ugadi (Telugu New Year),0,1,0,1,1,Ugadi,62387,13,9.5,2.5,5.2,3.99,24954,274502,MODERATE
2026-03-20,2026,3,20,4,Friday,0,1,2,Dwitiya (Shukla),0,0,0,0,0,0,0,None,0,1,0,1,1,Eid-ul-Fitr,81743,28,20.5,4.9,11.3,4.35,32697,359669,HIGH
2026-03-21,2026,3,21,5,Saturday,1,1,3,Tritiya (Shukla),0,0,0,0,0,0,0,None,0,1,0,0,0,None,72713,20,14.5,3.6,8.0,4.18,29085,319937,MODERATE
2026-03-22,2026,3,22,6,Sunday,1,1,4,Chaturthi (Shukla),0,0,0,0,0,0,0,None,0,1,0,0,0,None,66797,16,11.6,3.0,6.4,4.07,26718,293906,MODERATE
2026-03-23,2026,3,23,0,Monday,0,0,5,Panchami (Shukla),0,0,0,0,0,0,0,None,0,1,0,0,0,None,48000,2,4.0,1.5,3.5,3.71,19200,211200,LOW
2026-03-24,2026,3,24,1,Tuesday,0,0,6,Shasthi (Shukla),0,0,0,0,0,0,0,None,0,1,0,0,0,None,48000,2,4.0,1.5,3.5,3.71,19200,211200,LOW
2026-03-25,2026,3,25,2,Wednesday,0,0,7,Saptami (Shukla),0,0,0,0,0,0,0,None,0,1,0,0,0,None,48000,2,4.0,1.5,3.5,3.71,19200,211200,LOW
2026-03-26,2026,3,26,3,Thursday,0,0,8,Ashtami (Shukla),0,0,0,0,0,0,0,None,0,1,0,0,0,None,48000,2,4.0,1.5,3.5,3.71,19200,211200,LOW
2026-03-27,2026,3,27,4,Friday,0,0,9,Navami (Shukla),0,0,0,0,0,0,0,Sri Rama Navami,0,1,0,0,0,None,57855,9,7.4,2.2,4.1,3.9,23142,254562,LOW
2026-03-28,2026,3,28,5,Saturday,1,0,10,Dashami (Shukla),0,0,0,0,0,0,0,None,0,1,0,0,0,None,57607,9,7.4,2.1,4.1,3.89,23042,253470,LOW
2026-03-29,2026,3,29,6,Sunday,1,0,12,Dwadashi (Shukla),0,0,0,0,0,0,0,None,0,1,0,0,0,None,50856,4,5.0,1.7,3.5,3.77,20342,223766,LOW
2026-03-30,2026,3,30,0,Monday,0,0,13,Trayodashi (Shukla),0,0,0,0,0,0,0,None,0,1,0,0,0,None,48000,2,4.0,1.5,3.5,3.71,19200,211200,LOW
2026-03-31,2026,3,31,1,Tuesday,0,0,14,Chaturdashi (Shukla),0,0,0,0,0,0,0,None,0,1,0,0,0,None,48000,2,4.0,1.5,3.5,3.71,19200,211200,LOW
2026-04-01,2026,4,1,2,Wednesday,0,0,15,Pournami (Full Moon),0,1,0,0,0,0,0,None,0,1,0,0,0,None,48000,2,4.0,1.5,3.5,3.71,19200,211200,LOW
2026-04-02,2026,4,2,3,Thursday,0,0,16,Pratipada (Krishna),0,0,0,0,0,0,0,None,0,1,0,0,0,None,48000,2,4.0,1.5,3.5,3.71,19200,211200,LOW
2026-04-03,2026,4,3,4,Friday,0,1,17,Dwitiya (Krishna),0,0,0,0,0,0,0,None,0,1,0,1,1,Good Friday,81844,28,20.6,5.0,11.3,4.36,32737,360113,HIGH
2026-04-04,2026,4,4,5,Saturday,1,1,18,Tritiya (Krishna),0,0,0,0,0,0,0,None,0,1,0,0,0,None,69733,18,12.9,3.3,7.1,4.12,27893,306825,MODERATE
2026-04-05,2026,4,5,6,Sunday,1,1,19,Chaturthi (Krishna),0,0,0,0,0,0,0,None,0,1,0,0,0,None,66307,15,11.4,2.9,6.3,4.06,26522,291750,MODERATE
2026-04-06,2026,4,6,0,Monday,0,0,20,Panchami (Krishna),0,0,0,0,0,0,0,None,0,1,0,0,0,None,48000,2,4.0,1.5,3.5,3.71,19200,211200,LOW
2026-04-07,2026,4,7,1,Tuesday,0,0,21,Shasthi (Krishna),0,0,0,0,0,0,0,None,0,1,0,0,0,None,48000,2,4.0,1.5,3.5,3.71,19200,211200,LOW
2026-04-08,2026,4,8,2,Wednesday,0,0,22,Saptami (Krishna),0,0,0,0,0,0,0,None,0,1,0,0,0,None,48000,2,4.0,1.5,3.5,3.71,19200,211200,LOW
2026-04-09,2026,4,9,3,Thursday,0,0,23,Ashtami (Krishna),0,0,0,0,0,0,0,None,0,1,0,0,0,None,48000,2,4.0,1.5,3.5,3.71,19200,211200,LOW
2026-04-10,2026,4,10,4,Friday,0,0,24,Navami (Krishna),0,0,0,0,0,0,0,None,0,1,0,0,0,None,48000,2,4.0,1.5,3.5,3.71,19200,211200,LOW
2026-04-11,2026,4,11,5,Saturday,1,0,25,Dashami (Krishna),0,0,0,0,0,0,0,None,0,0,0,0,0,None,73502,21,15.0,3.7,8.2,4.2,29400,323408,HIGH
2026-04-12,2026,4,12,6,Sunday,1,0,26,Ekadashi (Krishna),1,0,0,0,0,0,0,None,0,0,0,0,0,None,78778,25,18.5,4.4,10.2,4.3,31511,346623,HIGH
2026-04-13,2026,4,13,0,Monday,0,0,27,Dwadashi (Krishna),0,0,0,0,0,0,0,None,0,0,0,0,0,None,51231,4,5.1,1.7,3.5,3.77,20492,225416,LOW
2026-04-14,2026,4,14,1,Tuesday,0,0,28,Trayodashi (Krishna),0,0,0,0,0,0,0,None,0,0,0,1,1,Dr. B.R. Ambedkar Jayanti / Tamil New Year,62640,13,9.7,2.6,5.3,3.99,25056,275616,MODERATE
2026-04-15,2026,4,15,2,Wednesday,0,0,29,Chaturdashi (Krishna),0,0,0,0,0,0,0,None,0,0,1,0,0,None,61139,12,9.0,2.4,5.0,3.96,24455,269011,LOW
2026-04-16,2026,4,16,3,Thursday,0,0,30,Amavasya (New Moon),0,0,1,0,0,0,0,None,0,0,1,0,0,None,66645,16,11.5,3.0,6.3,4.07,26658,293238,MODERATE
2026-04-17,2026,4,17,4,Friday,0,0,1,Pratipada (Shukla),0,0,0,0,0,0,0,None,0,0,1,0,0,None,82285,28,20.9,5.0,11.5,4.36,32914,362054,HIGH
2026-04-18,2026,4,18,5,Saturday,1,0,2,Dwitiya (Shukla),0,0,0,0,0,0,0,None,0,0,1,0,0,None,89356,31,27.4,6.1,15.1,4.5,35742,393166,PEAK
2026-04-19,2026,4,19,6,Sunday,1,0,3,Tritiya (Shukla),0,0,0,0,0,0,0,None,0,0,1,0,0,None,89382,31,27.4,6.1,15.1,4.5,35752,393280,PEAK
2026-04-20,2026,4,20,0,Monday,0,0,4,Chaturthi (Shukla),0,0,0,0,0,0,0,None,0,0,1,0,0,None,80747,27,19.8,4.8,10.9,4.33,32298,355286,HIGH
2026-04-21,2026,4,21,1,Tuesday,0,0,5,Panchami (Shukla),0,0,0,0,0,0,0,None,0,0,1,0,0,None,63963,14,10.3,2.7,5.7,4.02,25585,281437,MODERATE
2026-04-22,2026,4,22,2,Wednesday,0,0,6,Shasthi (Shukla),0,0,0,0,0,0,0,None,0,0,1,0,0,None,60435,11,8.6,2.3,4.7,3.95,24174,265914,LOW
2026-04-23,2026,4,23,3,Thursday,0,0,7,Saptami (Shukla),0,0,0,0,0,0,0,None,0,0,1,0,0,None,65986,15,11.2,2.9,6.2,4.05,26394,290338,MODERATE
2026-04-24,2026,4,24,4,Friday,0,0,8,Ashtami (Shukla),0,0,0,0,0,0,0,None,0,0,1,0,0,None,82641,28,21.1,5.1,11.6,4.37,33056,363620,HIGH
2026-04-25,2026,4,25,5,Saturday,1,0,9,Navami (Shukla),0,0,0,0,0,0,0,None,0,0,1,0,0,None,87555,31,25.6,5.9,14.1,4.46,35022,385242,PEAK
2026-04-26,2026,4,26,6,Sunday,1,0,10,Dashami (Shukla),0,0,0,0,0,0,0,None,0,0,1,0,0,None,88705,31,26.7,6.0,14.7,4.49,35482,390302,PEAK
2026-04-27,2026,4,27,0,Monday,0,0,11,Ekadashi (Shukla),1,0,0,0,0,0,0,None,0,0,1,0,0,None,87143,31,25.1,5.8,13.8,4.46,34857,383429,PEAK
2026-04-28,2026,4,28,1,Tuesday,0,0,12,Dwadashi (Shukla),0,0,0,0,0,0,0,None,0,0,1,0,0,None,72071,20,14.0,3.5,7.7,4.17,28828,317112,MODERATE
2026-04-29,2026,4,29,2,Wednesday,0,0,13,Trayodashi (Shukla),0,0,0,0,0,0,0,None,0,0,1,0,0,None,63506,13,10.1,2.7,5.6,4.01,25402,279426,MODERATE
2026-04-30,2026,4,30,3,Thursday,0,0,14,Chaturdashi (Shukla),0,0,0,0,0,0,0,None,0,0,1,0,0,None,66136,15,11.3,2.9,6.2,4.06,26454,290998,MODERATE
2026-05-01,2026,5,1,4,Friday,0,1,15,Pournami (Full Moon),0,1,0,0,0,0,0,None,0,0,1,1,1,May Day / Labour Day,98000,31,36.0,7.3,19.8,4.66,39200,431200,PEAK
2026-05-02,2026,5,2,5,Saturday,1,1,16,Pratipada (Krishna),0,0,0,0,0,0,0,None,0,0,1,0,0,None,98000,31,36.0,7.3,19.8,4.66,39200,431200,PEAK
2026-05-03,2026,5,3,6,Sunday,1,1,17,Dwitiya (Krishna),0,0,0,0,0,0,0,None,0,0,1,0,0,None,98000,31,36.0,7.3,19.8,4.66,39200,431200,PEAK
2026-05-04,2026,5,4,0,Monday,0,0,18,Tritiya (Krishna),0,0,0,0,0,0,0,None,0,0,1,0,0,None,98000,31,36.0,7.3,19.8,4.66,39200,431200,PEAK
2026-05-05,2026,5,5,1,Tuesday,0,0,19,Chaturthi (Krishna),0,0,0,0,0,0,0,None,0,0,1,0,0,None,98000,31,36.0,7.3,19.8,4.66,39200,431200,PEAK
2026-05-06,2026,5,6,2,Wednesday,0,0,20,Panchami (Krishna),0,0,0,0,0,0,0,None,0,0,1,0,0,None,87192,31,25.2,5.8,13.9,4.46,34876,383644,PEAK
2026-05-07,2026,5,7,3,Thursday,0,0,21,Shasthi (Krishna),0,0,0,0,0,0,0,None,0,0,1,0,0,None,73640,21,15.1,3.7,8.3,4.2,29456,324016,HIGH
2026-05-08,2026,5,8,4,Friday,0,0,22,Saptami (Krishna),0,0,0,0,0,0,0,None,0,0,1,0,0,None,81306,27,20.2,4.9,11.1,4.34,32522,357746,HIGH
2026-05-09,2026,5,9,5,Saturday,1,0,23,Ashtami (Krishna),0,0,0,0,0,0,0,None,0,0,1,0,0,None,87983,31,26.0,5.9,14.3,4.47,35193,387125,PEAK
2026-05-10,2026,5,10,6,Sunday,1,0,24,Navami (Krishna),0,0,0,0,0,0,0,None,0,0,1,0,0,None,89925,31,27.9,6.2,15.3,4.51,35970,395670,PEAK
2026-05-11,2026,5,11,0,Monday,0,0,25,Dashami (Krishna),0,0,0,0,0,0,0,None,0,0,1,0,0,None,80556,27,19.7,4.7,10.8,4.33,32222,354446,HIGH
2026-05-12,2026,5,12,1,Tuesday,0,0,26,Ekadashi (Krishna),1,0,0,0,0,0,0,None,0,0,1,0,0,None,78178,25,18.1,4.3,10.0,4.29,31271,343983,HIGH
2026-05-13,2026,5,13,2,Wednesday,0,0,27,Dwadashi (Krishna),0,0,0,0,0,0,0,None,0,0,1,0,0,None,61113,12,8.9,2.4,4.9,3.96,24445,268897,LOW
2026-05-14,2026,5,14,3,Thursday,0,0,28,Trayodashi (Krishna),0,0,0,0,0,0,0,None,0,0,1,0,0,None,67633,16,12.0,3.1,6.6,4.09,27053,297585,MODERATE
2026-05-15,2026,5,15,4,Friday,0,0,29,Chaturdashi (Krishna),0,0,0,0,0,0,0,None,0,0,1,0,0,None,81221,27,20.1,4.9,11.1,4.34,32488,357372,HIGH
2026-05-16,2026,5,16,5,Saturday,1,0,30,Amavasya (New Moon),0,0,1,0,0,0,0,None,0,0,1,0,0,None,87786,31,25.8,5.9,14.2,4.47,35114,386258,PEAK
2026-05-17,2026,5,17,6,Sunday,1,0,1,Pratipada (Shukla),0,0,0,0,0,0,0,None,0,0,1,0,0,None,88512,31,26.5,6.0,14.6,4.48,35404,389452,PEAK
2026-05-18,2026,5,18,0,Monday,0,0,2,Dwitiya (Shukla),0,0,0,0,0,0,0,None,0,0,1,0,0,None,80741,27,19.8,4.8,10.9,4.33,32296,355260,HIGH
2026-05-19,2026,5,19,1,Tuesday,0,0,3,Tritiya (Shukla),0,0,0,0,0,0,0,None,0,0,1,0,0,None,63897,14,10.2,2.7,5.6,4.01,25558,281146,MODERATE
2026-05-20,2026,5,20,2,Wednesday,0,0,4,Chaturthi (Shukla),0,0,0,0,0,0,0,None,0,0,1,0,0,None,61533,12,9.1,2.5,5.0,3.97,24613,270745,LOW
2026-05-21,2026,5,21,3,Thursday,0,0,5,Panchami (Shukla),0,0,0,0,0,0,0,None,0,0,1,0,0,None,63309,13,10.0,2.6,5.5,4.0,25323,278559,MODERATE
2026-05-22,2026,5,22,4,Friday,0,0,6,Shasthi (Shukla),0,0,0,0,0,0,0,None,0,0,1,0,0,None,82377,28,20.9,5.1,11.5,4.37,32950,362458,HIGH
2026-05-23,2026,5,23,5,Saturday,1,0,7,Saptami (Shukla),0,0,0,0,0,0,0,None,0,0,1,0,0,None,89189,31,27.2,6.1,15.0,4.49,35675,392431,PEAK
2026-05-24,2026,5,24,6,Sunday,1,0,8,Ashtami (Shukla),0,0,0,0,0,0,0,None,0,0,1,0,0,None,88701,31,26.7,6.0,14.7,4.49,35480,390284,PEAK
2026-05-25,2026,5,25,0,Monday,0,0,9,Navami (Shukla),0,0,0,0,0,0,0,None,0,0,1,0,0,None,80533,27,19.7,4.7,10.8,4.33,32213,354345,HIGH
2026-05-26,2026,5,26,1,Tuesday,0,0,10,Dashami (Shukla),0,0,0,0,0,0,0,None,0,0,1,0,0,None,65260,15,10.9,2.8,6.0,4.04,26104,287144,MODERATE
2026-05-27,2026,5,27,2,Wednesday,0,0,11,Ekadashi (Shukla),1,0,0,0,0,0,0,None,0,0,1,1,1,Bakrid,91314,31,29.3,6.4,16.1,4.53,36525,401781,PEAK
2026-05-28,2026,5,28,3,Thursday,0,0,12,Dwadashi (Shukla),0,0,0,0,0,0,0,None,0,0,1,0,0,None,79959,26,19.3,4.6,10.6,4.32,31983,351819,HIGH
2026-05-29,2026,5,29,4,Friday,0,0,13,Trayodashi (Shukla),0,0,0,0,0,0,0,None,0,0,1,0,0,None,81865,28,20.6,5.0,11.3,4.36,32746,360206,HIGH
2026-05-30,2026,5,30,5,Saturday,1,0,14,Chaturdashi (Shukla),0,0,0,0,0,0,0,None,0,0,1,0,0,None,89508,31,27.5,6.1,15.1,4.5,35803,393835,PEAK
2026-05-31,2026,5,31,6,Sunday,1,0,16,Pratipada (Krishna),0,0,0,0,0,0,0,None,0,0,1,0,0,None,91280,31,29.3,6.4,16.1,4.53,36512,401632,PEAK
2026-06-01,2026,6,1,0,Monday,0,0,17,Dwitiya (Krishna),0,0,0,0,0,0,0,None,0,0,1,0,0,None,82144,28,20.8,5.0,11.4,4.36,32857,361433,HIGH
2026-06-02,2026,6,2,1,Tuesday,0,0,18,Tritiya (Krishna),0,0,0,0,0,0,0,None,0,0,1,0,0,None,67199,16,11.8,3.0,6.5,4.08,26879,295675,MODERATE
2026-06-03,2026,6,3,2,Wednesday,0,0,19,Chaturthi (Krishna),0,0,0,0,0,0,0,None,0,0,1,0,0,None,64534,14,10.5,2.8,5.8,4.03,25813,283949,MODERATE
2026-06-04,2026,6,4,3,Thursday,0,0,20,Panchami (Krishna),0,0,0,0,0,0,0,None,0,0,1,0,0,None,65477,15,11.0,2.8,6.1,4.04,26190,288098,MODERATE
2026-06-05,2026,6,5,4,Friday,0,0,21,Shasthi (Krishna),0,0,0,0,0,0,0,None,0,0,1,0,0,None,82767,28,21.2,5.1,11.7,4.37,33106,364174,HIGH
2026-06-06,2026,6,6,5,Saturday,1,0,22,Saptami (Krishna),0,0,0,0,0,0,0,None,0,0,1,0,0,None,88742,31,26.7,6.0,14.7,4.49,35496,390464,PEAK
2026-06-07,2026,6,7,6,Sunday,1,0,23,Ashtami (Krishna),0,0,0,0,0,0,0,None,0,0,1,0,0,None,88433,31,26.4,6.0,14.5,4.48,35373,389105,PEAK
2026-06-08,2026,6,8,0,Monday,0,0,24,Navami (Krishna),0,0,0,0,0,0,0,None,0,0,1,0,0,None,81823,28,20.5,5.0,11.3,4.35,32729,360021,HIGH
2026-06-09,2026,6,9,1,Tuesday,0,0,25,Dashami (Krishna),0,0,0,0,0,0,0,None,0,0,1,0,0,None,67724,16,12.0,3.1,6.6,4.09,27089,297985,MODERATE
2026-06-10,2026,6,10,2,Wednesday,0,0,26,Ekadashi (Krishna),1,0,0,0,0,0,0,None,0,0,1,0,0,None,75245,22,16.2,3.8,8.9,4.23,30098,331078,HIGH
2026-06-11,2026,6,11,3,Thursday,0,0,27,Dwadashi (Krishna),0,0,0,0,0,0,0,None,0,0,0,0,0,None,50156,3,4.8,1.6,3.5,3.75,20062,220686,LOW
2026-06-12,2026,6,12,4,Friday,0,0,28,Trayodashi (Krishna),0,0,0,0,0,0,0,None,0,0,0,0,0,None,63592,13,10.1,2.7,5.6,4.01,25436,279804,MODERATE
2026-06-13,2026,6,13,5,Saturday,1,0,29,Chaturdashi (Krishna),0,0,0,0,0,0,0,None,0,0,0,0,0,None,72292,20,14.2,3.5,7.8,4.17,28916,318084,MODERATE
2026-06-14,2026,6,14,6,Sunday,1,0,30,Amavasya (New Moon),0,0,1,0,0,0,0,None,0,0,0,0,0,None,68149,17,12.2,3.1,6.7,4.09,27259,299855,MODERATE
2026-06-15,2026,6,15,0,Monday,0,0,1,Pratipada (Shukla),0,0,0,0,0,0,0,None,0,0,0,0,0,None,51312,4,5.2,1.7,3.5,3.77,20524,225772,LOW
2026-06-16,2026,6,16,1,Tuesday,0,0,2,Dwitiya (Shukla),0,0,0,0,0,0,0,None,0,0,0,0,0,None,48497,2,4.2,1.5,3.5,3.72,19398,213386,LOW
2026-06-17,2026,6,17,2,Wednesday,0,0,3,Tritiya (Shukla),0,0,0,0,0,0,0,None,0,0,0,0,0,None,48000,2,4.0,1.5,3.5,3.71,19200,211200,LOW
2026-06-18,2026,6,18,3,Thursday,0,0,4,Chaturthi (Shukla),0,0,0,0,0,0,0,None,0,0,0,0,0,None,50483,3,4.9,1.7,3.5,3.76,20193,222125,LOW
2026-06-19,2026,6,19,4,Friday,0,0,5,Panchami (Shukla),0,0,0,0,0,0,0,None,0,0,0,0,0,None,64445,14,10.5,2.7,5.8,4.02,25778,283558,MODERATE
2026-06-20,2026,6,20,5,Saturday,1,0,6,Shasthi (Shukla),0,0,0,0,0,0,0,None,0,0,0,0,0,None,73038,20,14.7,3.6,8.1,4.19,29215,321367,HIGH
2026-06-21,2026,6,21,6,Sunday,1,0,7,Saptami (Shukla),0,0,0,0,0,0,0,None,0,0,0,0,0,None,65481,15,11.0,2.8,6.1,4.04,26192,288116,MODERATE
2026-06-22,2026,6,22,0,Monday,0,0,8,Ashtami (Shukla),0,0,0,0,0,0,0,None,0,0,0,0,0,None,52595,5,5.6,1.8,3.5,3.8,21038,231418,LOW
2026-06-23,2026,6,23,1,Tuesday,0,0,9,Navami (Shukla),0,0,0,0,0,0,0,None,0,0,0,0,0,None,49376,3,4.5,1.6,3.5,3.74,19750,217254,LOW
2026-06-24,2026,6,24,2,Wednesday,0,0,10,Dashami (Shukla),0,0,0,0,0,0,0,None,0,0,0,0,0,None,48000,2,4.0,1.5,3.5,3.71,19200,211200,LOW
2026-06-25,2026,6,25,3,Thursday,0,0,11,Ekadashi (Shukla),1,0,0,0,0,0,0,None,0,0,0,1,1,Muharram,80728,27,19.8,4.8,10.9,4.33,32291,355203,HIGH
2026-06-26,2026,6,26,4,Friday,0,0,12,Dwadashi (Shukla),0,0,0,0,0,0,0,None,0,0,0,0,0,None,63868,14,10.2,2.7,5.6,4.01,25547,281019,MODERATE
2026-06-27,2026,6,27,5,Saturday,1,0,13,Trayodashi (Shukla),0,0,0,0,0,0,0,None,0,0,0,0,0,None,73185,20,14.8,3.6,8.1,4.19,29274,322014,HIGH
2026-06-28,2026,6,28,6,Sunday,1,0,14,Chaturdashi (Shukla),0,0,0,0,0,0,0,None,0,0,0,0,0,None,66192,15,11.3,2.9,6.2,4.06,26476,291244,MODERATE
2026-06-29,2026,6,29,0,Monday,0,0,15,Pournami (Full Moon),0,1,0,0,0,0,0,None,0,0,0,0,0,None,64497,14,10.5,2.7,5.8,4.03,25798,283786,MODERATE
2026-06-30,2026,6,30,1,Tuesday,0,0,16,Pratipada (Krishna),0,0,0,0,0,0,0,None,0,0,0,0,0,None,49094,2,4.4,1.6,3.5,3.73,19637,216013,LOW
2026-07-01,2026,7,1,2,Wednesday,0,0,17,Dwitiya (Krishna),0,0,0,0,0,0,0,None,0,0,0,0,0,None,48000,2,4.0,1.5,3.5,3.71,19200,211200,LOW
2026-07-02,2026,7,2,3,Thursday,0,0,18,Tritiya (Krishna),0,0,0,0,0,0,0,None,0,0,0,0,0,None,48164,2,4.1,1.5,3.5,3.72,19265,211921,LOW
2026-07-03,2026,7,3,4,Friday,0,0,19,Chaturthi (Krishna),0,0,0,0,0,0,0,None,0,0,0,0,0,None,61590,12,9.2,2.5,5.1,3.97,24636,270996,LOW
2026-07-04,2026,7,4,5,Saturday,1,0,20,Panchami (Krishna),0,0,0,0,0,0,0,None,0,0,0,0,0,None,70288,18,13.2,3.3,7.3,4.14,28115,309267,MODERATE
2026-07-05,2026,7,5,6,Sunday,1,0,21,Shasthi (Krishna),0,0,0,0,0,0,0,None,0,0,0,0,0,None,66291,15,11.3,2.9,6.2,4.06,26516,291680,MODERATE
2026-07-06,2026,7,6,0,Monday,0,0,22,Saptami (Krishna),0,0,0,0,0,0,0,None,0,0,0,0,0,None,52742,5,5.7,1.8,3.5,3.8,21096,232064,LOW
2026-07-07,2026,7,7,1,Tuesday,0,0,23,Ashtami (Krishna),0,0,0,0,0,0,0,None,0,0,0,0,0,None,48939,2,4.3,1.6,3.5,3.73,19575,215331,LOW
2026-07-08,2026,7,8,2,Wednesday,0,0,24,Navami (Krishna),0,0,0,0,0,0,0,None,0,0,0,0,0,None,48000,2,4.0,1.5,3.5,3.71,19200,211200,LOW
2026-07-09,2026,7,9,3,Thursday,0,0,25,Dashami (Krishna),0,0,0,0,0,0,0,None,0,0,0,0,0,None,49078,2,4.4,1.6,3.5,3.73,19631,215943,LOW
2026-07-10,2026,7,10,4,Friday,0,0,26,Ekadashi (Krishna),1,0,0,0,0,0,0,None,0,0,0,0,0,None,74654,22,15.8,3.8,8.7,4.22,29861,328477,HIGH
2026-07-11,2026,7,11,5,Saturday,1,0,27,Dwadashi (Krishna),0,0,0,0,0,0,0,None,0,0,0,0,0,None,70821,19,13.5,3.4,7.4,4.15,28328,311612,MODERATE
2026-07-12,2026,7,12,6,Sunday,1,0,28,Trayodashi (Krishna),0,0,0,0,0,0,0,None,0,0,0,0,0,None,67037,16,11.7,3.0,6.4,4.07,26814,294962,MODERATE
2026-07-13,2026,7,13,0,Monday,0,0,29,Chaturdashi (Krishna),0,0,0,0,0,0,0,None,0,0,0,0,0,None,51430,4,5.2,1.7,3.5,3.78,20572,226292,LOW
2026-07-14,2026,7,14,1,Tuesday,0,0,30,Amavasya (New Moon),0,0,1,0,0,0,0,None,0,0,0,0,0,None,48000,2,4.0,1.5,3.5,3.71,19200,211200,LOW
2026-07-15,2026,7,15,2,Wednesday,0,0,1,Pratipada (Shukla),0,0,0,0,0,0,0,None,0,0,0,0,0,None,48000,2,4.0,1.5,3.5,3.71,19200,211200,LOW
2026-07-16,2026,7,16,3,Thursday,0,0,2,Dwitiya (Shukla),0,0,0,0,0,0,0,None,0,0,0,0,0,None,50309,3,4.8,1.7,3.5,3.76,20123,221359,LOW
2026-07-17,2026,7,17,4,Friday,0,0,3,Tritiya (Shukla),0,0,0,0,0,0,0,None,0,0,0,0,0,None,64211,14,10.4,2.7,5.7,4.02,25684,282528,MODERATE
2026-07-18,2026,7,18,5,Saturday,1,0,4,Chaturthi (Shukla),0,0,0,0,0,0,0,None,0,0,0,0,0,None,71637,19,13.8,3.5,7.6,4.16,28654,315202,MODERATE
2026-07-19,2026,7,19,6,Sunday,1,0,5,Panchami (Shukla),0,0,0,0,0,0,0,None,0,0,0,0,0,None,65345,15,10.9,2.8,6.0,4.04,26138,287518,MODERATE
2026-07-20,2026,7,20,0,Monday,0,0,6,Shasthi (Shukla),0,0,0,0,0,0,0,None,0,0,0,0,0,None,52014,5,5.4,1.8,3.5,3.79,20805,228861,LOW
2026-07-21,2026,7,21,1,Tuesday,0,0,7,Saptami (Shukla),0,0,0,0,0,0,0,None,0,0,0,0,0,None,48000,2,4.0,1.5,3.5,3.71,19200,211200,LOW
2026-07-22,2026,7,22,2,Wednesday,0,0,8,Ashtami (Shukla),0,0,0,0,0,0,0,None,0,0,0,0,0,None,48000,2,4.0,1.5,3.5,3.71,19200,211200,LOW
2026-07-23,2026,7,23,3,Thursday,0,0,9,Navami (Shukla),0,0,0,0,0,0,0,None,0,0,0,0,0,None,48253,2,4.1,1.5,3.5,3.72,19301,212313,LOW
2026-07-24,2026,7,24,4,Friday,0,0,10,Dashami (Shukla),0,0,0,0,0,0,0,None,0,0,0,0,0,None,61518,12,9.1,2.5,5.0,3.97,24607,270679,LOW
2026-07-25,2026,7,25,5,Saturday,1,0,11,Ekadashi (Shukla),1,0,0,0,0,0,0,None,0,0,0,0,0,None,82336,28,20.9,5.0,11.5,4.36,32934,362278,HIGH
2026-07-26,2026,7,26,6,Sunday,1,0,12,Dwadashi (Shukla),0,0,0,0,0,0,0,None,0,0,0,0,0,None,71189,19,13.6,3.4,7.5,4.15,28475,313231,MODERATE
2026-07-27,2026,7,27,0,Monday,0,0,13,Trayodashi (Shukla),0,0,0,0,0,0,0,None,0,0,0,0,0,None,50961,4,5.0,1.7,3.5,3.77,20384,224228,LOW
2026-07-28,2026,7,28,1,Tuesday,0,0,14,Chaturdashi (Shukla),0,0,0,0,0,0,0,None,0,0,0,0,0,None,48000,2,4.0,1.5,3.5,3.71,19200,211200,LOW
2026-07-29,2026,7,29,2,Wednesday,0,0,15,Pournami (Full Moon),0,1,0,0,0,0,0,None,0,0,0,0,0,None,53237,6,5.8,1.8,3.5,3.81,21294,234242,LOW
2026-07-30,2026,7,30,3,Thursday,0,0,16,Pratipada (Krishna),0,0,0,0,0,0,0,None,0,0,0,0,0,None,49022,2,4.4,1.6,3.5,3.73,19608,215696,LOW
2026-07-31,2026,7,31,4,Friday,0,0,17,Dwitiya (Krishna),0,0,0,0,0,0,0,None,0,0,0,0,0,None,63062,13,9.9,2.6,5.4,4.0,25224,277472,MODERATE
2026-08-01,2026,8,1,5,Saturday,1,0,18,Tritiya (Krishna),0,0,0,0,0,0,0,None,0,0,0,0,0,None,68649,17,12.4,3.2,6.8,4.1,27459,302055,MODERATE
2026-08-02,2026,8,2,6,Sunday,1,0,20,Panchami (Krishna),0,0,0,0,0,0,0,None,0,0,0,0,0,None,69603,18,12.9,3.3,7.1,4.12,27841,306253,MODERATE
2026-08-03,2026,8,3,0,Monday,0,0,21,Shasthi (Krishna),0,0,0,0,0,0,0,None,0,0,0,0,0,None,52206,5,5.5,1.8,3.5,3.79,20882,229706,LOW
2026-08-04,2026,8,4,1,Tuesday,0,0,22,Saptami (Krishna),0,0,0,0,0,0,0,None,0,0,0,0,0,None,48000,2,4.0,1.5,3.5,3.71,19200,211200,LOW
2026-08-05,2026,8,5,2,Wednesday,0,0,23,Ashtami (Krishna),0,0,0,0,0,0,0,None,0,0,0,0,0,None,48000,2,4.0,1.5,3.5,3.71,19200,211200,LOW
2026-08-06,2026,8,6,3,Thursday,0,0,24,Navami (Krishna),0,0,0,0,0,0,0,None,0,0,0,0,0,None,50236,3,4.8,1.6,3.5,3.75,20094,221038,LOW
2026-08-07,2026,8,7,4,Friday,0,0,25,Dashami (Krishna),0,0,0,0,0,0,0,None,0,0,0,0,0,None,64072,14,10.3,2.7,5.7,4.02,25628,281916,MODERATE
2026-08-08,2026,8,8,5,Saturday,1,0,26,Ekadashi (Krishna),1,0,0,0,0,0,0,None,0,0,0,0,0,None,80903,27,19.9,4.8,10.9,4.34,32361,355973,HIGH
2026-08-09,2026,8,9,6,Sunday,1,0,27,Dwadashi (Krishna),0,0,0,0,0,0,0,None,0,0,0,0,0,None,70563,18,13.3,3.4,7.3,4.14,28225,310477,MODERATE
2026-08-10,2026,8,10,0,Monday,0,0,28,Trayodashi (Krishna),0,0,0,0,0,0,0,None,0,0,0,0,0,None,52086,5,5.4,1.8,3.5,3.79,20834,229178,LOW
2026-08-11,2026,8,11,1,Tuesday,0,0,29,Chaturdashi (Krishna),0,0,0,0,0,0,0,None,0,0,0,0,0,None,48000,2,4.0,1.5,3.5,3.71,19200,211200,LOW
2026-08-12,2026,8,12,2,Wednesday,0,0,30,Amavasya (New Moon),0,0,1,0,0,0,0,None,0,0,0,0,0,None,48000,2,4.0,1.5,3.5,3.71,19200,211200,LOW
2026-08-13,2026,8,13,3,Thursday,0,0,1,Pratipada (Shukla),0,0,0,0,0,0,0,None,0,0,0,0,0,None,49362,3,4.5,1.6,3.5,3.74,19744,217192,LOW
2026-08-14,2026,8,14,4,Friday,0,0,2,Dwitiya (Shukla),0,0,0,0,0,0,0,None,0,0,0,0,0,None,60103,11,8.5,2.3,4.7,3.94,24041,264453,LOW
2026-08-15,2026,8,15,5,Saturday,1,0,3,Tritiya (Shukla),0,0,0,0,0,0,0,None,0,0,0,1,1,Independence Day,88470,31,26.5,6.0,14.6,4.48,35388,389268,PEAK
2026-08-16,2026,8,16,6,Sunday,1,0,4,Chaturthi (Shukla),0,0,0,0,0,0,0,None,0,0,0,0,0,None,76122,23,16.7,4.0,9.2,4.25,30448,334936,HIGH
2026-08-17,2026,8,17,0,Monday,0,0,5,Panchami (Shukla),0,0,0,0,0,0,0,None,0,0,0,0,0,None,54927,7,6.4,2.0,3.5,3.84,21970,241678,LOW
2026-08-18,2026,8,18,1,Tuesday,0,0,6,Shasthi (Shukla),0,0,0,0,0,0,0,None,0,0,0,0,0,None,48000,2,4.0,1.5,3.5,3.71,19200,211200,LOW
2026-08-19,2026,8,19,2,Wednesday,0,0,7,Saptami (Shukla),0,0,0,0,0,0,0,None,0,0,0,0,0,None,48000,2,4.0,1.5,3.5,3.71,19200,211200,LOW
2026-08-20,2026,8,20,3,Thursday,0,0,8,Ashtami (Shukla),0,0,0,0,0,0,0,None,0,0,0,0,0,None,48000,2,4.0,1.5,3.5,3.71,19200,211200,LOW
2026-08-21,2026,8,21,4,Friday,0,0,9,Navami (Shukla),0,0,0,0,0,0,0,Varalakshmi Vratam,0,0,0,0,0,None,77416,24,17.6,4.2,9.7,4.27,30966,340630,HIGH
2026-08-22,2026,8,22,5,Saturday,1,0,10,Dashami (Shukla),0,0,0,0,0,0,0,None,0,0,0,0,0,None,72110,20,14.1,3.5,7.8,4.17,28844,317284,MODERATE
2026-08-23,2026,8,23,6,Sunday,1,0,11,Ekadashi (Shukla),1,0,0,0,0,0,0,None,0,0,0,0,0,None,78977,25,18.7,4.5,10.3,4.3,31590,347498,HIGH
2026-08-24,2026,8,24,0,Monday,0,0,12,Dwadashi (Shukla),0,0,0,0,0,0,0,None,0,0,0,0,0,None,51698,4,5.3,1.7,3.5,3.78,20679,227471,LOW
2026-08-25,2026,8,25,1,Tuesday,0,0,13,Trayodashi (Shukla),0,0,0,0,0,0,0,None,0,0,0,0,0,None,48751,2,4.3,1.6,3.5,3.73,19500,214504,LOW
2026-08-26,2026,8,26,2,Wednesday,0,0,14,Chaturdashi (Shukla),0,0,0,0,0,0,0,None,0,0,0,0,0,None,48000,2,4.0,1.5,3.5,3.71,19200,211200,LOW
2026-08-27,2026,8,27,3,Thursday,0,0,15,Pournami (Full Moon),0,1,0,0,0,0,0,None,0,0,0,0,0,None,58538,10,7.7,2.2,4.2,3.91,23415,257567,LOW
2026-08-28,2026,8,28,4,Friday,0,0,16,Pratipada (Krishna),0,0,0,0,0,0,0,None,1,0,0,0,0,None,48000,2,4.0,1.5,3.5,3.71,19200,211200,LOW
2026-08-29,2026,8,29,5,Saturday,1,0,17,Dwitiya (Krishna),0,0,0,0,0,0,0,None,0,0,0,0,0,None,73110,20,14.7,3.6,8.1,4.19,29244,321684,HIGH
2026-08-30,2026,8,30,6,Sunday,1,0,18,Tritiya (Krishna),0,0,0,0,0,0,0,None,0,0,0,0,0,None,67582,16,11.9,3.1,6.5,4.08,27032,297360,MODERATE
2026-08-31,2026,8,31,0,Monday,0,0,19,Chaturthi (Krishna),0,0,0,0,0,0,0,None,0,0,0,0,0,None,51476,4,5.2,1.7,3.5,3.78,20590,226494,LOW
2026-09-01,2026,9,1,1,Tuesday,0,0,20,Panchami (Krishna),0,0,0,0,0,0,0,None,0,0,0,0,0,None,48000,2,4.0,1.5,3.5,3.71,19200,211200,LOW
2026-09-02,2026,9,2,2,Wednesday,0,0,21,Shasthi (Krishna),0,0,0,0,0,0,0,None,0,0,0,0,0,None,48000,2,4.0,1.5,3.5,3.71,19200,211200,LOW
2026-09-03,2026,9,3,3,Thursday,0,0,22,Saptami (Krishna),0,0,0,0,0,0,0,None,0,0,0,0,0,None,48000,2,4.0,1.5,3.5,3.71,19200,211200,LOW
2026-09-04,2026,9,4,4,Friday,0,0,23,Ashtami (Krishna),0,0,0,0,0,0,0,None,0,0,0,0,0,None,63845,14,10.2,2.7,5.6,4.01,25538,280918,MODERATE
2026-09-05,2026,9,5,5,Saturday,1,0,24,Navami (Krishna),0,0,0,0,0,0,0,None,0,0,0,0,0,None,73443,21,15.0,3.6,8.2,4.2,29377,323149,HIGH
2026-09-06,2026,9,6,6,Sunday,1,0,25,Dashami (Krishna),0,0,0,0,0,0,0,None,0,0,0,0,0,None,64956,14,10.7,2.8,5.9,4.03,25982,285806,MODERATE
2026-09-07,2026,9,7,0,Monday,0,0,26,Ekadashi (Krishna),1,0,0,0,0,0,0,None,0,0,0,0,0,None,61943,12,9.3,2.5,5.1,3.98,24777,272549,LOW
2026-09-08,2026,9,8,1,Tuesday,0,0,27,Dwadashi (Krishna),0,0,0,0,0,0,0,None,0,0,0,0,0,None,48785,2,4.3,1.6,3.5,3.73,19514,214654,LOW
2026-09-09,2026,9,9,2,Wednesday,0,0,28,Trayodashi (Krishna),0,0,0,0,0,0,0,None,0,0,0,0,0,None,48000,2,4.0,1.5,3.5,3.71,19200,211200,LOW
2026-09-10,2026,9,10,3,Thursday,0,0,29,Chaturdashi (Krishna),0,0,0,0,0,0,0,None,0,0,0,0,0,None,48000,2,4.0,1.5,3.5,3.71,19200,211200,LOW
2026-09-11,2026,9,11,4,Friday,0,0,30,Amavasya (New Moon),0,0,1,0,0,0,0,None,0,0,0,0,0,None,61883,12,9.3,2.5,5.1,3.98,24753,272285,LOW
2026-09-12,2026,9,12,5,Saturday,1,1,1,Pratipada (Shukla),0,0,0,0,0,0,0,None,0,0,0,0,0,None,85325,31,23.3,5.5,12.8,4.42,34130,375430,PEAK
2026-09-13,2026,9,13,6,Sunday,1,1,2,Dwitiya (Shukla),0,0,0,0,0,0,0,None,0,0,0,0,0,None,85519,31,23.5,5.6,12.9,4.42,34207,376283,PEAK
2026-09-14,2026,9,14,0,Monday,0,1,3,Tritiya (Shukla),0,0,0,0,0,0,0,None,0,0,0,1,1,Vinayaka Chavithi,86495,31,24.5,5.7,13.5,4.44,34598,380578,PEAK
2026-09-15,2026,9,15,1,Tuesday,0,0,4,Chaturthi (Shukla),0,0,0,0,0,0,0,None,0,0,0,0,0,None,56932,9,7.1,2.1,3.9,3.88,22772,250500,LOW
2026-09-16,2026,9,16,2,Wednesday,0,0,5,Panchami (Shukla),0,0,0,0,0,0,0,None,0,0,0,0,0,None,48000,2,4.0,1.5,3.5,3.71,19200,211200,LOW
2026-09-17,2026,9,17,3,Thursday,0,0,6,Shasthi (Shukla),0,0,0,1,0,0,0,None,0,0,0,0,0,None,49126,2,4.4,1.6,3.5,3.73,19650,216154,LOW
2026-09-18,2026,9,18,4,Friday,0,0,7,Saptami (Shukla),0,0,0,1,0,0,0,None,0,0,0,0,0,None,69266,18,12.7,3.2,7.0,4.12,27706,304770,MODERATE
2026-09-19,2026,9,19,5,Saturday,1,0,8,Ashtami (Shukla),0,0,0,1,1,0,0,None,0,0,0,0,0,None,85566,31,23.6,5.6,13.0,4.43,34226,376490,PEAK
2026-09-20,2026,9,20,6,Sunday,1,0,9,Navami (Shukla),0,0,0,1,0,0,0,None,0,0,0,0,0,None,81636,28,20.4,4.9,11.2,4.35,32654,359198,HIGH
